replication,treatment_proxy,outcome_proxy,sandwich_F_D,proximal_estimate,design_rank
0,paco21,hema1,65.78954912689044,-1.2433103675548827,19
0,paco21,ph1,264.85848224332324,-1.3091498856152863,19
0,pafi1,hema1,19.576891593781276,-1.1487888741065633,19
0,pafi1,ph1,2.350683333237191,-1.3316742489510223,19
1,paco21,hema1,78.99684081336092,-1.2513308923379278,19
1,paco21,ph1,327.7265050460547,-1.4149470809536355,19
1,pafi1,hema1,36.338103413323374,-1.499357810706525,19
1,pafi1,ph1,7.818795582424322,-1.0920411195979325,19
2,paco21,hema1,56.650991857590505,-1.3269019161087414,19
2,paco21,ph1,269.1937117384836,-1.5513630689308227,19
2,pafi1,hema1,28.5650290856332,-1.5068717100650406,19
2,pafi1,ph1,1.3227960288221086,-1.4752193880075866,19
3,paco21,hema1,54.668424601689416,-0.8729122334345528,19
3,paco21,ph1,383.0313333791167,-1.041113345847973,19
3,pafi1,hema1,25.798461379199857,-1.2899018115976009,19
3,pafi1,ph1,0.06230828553350985,-1.7654500124219823,19
4,paco21,hema1,69.23857596014706,-0.8506074373275707,18
4,paco21,ph1,246.17095086553988,-0.9972429404980837,18
4,pafi1,hema1,16.59850152111137,-1.0606327368682162,18
4,pafi1,ph1,0.07970702354956127,-1.2232276731810072,18
5,paco21,hema1,49.49183141506997,-1.5918210503869117,19
5,paco21,ph1,247.59460796793175,-1.6419189956220221,19
5,pafi1,hema1,16.307104284566712,-1.5998725303951398,19
5,pafi1,ph1,3.578583855917462,-1.7242346977738379,19
6,paco21,hema1,48.19039805810324,-1.0904846228295917,19
6,paco21,ph1,328.27332028085345,-1.5577972179711748,19
6,pafi1,hema1,18.729197606652928,-1.7477260597412743,19
6,pafi1,ph1,6.532763350659245,-1.5123312159278859,19
7,paco21,hema1,41.53537443487587,-0.9048391411860613,19
7,paco21,ph1,438.95802892085874,-1.3815888930830191,19
7,pafi1,hema1,15.643485302255423,-1.174817555938013,19
7,pafi1,ph1,3.768762640431942,-1.510157226532414,19
8,paco21,hema1,49.042007814250454,-1.3347337666071297,19
8,paco21,ph1,410.0058650397668,-1.432616008929229,19
8,pafi1,hema1,32.308106661982485,-1.4508566389314237,19
8,pafi1,ph1,6.019879214229547,-1.37809653122872,19
9,paco21,hema1,57.32313174776456,-0.7339265567487946,18
9,paco21,ph1,239.02275012880006,-1.1590210131959255,18
9,pafi1,hema1,18.75268871962392,-1.2652459162534562,18
9,pafi1,ph1,4.684505064089574,-0.777032583493325,18
10,paco21,hema1,49.75682743034729,-0.815155089504111,18
10,paco21,ph1,264.7380027032154,-0.9500870753760795,18
10,pafi1,hema1,37.5190394875625,-0.8431189008568296,18
10,pafi1,ph1,3.0242775434439895,-1.1132162663270728,18
11,paco21,hema1,56.251016898440035,-1.228501543645283,19
11,paco21,ph1,251.78407373756806,-1.265273835686928,19
11,pafi1,hema1,28.21674576758224,-1.445811856820581,19
11,pafi1,ph1,0.6703251568817742,-0.8910509840619485,19
12,paco21,hema1,40.0462491977488,-1.31199822972638,19
12,paco21,ph1,382.7109021313247,-1.4544294341965047,19
12,pafi1,hema1,33.17110848115825,-1.41200126519185,19
12,pafi1,ph1,2.657355607365762,-1.4668985878620884,19
13,paco21,hema1,34.53763897014598,-0.3952880444012046,19
13,paco21,ph1,361.1901007248439,-0.8543804871751158,19
13,pafi1,hema1,20.519873679183647,-0.9219622975299723,19
13,pafi1,ph1,9.524120937344215,-0.8426285143737229,19
14,paco21,hema1,72.17056912160174,-0.6119140268079747,19
14,paco21,ph1,311.78266858390225,-0.9267502489602132,19
14,pafi1,hema1,32.98214304493489,-1.3123906730992538,19
14,pafi1,ph1,0.03755217104261544,-7.008073874866031,19
15,paco21,hema1,64.80902012403094,-1.5507335525087782,19
15,paco21,ph1,396.50903704184293,-1.7640756596926717,19
15,pafi1,hema1,32.30456302008261,-1.8517039289057289,19
15,pafi1,ph1,4.695373529934373,-1.6240008518215352,19
16,paco21,hema1,50.83382701090519,-1.070904234037983,19
16,paco21,ph1,273.71803873317333,-1.3352015872568537,19
16,pafi1,hema1,29.37732980153242,-1.2430876738704049,19
16,pafi1,ph1,3.078936355629533,-1.412127962377634,19
17,paco21,hema1,79.5879381681074,-0.7618624312475133,19
17,paco21,ph1,471.79025248523163,-1.0524290858914356,19
17,pafi1,hema1,31.82077016721477,-1.2418223860453386,19
17,pafi1,ph1,9.923467979895612,-0.993783767933492,19
18,paco21,hema1,42.94724392352577,-1.3737449597581692,19
18,paco21,ph1,327.8826059615444,-1.73043649137184,19
18,pafi1,hema1,35.39331067281002,-1.5701192839506661,19
18,pafi1,ph1,0.16059435562186988,-2.953281779945856,19
19,paco21,hema1,55.32962775706726,-1.4705263547954763,19
19,paco21,ph1,233.8276598158928,-1.654153006239084,19
19,pafi1,hema1,12.064387682032482,-1.9109315648603906,19
19,pafi1,ph1,0.470286567673122,-1.4184496029769502,19
20,paco21,hema1,64.03486112847659,-0.7437173541737191,19
20,paco21,ph1,298.5701391990738,-1.028387298901494,19
20,pafi1,hema1,25.45866518376061,-1.1822076424799564,19
20,pafi1,ph1,4.007198301933706,-0.9764361939451889,19
21,paco21,hema1,59.35099695088235,-1.4480797228039315,19
21,paco21,ph1,301.91404821038356,-1.7109916151617903,19
21,pafi1,hema1,23.982573890266107,-1.9460160599770864,19
21,pafi1,ph1,4.442612490677719,-1.3509330609558796,19
22,paco21,hema1,33.77171541387918,-1.4493479810948882,19
22,paco21,ph1,339.9399532805819,-1.687682406777658,19
22,pafi1,hema1,9.7791733653168,-1.7154546596007585,19
22,pafi1,ph1,1.473603459027643,-1.5908679844591005,19
23,paco21,hema1,63.78749216334043,-0.7624782494664876,19
23,paco21,ph1,407.1536495705881,-0.9562324646941935,19
23,pafi1,hema1,23.006669140145817,-1.0631885274387565,19
23,pafi1,ph1,13.013294064981418,-0.9487972295099893,19
24,paco21,hema1,66.60648662888637,-1.0606712815589474,19
24,paco21,ph1,338.2186229494365,-1.319099834546684,19
24,pafi1,hema1,38.35956693241978,-1.3737954179374972,19
24,pafi1,ph1,0.48332140712075267,-1.2499028468228757,19
25,paco21,hema1,39.74138669767715,-0.8141255538434399,19
25,paco21,ph1,260.2170435239484,-1.0141367034942004,19
25,pafi1,hema1,17.944383103794603,-1.1064230088329632,19
25,pafi1,ph1,1.0247460089131786,-0.8934284932034602,19
26,paco21,hema1,48.62379823879325,-0.9300119586074609,19
26,paco21,ph1,322.7504219184117,-1.166164088765336,19
26,pafi1,hema1,19.044147147705647,-1.486782453141332,19
26,pafi1,ph1,4.000821271550975,-1.2878261046071866,19
27,paco21,hema1,51.64879381106566,-1.1326026322998906,19
27,paco21,ph1,431.8827588780064,-1.422782857426258,19
27,pafi1,hema1,35.976037922758415,-1.3779981811124604,19
27,pafi1,ph1,3.1178468232783287,-1.4285178152611029,19
28,paco21,hema1,53.3760459023795,-1.3964468905869323,19
28,paco21,ph1,420.0043865197252,-1.5152991616976643,19
28,pafi1,hema1,21.103976902822694,-1.5044955130357829,19
28,pafi1,ph1,28.1013100616292,-1.4914232206966993,19
29,paco21,hema1,54.761198085624216,-1.005393226667735,19
29,paco21,ph1,308.0503002822628,-1.1610412179184244,19
29,pafi1,hema1,22.586314894645778,-1.2246926418215407,19
29,pafi1,ph1,6.391078986261651,-1.0796605210279155,19
30,paco21,hema1,40.64614257958776,-1.595732297550544,19
30,paco21,ph1,474.1634052170572,-1.7398393704383035,19
30,pafi1,hema1,52.413821474224456,-1.8567755949856768,19
30,pafi1,ph1,3.7193253348838025,-1.536507385720189,19
31,paco21,hema1,61.05132321710224,-0.844287040582572,19
31,paco21,ph1,399.5568144125988,-1.2560299983159655,19
31,pafi1,hema1,16.097183411586947,-1.1658529698088678,19
31,pafi1,ph1,0.048699014084459556,-1.1142670888676807,19
32,paco21,hema1,68.87825821444,-1.2369313173790926,18
32,paco21,ph1,322.1782849341493,-1.3955631021341524,18
32,pafi1,hema1,28.304831948693508,-1.5201267543574297,18
32,pafi1,ph1,0.5731217593723117,-1.1197891405545513,18
33,paco21,hema1,67.973583088308,-0.9404526534318067,19
33,paco21,ph1,275.116564454814,-1.084007641280209,19
33,pafi1,hema1,32.94179538306523,-1.4604343495220238,19
33,pafi1,ph1,5.808800507237772,-0.9107451070538288,19
34,paco21,hema1,62.603630471829355,-0.9151257440141626,19
34,paco21,ph1,196.48117173495183,-0.9807251849660217,19
34,pafi1,hema1,18.342843429126415,-1.2186922846887522,19
34,pafi1,ph1,1.8199356058599054,-0.5148062116140759,19
35,paco21,hema1,39.46893773593294,-1.541976066741552,19
35,paco21,ph1,316.7729635090972,-1.7643876562076248,19
35,pafi1,hema1,57.89170139707928,-1.7015381123817113,19
35,pafi1,ph1,2.063377271271309,-1.8442944608031726,19
36,paco21,hema1,68.17493261524416,-1.5892884005712145,19
36,paco21,ph1,430.850911776164,-1.7106884868547592,19
36,pafi1,hema1,29.47953444831499,-1.9461348702429764,19
36,pafi1,ph1,3.503983124696175,-1.9124306147965582,19
37,paco21,hema1,57.0020384472418,-1.140629128459168,19
37,paco21,ph1,296.3558945232889,-1.5238554125732764,19
37,pafi1,hema1,25.402074558616086,-1.4479068567530633,19
37,pafi1,ph1,3.1374044359210056,-1.5385175399788462,19
38,paco21,hema1,36.081078574847176,-1.136847381375435,19
38,paco21,ph1,209.64780484746052,-1.2473160795780156,19
38,pafi1,hema1,22.015011029623544,-1.225341161881913,19
38,pafi1,ph1,3.248768937009865,-1.2546353145228086,19
39,paco21,hema1,58.29262890233699,-1.1248865288134635,19
39,paco21,ph1,255.69320605879642,-1.2619471046677253,19
39,pafi1,hema1,11.518696800999518,-1.3163066240466734,19
39,pafi1,ph1,3.2069456483483534,-1.2303505524677432,19
40,paco21,hema1,57.83060765219014,-1.370173436228552,19
40,paco21,ph1,330.05136924617676,-1.4472192131917283,19
40,pafi1,hema1,55.93845668383244,-1.7847832225941258,19
40,pafi1,ph1,12.933350884795951,-1.471645198166262,19
41,paco21,hema1,46.525598380170315,-1.6777945423788168,19
41,paco21,ph1,285.5737089188605,-1.652165677825852,19
41,pafi1,hema1,32.56236564445301,-1.7573306372108939,19
41,pafi1,ph1,0.6309032751309841,-1.7674625992125619,19
42,paco21,hema1,58.151831362048185,-0.8511887822238982,19
42,paco21,ph1,358.0453416569117,-1.2282197615970296,19
42,pafi1,hema1,5.6815414499412125,-0.9435422160483073,19
42,pafi1,ph1,0.458205015144688,-1.38363318765762,19
43,paco21,hema1,43.46991744430212,-1.3460671454761273,18
43,paco21,ph1,316.77546782670214,-1.4238798977299831,18
43,pafi1,hema1,16.344119906383508,-1.3365618841615219,18
43,pafi1,ph1,6.4467871963591,-1.4845575178348849,18
44,paco21,hema1,52.363307217481385,-1.1890842131811434,19
44,paco21,ph1,308.83047185834306,-1.3910247815643335,19
44,pafi1,hema1,41.889028685291954,-1.3901563280946005,19
44,pafi1,ph1,11.37030461445665,-1.283098423839248,19
45,paco21,hema1,43.06519744244964,-1.2322131322682188,19
45,paco21,ph1,313.937795535123,-1.50615109262492,19
45,pafi1,hema1,20.401717622584297,-1.4438760050059285,19
45,pafi1,ph1,0.8133169641457157,-1.4405465830710316,19
46,paco21,hema1,69.43135571406096,-1.2761903927942708,19
46,paco21,ph1,238.000938907177,-1.4996928627383452,19
46,pafi1,hema1,48.54206532248158,-1.5967178943080589,19
46,pafi1,ph1,11.111707980390316,-1.5135162736858911,19
47,paco21,hema1,47.1071149528464,-0.798895030759133,19
47,paco21,ph1,443.3619647287842,-1.048708312140879,19
47,pafi1,hema1,21.634291154733006,-1.2365027520060765,19
47,pafi1,ph1,1.5179138529155476,-0.886848060185659,19
48,paco21,hema1,41.49344028102751,-1.012536672389991,19
48,paco21,ph1,247.53939269651647,-1.3204374139318293,19
48,pafi1,hema1,25.76660654576881,-1.2927629735847184,19
48,pafi1,ph1,8.01094922592715,-1.316564362417815,19
49,paco21,hema1,60.38003048833304,-0.9643433992908239,19
49,paco21,ph1,419.7273145956082,-1.2339838086211565,19
49,pafi1,hema1,35.398422018067656,-1.2462091099977977,19
49,pafi1,ph1,10.19934295398164,-1.2452162820418329,19
50,paco21,hema1,31.67350523799602,-1.256225960510478,19
50,paco21,ph1,390.20413239290394,-1.4264299491556949,19
50,pafi1,hema1,18.595069478497383,-1.5489274425114252,19
50,pafi1,ph1,0.10930072795673285,-1.334469705325099,19
51,paco21,hema1,37.47455512947443,-1.6205949317669357,19
51,paco21,ph1,259.7819987636232,-1.6703935171752187,19
51,pafi1,hema1,18.922526148231544,-1.8940378856854343,19
51,pafi1,ph1,2.4185209550602975,-1.4096622557289427,19
52,paco21,hema1,47.587218509371944,-1.055634239849986,19
52,paco21,ph1,294.18049405227725,-1.3361685843000668,19
52,pafi1,hema1,16.898579124404115,-1.67113303077927,19
52,pafi1,ph1,0.01799427122625575,0.6733823405021299,19
53,paco21,hema1,40.28678322458986,-1.280357288822932,19
53,paco21,ph1,308.0209330360325,-1.5833887389268975,19
53,pafi1,hema1,31.27296261850029,-1.6770371309693313,19
53,pafi1,ph1,8.98366706881301,-1.5091374497357024,19
54,paco21,hema1,46.984149891665574,-1.0786051363853035,19
54,paco21,ph1,265.8649595340806,-1.3471412661966784,19
54,pafi1,hema1,16.73034129779408,-1.6286006277198746,19
54,pafi1,ph1,1.4481385759834613,-0.8904735917723423,19
55,paco21,hema1,51.05392102297287,-0.9480478679880618,19
55,paco21,ph1,327.7863732972869,-1.2885432030771784,19
55,pafi1,hema1,14.902865895341172,-1.2076983162595787,19
55,pafi1,ph1,0.5034401965630347,-1.353565056338062,19
56,paco21,hema1,70.27346183703436,-1.3350035432807517,19
56,paco21,ph1,435.5050671786618,-1.7964234047105767,19
56,pafi1,hema1,36.286932683105874,-1.7079217496039425,19
56,pafi1,ph1,1.6976116719963092,-1.8070728257224458,19
57,paco21,hema1,52.88546028698921,-1.1538538657796695,19
57,paco21,ph1,425.1623947393459,-1.2266140682048732,19
57,pafi1,hema1,16.58822732283786,-1.3160609619043337,19
57,pafi1,ph1,1.8324421534662596,-1.1807149199213323,19
58,paco21,hema1,56.936164232089524,-1.2208235561392646,19
58,paco21,ph1,469.17717821500366,-1.3160977846840398,19
58,pafi1,hema1,28.922765430008287,-1.5781597635447722,19
58,pafi1,ph1,4.662749881124065,-1.3025563016523096,19
59,paco21,hema1,46.28942251628464,-0.8654895744696407,18
59,paco21,ph1,337.89275425081576,-1.2909082615439242,18
59,pafi1,hema1,19.791013404191627,-1.2861683187318818,18
59,pafi1,ph1,1.9791516918212588,-1.2827045627539868,18
60,paco21,hema1,47.268838061513975,-1.0337600514366163,19
60,paco21,ph1,437.10506528431,-1.3636266227515035,19
60,pafi1,hema1,29.030488566095336,-1.4403298369339796,19
60,pafi1,ph1,0.32023368330532825,-0.8742900469740758,19
61,paco21,hema1,45.66491167072793,-1.1260349626183348,19
61,paco21,ph1,307.00687065240663,-1.379317906886702,19
61,pafi1,hema1,17.115308211272815,-1.3408996450181376,19
61,pafi1,ph1,0.3352314734410287,-1.4148259801636516,19
62,paco21,hema1,56.41255350836815,-0.9815256842797611,18
62,paco21,ph1,274.18559047874794,-1.3073641678685355,18
62,pafi1,hema1,22.242917165223034,-1.3336796944820537,18
62,pafi1,ph1,3.6087374421374823,-1.196984763664654,18
63,paco21,hema1,42.296723980395825,-1.1964274254335645,19
63,paco21,ph1,388.6443339887922,-1.3999663083301879,19
63,pafi1,hema1,28.97563446189208,-1.4907297688046284,19
63,pafi1,ph1,7.260328319324807,-1.4168944662954794,19
64,paco21,hema1,51.79761424023167,-1.3313029044909919,19
64,paco21,ph1,263.3041525072405,-1.3740192083737994,19
64,pafi1,hema1,28.057106348508484,-1.6010628090571695,19
64,pafi1,ph1,5.83828926369125,-1.391392873166339,19
65,paco21,hema1,58.744525671986835,-0.7258457613794971,19
65,paco21,ph1,225.1322415722513,-0.9357044856953037,19
65,pafi1,hema1,21.39523775678075,-1.348332874243193,19
65,pafi1,ph1,3.377858209072078,-0.717220592694754,19
66,paco21,hema1,65.35702683697059,-1.4124819162090703,19
66,paco21,ph1,319.0347036440873,-1.5080113739053125,19
66,pafi1,hema1,27.610251903854365,-1.9273513007243912,19
66,pafi1,ph1,4.435335648169252,-1.7415068321493716,19
67,paco21,hema1,49.89057098917714,-1.4683340518593793,19
67,paco21,ph1,338.755336707289,-1.7936171042024973,19
67,pafi1,hema1,17.72589344321966,-1.9019940054837683,19
67,pafi1,ph1,0.36440448021227057,-1.5523248221390744,19
68,paco21,hema1,43.928868422605824,-0.6933630187983095,18
68,paco21,ph1,349.9383760973402,-0.9533206642448514,18
68,pafi1,hema1,14.639458428451944,-1.2406703059441226,18
68,pafi1,ph1,0.6880459999046569,-0.9006989267117458,18
69,paco21,hema1,39.00781492909,-1.4874343437199007,18
69,paco21,ph1,401.2241552632658,-1.525562324954415,18
69,pafi1,hema1,16.245222868955594,-1.6491224175840402,18
69,pafi1,ph1,0.4176396190894576,-1.0045795260628165,18
70,paco21,hema1,61.75704654370749,-1.4251315606747716,18
70,paco21,ph1,319.62124119368326,-1.5068999413406157,18
70,pafi1,hema1,35.28932257747885,-1.5393971956608958,18
70,pafi1,ph1,1.1272577890137723,-1.3953950497822998,18
71,paco21,hema1,51.75612456849459,-1.6200225204280851,18
71,paco21,ph1,256.87935888600794,-1.5005290421900095,18
71,pafi1,hema1,34.226111294642784,-1.8634578149063845,18
71,pafi1,ph1,2.406858709704759,-1.3880808666076647,18
72,paco21,hema1,56.561960918270124,-0.6313925410718256,19
72,paco21,ph1,404.6428399034319,-0.9020078398027787,19
72,pafi1,hema1,36.56169253047899,-0.7847357167405327,19
72,pafi1,ph1,0.530484506954847,-0.9678180203714413,19
73,paco21,hema1,58.44585214278108,-1.3741244606161764,19
73,paco21,ph1,390.1145895802734,-1.487492957781434,19
73,pafi1,hema1,42.40929332642459,-1.5388449013756482,19
73,pafi1,ph1,6.604962432368001,-1.3350388985835089,19
74,paco21,hema1,54.79730271432002,-0.7484823415235635,19
74,paco21,ph1,443.10061872531475,-0.8225456497418028,19
74,pafi1,hema1,25.89051784024953,-0.9464974526096206,19
74,pafi1,ph1,2.248425627886181,-0.8436395868782347,19
75,paco21,hema1,57.573990243326605,-0.628170369663483,19
75,paco21,ph1,329.61429892173817,-0.830650941586169,19
75,pafi1,hema1,40.604337471122335,-0.9537882020277022,19
75,pafi1,ph1,0.7045344858282861,-0.7230717557169606,19
76,paco21,hema1,51.475095497855655,-1.3889517092950274,19
76,paco21,ph1,233.73744937476766,-1.4605990461321585,19
76,pafi1,hema1,15.790713901801514,-1.548962039953376,19
76,pafi1,ph1,0.9857377245495995,-1.4116576588888172,19
77,paco21,hema1,32.87185270417455,-0.8747292370763592,19
77,paco21,ph1,248.31784983160182,-1.3721435882119515,19
77,pafi1,hema1,11.700025741078072,-1.5359610221933262,19
77,pafi1,ph1,2.283373387164481,-1.315780165234863,19
78,paco21,hema1,52.30291986601737,-1.1907128965588403,19
78,paco21,ph1,263.5668169425,-1.6299963646983566,19
78,pafi1,hema1,42.715328875809504,-1.6892247287130306,19
78,pafi1,ph1,0.18132122960660063,-1.3658079127223508,19
79,paco21,hema1,50.159874180993334,-1.3849364431936033,19
79,paco21,ph1,318.6207221777213,-1.600935180306851,19
79,pafi1,hema1,16.649476155722375,-1.4138429031256898,19
79,pafi1,ph1,5.796449453794161,-1.668393448489874,19
80,paco21,hema1,34.05965666332405,-1.0019650496212762,19
80,paco21,ph1,352.27581985407807,-1.1027310060022106,19
80,pafi1,hema1,50.198221625710126,-1.06658455139796,19
80,pafi1,ph1,4.946106813301465,-1.1511032149607843,19
81,paco21,hema1,45.632195754021055,-0.9642263625789063,18
81,paco21,ph1,368.8141410584777,-1.0068822521709744,18
81,pafi1,hema1,43.4827419444913,-1.0656406655061166,18
81,pafi1,ph1,0.007576704392497099,-10.82703874121859,18
82,paco21,hema1,51.053608034512905,-0.7769988122416089,19
82,paco21,ph1,320.5119127960103,-1.162687248144338,19
82,pafi1,hema1,34.37534973903007,-1.1354989925600503,19
82,pafi1,ph1,8.463066634149587,-1.1588729187365974,19
83,paco21,hema1,58.84780309586428,-1.2634720826768058,19
83,paco21,ph1,398.0076277990943,-1.3694820062880413,19
83,pafi1,hema1,12.345992645054984,-1.529881749119269,19
83,pafi1,ph1,4.340346725857785,-1.1983756155041303,19
84,paco21,hema1,52.29197028926695,-1.1083768480922005,19
84,paco21,ph1,305.2395786440286,-1.333156150025491,19
84,pafi1,hema1,14.76860496272139,-1.3537431992366924,19
84,pafi1,ph1,0.01469521099873636,-1.6248784930913642,19
85,paco21,hema1,46.02987667856011,-1.0459946734791137,19
85,paco21,ph1,426.62552627279024,-1.2368555638605212,19
85,pafi1,hema1,31.898800696776078,-1.3819673212977166,19
85,pafi1,ph1,3.998943080924591,-0.9095199349778792,19
86,paco21,hema1,34.91516182952361,-1.3992808624760893,18
86,paco21,ph1,254.41102867251104,-1.4711978315056273,18
86,pafi1,hema1,16.798034472653274,-1.5687133547345846,18
86,pafi1,ph1,0.6214209320536332,-1.457640149899755,18
87,paco21,hema1,45.242128394707684,-0.8826922499170781,19
87,paco21,ph1,293.63918294550274,-0.929649329394023,19
87,pafi1,hema1,25.07889079466114,-0.8226191934771924,19
87,pafi1,ph1,2.5459604529877478,-0.9548767966557011,19
88,paco21,hema1,37.159427413500445,-0.5951645957514575,19
88,paco21,ph1,332.0237351878523,-1.0853380289961423,19
88,pafi1,hema1,3.2149708407315405,-1.5245676798784624,19
88,pafi1,ph1,6.471123593311815,-1.1028344349028278,19
89,paco21,hema1,68.20144990544554,-1.6809403344904554,19
89,paco21,ph1,382.8977863523156,-1.600256332716562,19
89,pafi1,hema1,40.1484855411831,-1.6820955409142284,19
89,pafi1,ph1,0.5447837575081966,-1.515976004940387,19
90,paco21,hema1,49.45232119711011,-1.3800188118863237,19
90,paco21,ph1,234.67432367687064,-1.510494250728917,19
90,pafi1,hema1,32.53650260290723,-1.580851506560851,19
90,pafi1,ph1,0.012337646139157605,-5.092359116628227,19
91,paco21,hema1,50.90286591434738,-1.3081702841817222,19
91,paco21,ph1,372.5109208118863,-1.7191603885340974,19
91,pafi1,hema1,19.47622871638497,-1.3030432269949614,19
91,pafi1,ph1,10.839433242399885,-1.8324206245239358,19
92,paco21,hema1,46.65645895378413,-1.3566318856557396,18
92,paco21,ph1,240.78088107722024,-1.3762990890790412,18
92,pafi1,hema1,25.389941089816517,-1.3806203570409414,18
92,pafi1,ph1,0.23414334635102532,-0.9991516842240227,18
93,paco21,hema1,30.950070285762344,-1.333874210290208,19
93,paco21,ph1,429.1761082258525,-1.2772081300679556,19
93,pafi1,hema1,35.20760920506685,-1.3494937178031938,19
93,pafi1,ph1,0.8072385063303896,-1.2310614882568263,19
94,paco21,hema1,54.9073771696754,-1.314936429177463,19
94,paco21,ph1,412.72751749870844,-1.641636710100524,19
94,pafi1,hema1,30.789254848274336,-2.016996731289846,19
94,pafi1,ph1,1.5781904661707542,-1.551633044175358,19
95,paco21,hema1,69.09638824034734,-0.8958367849882914,19
95,paco21,ph1,383.31932687935824,-0.9605419445972232,19
95,pafi1,hema1,33.64481083173148,-1.0297552723764962,19
95,pafi1,ph1,0.2518683007777497,-0.6232910410166443,19
96,paco21,hema1,59.08587685296002,-1.5356799654677662,19
96,paco21,ph1,222.82262795933244,-1.690083413284833,19
96,pafi1,hema1,28.184864983148557,-1.5841247055151135,19
96,pafi1,ph1,2.7311829136979617,-1.7837748149851358,19
97,paco21,hema1,41.83697891013864,-1.313849730660021,19
97,paco21,ph1,487.1263692791394,-1.5775826752014033,19
97,pafi1,hema1,18.41683663662233,-1.6658628984850876,19
97,pafi1,ph1,2.9113236505189435,-1.4940220794685195,19
98,paco21,hema1,53.653386194921616,-1.376403223930122,19
98,paco21,ph1,414.8072440197696,-1.5361989069955237,19
98,pafi1,hema1,16.113998270331294,-1.460648312339938,19
98,pafi1,ph1,1.5329346572866487,-1.5682086498916135,19
99,paco21,hema1,53.568380972004896,-0.8876460812866748,19
99,paco21,ph1,303.21491053470857,-1.2006799542262119,19
99,pafi1,hema1,20.551213565507485,-1.2194387908669255,19
99,pafi1,ph1,2.756909631534682,-1.177419979903631,19
100,paco21,hema1,45.79621122158542,-1.140514760573882,19
100,paco21,ph1,255.68419659226825,-1.2878529677319723,19
100,pafi1,hema1,17.347538417659354,-1.308742846092632,19
100,pafi1,ph1,1.0176680316196327,-1.1109850429279848,19
101,paco21,hema1,60.30913941831508,-1.2054828618880928,19
101,paco21,ph1,308.6034458094748,-1.43561769931209,19
101,pafi1,hema1,18.143655138389146,-1.3782513122712001,19
101,pafi1,ph1,2.2597738726345273,-1.451094494917878,19
102,paco21,hema1,66.61005551867716,-1.1323165746837072,19
102,paco21,ph1,378.65000199569516,-1.4189710855436086,19
102,pafi1,hema1,57.97734577294399,-1.4687815631737153,19
102,pafi1,ph1,0.4958452860256576,-1.0248781005712282,19
103,paco21,hema1,72.67823418443413,-1.5009583473533712,19
103,paco21,ph1,310.09200798091416,-1.5316571945470505,19
103,pafi1,hema1,52.48109729938007,-1.5233959534114268,19
103,pafi1,ph1,0.39747302091433273,-1.5040700451924995,19
104,paco21,hema1,51.90893107848112,-0.8512873798041797,19
104,paco21,ph1,423.1976140724215,-1.1905386473927595,19
104,pafi1,hema1,29.478386092032416,-1.3678009501375932,19
104,pafi1,ph1,3.8348503335567585,-1.139677836379533,19
105,paco21,hema1,57.653774295769445,-1.0177789295393764,19
105,paco21,ph1,294.67111619673904,-1.2717865893505764,19
105,pafi1,hema1,12.440747166619238,-1.1413727872462847,19
105,pafi1,ph1,6.428526616394174,-1.2818286528107337,19
106,paco21,hema1,42.007051867898,-1.4346048526409863,19
106,paco21,ph1,261.7420820005646,-1.5092518337443916,19
106,pafi1,hema1,31.998312008379376,-1.3828209977464803,19
106,pafi1,ph1,2.2880826018879215,-1.6975837837415968,19
107,paco21,hema1,60.06952985725653,-0.9968050046006832,18
107,paco21,ph1,341.2937975659875,-1.2181223731922581,18
107,pafi1,hema1,11.882217148828902,-1.4607495011078342,18
107,pafi1,ph1,5.823494858670771,-1.1695681595960654,18
108,paco21,hema1,31.86695642122211,-0.8788025757582818,19
108,paco21,ph1,372.00918391181847,-1.523009324570229,19
108,pafi1,hema1,10.484817709911905,-1.107865705926476,19
108,pafi1,ph1,1.0864704371142344,-2.057239252163682,19
109,paco21,hema1,38.054790030302186,-1.2496971466437492,19
109,paco21,ph1,415.215944897886,-1.2704527271096784,19
109,pafi1,hema1,9.768468276224779,-1.4628464979928635,19
109,pafi1,ph1,1.0258668838469691,-1.5171615589859335,19
110,paco21,hema1,71.40279038684064,-1.2774420442647039,19
110,paco21,ph1,239.06988210658534,-1.3695850752944692,19
110,pafi1,hema1,24.893941923289184,-1.5063167644230593,19
110,pafi1,ph1,1.2613051880315378,-0.5430031507959512,19
111,paco21,hema1,47.14583594463817,-1.3940031891656286,19
111,paco21,ph1,292.71957239980287,-1.538799639054564,19
111,pafi1,hema1,24.359575299722522,-1.5905640991110481,19
111,pafi1,ph1,0.011346812059669366,-0.8629948093928183,19
112,paco21,hema1,44.90252592171577,-1.221931673180632,19
112,paco21,ph1,400.73680844740926,-1.3876368908946006,19
112,pafi1,hema1,13.354737656654418,-1.6073442880164408,19
112,pafi1,ph1,1.0712957676783634,-0.7017206373512551,19
113,paco21,hema1,57.26533270316239,-1.0661557970159372,19
113,paco21,ph1,373.19429622115473,-1.1829069295123993,19
113,pafi1,hema1,44.13969296965995,-1.1428183075590195,19
113,pafi1,ph1,0.04877748888190746,-0.9127779373625533,19
114,paco21,hema1,47.181394556854585,-1.161577519527525,19
114,paco21,ph1,267.229471951376,-1.266631694752153,19
114,pafi1,hema1,44.20280833648565,-1.2673524954603301,19
114,pafi1,ph1,5.944565474967752,-1.1565063268336977,19
115,paco21,hema1,28.435885378096504,-1.3380813203886857,18
115,paco21,ph1,467.1140434412166,-1.815156810461044,18
115,pafi1,hema1,41.37503047039159,-1.7728647980046557,18
115,pafi1,ph1,0.10151587202027379,-1.6584375624241872,18
116,paco21,hema1,69.0871875548237,-1.040341913677623,19
116,paco21,ph1,246.36098468900312,-1.3049951088986642,19
116,pafi1,hema1,24.728466143905038,-1.3602548695458503,19
116,pafi1,ph1,8.971241470338908,-1.2855252514243758,19
117,paco21,hema1,52.28158003057754,-1.1233358254897454,19
117,paco21,ph1,433.30867558894516,-1.3068065008922098,19
117,pafi1,hema1,40.464582409547134,-1.3663151975271774,19
117,pafi1,ph1,0.5526039104940369,-1.113790149291192,19
118,paco21,hema1,45.88592426363252,-1.43658305118255,19
118,paco21,ph1,264.2490873194175,-1.5554528634449314,19
118,pafi1,hema1,33.18725808946242,-1.618449995732856,19
118,pafi1,ph1,11.396856752422291,-1.5230529606514784,19
119,paco21,hema1,43.16330336439596,-0.9583377753561186,19
119,paco21,ph1,490.47413886912284,-1.3650856855493902,19
119,pafi1,hema1,47.072379007343365,-1.2860226764701916,19
119,pafi1,ph1,4.703615081370435,-1.3919770721463143,19
120,paco21,hema1,67.1140091549065,-1.3719046496071083,19
120,paco21,ph1,413.60471214184207,-1.5685286173562125,19
120,pafi1,hema1,35.89673263282973,-1.5367484182310274,19
120,pafi1,ph1,0.4285077913906692,-1.6450998916980393,19
121,paco21,hema1,77.04770324325244,-1.3559630212134122,19
121,paco21,ph1,383.7981116063346,-1.5196080393064861,19
121,pafi1,hema1,45.61836517185504,-1.6974925447930223,19
121,pafi1,ph1,0.9252023262395136,-1.303701265317118,19
122,paco21,hema1,58.403806079866406,-0.9997433491885512,19
122,paco21,ph1,244.8138795667008,-1.0344565359075073,19
122,pafi1,hema1,42.404088421554704,-1.0540770492521288,19
122,pafi1,ph1,2.484402690966671,-0.9634348811358076,19
123,paco21,hema1,43.63461127061564,-0.8851426045586471,19
123,paco21,ph1,289.8937790620543,-1.098395503182235,19
123,pafi1,hema1,42.82860418189496,-1.095729657042853,19
123,pafi1,ph1,0.2980480351635057,-0.8048472217832427,19
124,paco21,hema1,31.16573624406795,-1.6672279889743342,18
124,paco21,ph1,256.24895956301765,-1.5079528713839578,18
124,pafi1,hema1,21.91082457514218,-1.9174559209668773,18
124,pafi1,ph1,0.40400309436684906,-0.6835410330530347,18
125,paco21,hema1,56.86704132108205,-1.2954696031999748,19
125,paco21,ph1,307.33160377092116,-1.4684601477289696,19
125,pafi1,hema1,34.368866507803254,-1.6041484613033388,19
125,pafi1,ph1,9.331532570593767,-1.2938611922106058,19
126,paco21,hema1,54.233849095043816,-0.6755855270160159,18
126,paco21,ph1,405.6945054885571,-0.9084291155041403,18
126,pafi1,hema1,19.50060835049134,-0.872305615795888,18
126,pafi1,ph1,6.816161374806578,-0.9073228178959137,18
127,paco21,hema1,52.132816428811765,-0.9191476864440808,19
127,paco21,ph1,288.85703529361683,-1.1036716673152591,19
127,pafi1,hema1,28.421556136097543,-1.0882946753528682,19
127,pafi1,ph1,1.2327511484428801,-0.9757198822736609,19
128,paco21,hema1,45.26775317804674,-0.9778452445272566,19
128,paco21,ph1,310.3269684228449,-1.0896027811865578,19
128,pafi1,hema1,21.158805315594556,-1.1769366635214107,19
128,pafi1,ph1,1.323992546566463,-0.7643039767353769,19
129,paco21,hema1,76.02578844264231,-1.4683665862546342,19
129,paco21,ph1,412.3511623975449,-1.657401709928563,19
129,pafi1,hema1,16.896928800152665,-1.3709746037719721,19
129,pafi1,ph1,1.0756135285909696,-1.9726752905244562,19
130,paco21,hema1,47.30052566723763,-1.2395680825383912,19
130,paco21,ph1,319.48399648932735,-1.5006422093462803,19
130,pafi1,hema1,24.913662370114398,-1.6020732282021017,19
130,pafi1,ph1,0.4824153149797392,-0.38365634831067774,19
131,paco21,hema1,54.38449638943947,-1.36899469787886,19
131,paco21,ph1,399.32545701487317,-1.7428208989354077,19
131,pafi1,hema1,13.619717169270515,-2.0731618523354487,19
131,pafi1,ph1,4.96093575954679,-1.6744831276331116,19
132,paco21,hema1,36.68083068931198,-1.5716011678280635,19
132,paco21,ph1,371.3651772121274,-1.4374814266871094,19
132,pafi1,hema1,40.673826088025436,-1.4713599346222075,19
132,pafi1,ph1,0.7549552922727082,-1.444726817619274,19
133,paco21,hema1,54.97229805916613,-0.7712941388091396,19
133,paco21,ph1,477.56690168969965,-0.9618345765303974,19
133,pafi1,hema1,24.579369621672623,-1.1620485814772084,19
133,pafi1,ph1,0.30713276221398844,-0.36493857042575784,19
134,paco21,hema1,56.877611846935345,-1.6861196509837,19
134,paco21,ph1,321.046495151441,-1.8494804901611948,19
134,pafi1,hema1,45.48846823673753,-1.687067096104204,19
134,pafi1,ph1,11.249542424141426,-1.90368657192285,19
135,paco21,hema1,55.054079561731406,-0.9905035652007149,19
135,paco21,ph1,308.85819836069544,-1.0359002812109734,19
135,pafi1,hema1,49.61636272531944,-0.923527690456173,19
135,pafi1,ph1,0.5249660114788348,-1.3445620597768655,19
136,paco21,hema1,49.866836993898616,-1.5468718202521001,19
136,paco21,ph1,315.80994949937974,-1.5987229702372565,19
136,pafi1,hema1,25.390951079788678,-1.6195967327230976,19
136,pafi1,ph1,1.6615301713348234,-1.5204606369868725,19
137,paco21,hema1,37.526060412988976,-1.1031127837085197,19
137,paco21,ph1,304.1704679983173,-1.3695164813189926,19
137,pafi1,hema1,56.1171372780197,-1.2905301476672209,19
137,pafi1,ph1,6.994965322268358,-1.4440696455325697,19
138,paco21,hema1,50.59664827377014,-1.0273923538509102,19
138,paco21,ph1,414.5099306808369,-1.3469439712837161,19
138,pafi1,hema1,23.223638178960908,-1.4290458513746647,19
138,pafi1,ph1,0.9719650434473278,-0.954098392226757,19
139,paco21,hema1,56.564600214205704,-1.0518148271777878,19
139,paco21,ph1,264.8532254989554,-1.1976090481753436,19
139,pafi1,hema1,33.94461159768958,-1.4069649804896862,19
139,pafi1,ph1,2.9759606030775223,-0.6945195976503665,19
140,paco21,hema1,45.69435063765475,-1.3566544445444826,19
140,paco21,ph1,417.3686516916575,-1.5508235643163517,19
140,pafi1,hema1,27.77221088068866,-1.7261834523892843,19
140,pafi1,ph1,0.14327627724594827,-0.8546702974052556,19
141,paco21,hema1,41.102327054739696,-1.0856818258121046,19
141,paco21,ph1,446.6598107577069,-1.2310446392161845,19
141,pafi1,hema1,18.80213491321917,-1.4764910615687394,19
141,pafi1,ph1,0.16394880576875656,-2.173602320726617,19
142,paco21,hema1,55.2046793479614,-1.5014647476160772,19
142,paco21,ph1,422.48827005186,-1.690203176930259,19
142,pafi1,hema1,35.03539554618182,-1.7357677689482511,19
142,pafi1,ph1,1.118413396469569,-1.720491483032277,19
143,paco21,hema1,65.03130203447706,-1.2953115738014636,19
143,paco21,ph1,273.4655739230012,-1.485921345669946,19
143,pafi1,hema1,38.290981374612855,-1.516733891798766,19
143,pafi1,ph1,2.8914417104209194,-1.3979145268634057,19
144,paco21,hema1,56.172967978384115,-1.4093097919654014,19
144,paco21,ph1,244.00532391874063,-1.3592409929567297,19
144,pafi1,hema1,20.48214742554402,-1.5905040651641817,19
144,pafi1,ph1,5.083277070377864,-1.3628958529081685,19
145,paco21,hema1,62.96236654911592,-1.4132094281415493,19
145,paco21,ph1,327.07261140158226,-1.6750459751641953,19
145,pafi1,hema1,42.725561809533886,-1.742364745069343,19
145,pafi1,ph1,2.7145000387655176,-1.764982559814017,19
146,paco21,hema1,50.833823404207536,-0.9111616380194468,19
146,paco21,ph1,324.13021263831644,-0.9856324472826484,19
146,pafi1,hema1,22.1737689954753,-0.9417392561233545,19
146,pafi1,ph1,10.404432790885798,-0.9702071733397231,19
147,paco21,hema1,40.24341688114181,-1.226544835663714,19
147,paco21,ph1,333.17821748290476,-1.57389927493171,19
147,pafi1,hema1,17.262568047820984,-2.1759035482038396,19
147,pafi1,ph1,2.374866023638909,-0.6070095478975569,19
148,paco21,hema1,72.93857439227345,-1.550853024069581,19
148,paco21,ph1,273.5618843080783,-1.676248176783235,19
148,pafi1,hema1,38.01670668977659,-1.836114692906575,19
148,pafi1,ph1,3.241674518231271,-1.2509987125632787,19
149,paco21,hema1,77.01496747841895,-1.584020244743325,19
149,paco21,ph1,207.48615099722284,-1.6488680963128959,19
149,pafi1,hema1,29.462321754954754,-2.077904080634597,19
149,pafi1,ph1,0.11139172544230401,-0.6546423511540377,19
150,paco21,hema1,60.656106593039745,-1.5046158901714632,19
150,paco21,ph1,372.9886118950249,-1.6292121884352735,19
150,pafi1,hema1,28.89084208187894,-1.6630461423267917,19
150,pafi1,ph1,0.8679919627293023,-1.5801800053823016,19
151,paco21,hema1,43.109209333858296,-1.1705224763024988,19
151,paco21,ph1,255.5429458602823,-1.3143434976206383,19
151,pafi1,hema1,24.9933522331091,-1.4968760563851704,19
151,pafi1,ph1,2.1229820970914317,-1.3588253976522942,19
152,paco21,hema1,51.73671014282097,-1.7515307233375952,19
152,paco21,ph1,307.5518388897933,-1.7542029179950374,19
152,pafi1,hema1,14.972787107490598,-1.8471185983797538,19
152,pafi1,ph1,7.7851822895197555,-1.66890792479026,19
153,paco21,hema1,54.954302597129036,-1.0626626573531728,19
153,paco21,ph1,392.8026701127516,-1.1843070552313342,19
153,pafi1,hema1,45.39488177607754,-1.2557443198070997,19
153,pafi1,ph1,11.678557270807232,-1.2068963571710747,19
154,paco21,hema1,60.40432329726225,-1.5681848321796146,19
154,paco21,ph1,320.6567989587248,-1.6276249552795268,19
154,pafi1,hema1,26.87065285217956,-1.8135030974712376,19
154,pafi1,ph1,2.020494814055009,-1.1160158076718605,19
155,paco21,hema1,50.88623551878538,-1.1349225780434895,19
155,paco21,ph1,393.6745146346506,-1.3031285842533717,19
155,pafi1,hema1,41.13961966071565,-1.5974280108623131,19
155,pafi1,ph1,1.1382446050116768,-0.9064696132049154,19
156,paco21,hema1,40.558145235862106,-1.642756494020838,19
156,paco21,ph1,283.7588224696144,-1.836671188793183,19
156,pafi1,hema1,17.29876630124652,-1.7985244883387053,19
156,pafi1,ph1,18.87464057496986,-1.8365135745910672,19
157,paco21,hema1,43.295792735078976,-1.036695143718445,19
157,paco21,ph1,406.4075473058949,-1.2924119324839636,19
157,pafi1,hema1,21.67811892671042,-1.43275186571765,19
157,pafi1,ph1,0.584742347375947,-0.7309602503623275,19
158,paco21,hema1,60.21402686827593,-1.5641967587124117,19
158,paco21,ph1,524.6112058255205,-1.7175480400381646,19
158,pafi1,hema1,27.49789223358816,-1.6397578224914588,19
158,pafi1,ph1,5.1290140775561035,-1.7136409207206815,19
159,paco21,hema1,37.76694098795302,-1.3579831921907481,19
159,paco21,ph1,379.16130903044757,-1.6463553818631467,19
159,pafi1,hema1,20.166646065321444,-1.74543024217587,19
159,pafi1,ph1,0.991086404508813,-1.550048253800473,19
160,paco21,hema1,45.280500799484344,-1.7242901661553598,19
160,paco21,ph1,261.33681129551036,-1.8495161783220029,19
160,pafi1,hema1,5.706320376905566,-2.2807650568584696,19
160,pafi1,ph1,1.8143976548008849,-1.3969933188363888,19
161,paco21,hema1,44.00557204176476,-1.134835827002628,19
161,paco21,ph1,251.65125209889302,-1.1562229782896363,19
161,pafi1,hema1,9.475915313653779,-1.7569781397985271,19
161,pafi1,ph1,2.785850064561924,-1.0487687993276025,19
162,paco21,hema1,42.92159173574099,-0.836261072437354,19
162,paco21,ph1,408.72561151718844,-1.0815813525012254,19
162,pafi1,hema1,22.26096797657526,-1.2653081262618318,19
162,pafi1,ph1,0.15928792985751572,-0.22218730172430512,19
163,paco21,hema1,68.49606981268542,-1.2267139151521422,19
163,paco21,ph1,329.5781288526079,-1.374351216361063,19
163,pafi1,hema1,53.63081838398,-1.5776711703756996,19
163,pafi1,ph1,2.8418117114408927,-1.1952306133887296,19
164,paco21,hema1,54.47980479010525,-1.348865469949592,19
164,paco21,ph1,329.47048258027957,-1.33666466069537,19
164,pafi1,hema1,32.47800514069192,-1.419831942248313,19
164,pafi1,ph1,0.023950861084215857,-1.2876785455724753,19
165,paco21,hema1,38.44990828815891,-0.9885738867471737,19
165,paco21,ph1,435.55220971006764,-1.306657097369818,19
165,pafi1,hema1,29.034555625971336,-1.16179484222509,19
165,pafi1,ph1,1.4267150127381658,-1.517121040273886,19
166,paco21,hema1,51.82677603792631,-0.8675125017751528,19
166,paco21,ph1,391.5468986315898,-1.0820410189004728,19
166,pafi1,hema1,24.91513220998769,-1.0151238104537312,19
166,pafi1,ph1,0.012589833743004243,-0.08217113557194423,19
167,paco21,hema1,42.5220720269254,-0.9057972404239142,19
167,paco21,ph1,450.22758889824763,-1.3663425813478818,19
167,pafi1,hema1,6.151359925836122,-0.7286498071509705,19
167,pafi1,ph1,0.24554955431063186,-2.332865904746509,19
168,paco21,hema1,66.3528879945322,-1.2975953261687094,19
168,paco21,ph1,405.7002188863154,-1.4597633575907742,19
168,pafi1,hema1,32.35241037274841,-1.5067117417579683,19
168,pafi1,ph1,1.0198685221036823,-1.1357423302848977,19
169,paco21,hema1,46.43000563299263,-1.039930224595738,19
169,paco21,ph1,418.84272510739714,-1.0966609080157634,19
169,pafi1,hema1,7.511475965697481,-0.9893749181644228,19
169,pafi1,ph1,6.457165231813225,-1.123174678882155,19
170,paco21,hema1,48.374720848405694,-0.7885204782198334,19
170,paco21,ph1,327.192133349518,-1.413326728600848,19
170,pafi1,hema1,36.63778950816776,-1.2588278701551896,19
170,pafi1,ph1,0.3039105742392963,-1.7348195699266544,19
171,paco21,hema1,44.481790172603105,-1.1488060783695233,19
171,paco21,ph1,438.34650420736455,-1.2557771683873875,19
171,pafi1,hema1,22.673170253214337,-1.3439805122873332,19
171,pafi1,ph1,0.19216423221724538,-1.3686328070078737,19
172,paco21,hema1,50.441120203009056,-0.9919934013607276,19
172,paco21,ph1,335.03750048281137,-1.4192003723289235,19
172,pafi1,hema1,32.110343138221964,-1.3756489231334665,19
172,pafi1,ph1,4.85306518735834,-1.4033464610196196,19
173,paco21,hema1,71.3821647541891,-0.9231725892781157,19
173,paco21,ph1,389.325401936575,-1.048225570091309,19
173,pafi1,hema1,50.6651759007239,-1.3113401084926666,19
173,pafi1,ph1,3.0056738497555218,-0.9341312175478121,19
174,paco21,hema1,39.52894804093506,-1.5398302889603606,19
174,paco21,ph1,316.97468438099685,-1.6617034330607297,19
174,pafi1,hema1,21.842527766221867,-1.6266967128987548,19
174,pafi1,ph1,5.8342982825508205,-1.6033398916596782,19
175,paco21,hema1,52.053911135564306,-0.805023290210216,18
175,paco21,ph1,310.96901246112645,-1.1077379590367058,18
175,pafi1,hema1,24.74818116789752,-0.9551305590820248,18
175,pafi1,ph1,6.039241764472277,-1.1967007404895498,18
176,paco21,hema1,43.64130536758763,-1.1628839374760382,18
176,paco21,ph1,322.3538470391865,-1.3332700916383946,18
176,pafi1,hema1,13.610492986378496,-1.4369182244978895,18
176,pafi1,ph1,9.252789189292395,-1.2319136591595539,18
177,paco21,hema1,60.47358719357424,-1.4476281259768256,19
177,paco21,ph1,320.16192192792346,-1.567012384422453,19
177,pafi1,hema1,33.691880825519554,-1.5754246723867706,19
177,pafi1,ph1,2.0533054169338185,-1.4838029426838886,19
178,paco21,hema1,53.07687456508461,-0.9920241269111403,19
178,paco21,ph1,273.54713779925686,-1.134416872712206,19
178,pafi1,hema1,51.96325588332151,-1.0851665431392017,19
178,pafi1,ph1,7.421202148859758,-1.1636565535326888,19
179,paco21,hema1,57.719533773920645,-1.118643566384598,19
179,paco21,ph1,295.72826027125814,-1.1436012671826759,19
179,pafi1,hema1,43.945086812013855,-0.9855529601907954,19
179,pafi1,ph1,10.061552652008794,-1.2062262186196964,19
180,paco21,hema1,44.23013207007089,-1.5667008312110782,19
180,paco21,ph1,264.3325263020156,-1.6611646996725635,19
180,pafi1,hema1,35.98892687480331,-1.649579161488472,19
180,pafi1,ph1,6.824916180277321,-1.6595313506887241,19
181,paco21,hema1,57.35353132974547,-0.8587647677574041,19
181,paco21,ph1,280.82159687132213,-1.079941038667941,19
181,pafi1,hema1,26.358831684369157,-1.274860295090872,19
181,pafi1,ph1,1.9919271779233785,-1.0263241607691411,19
182,paco21,hema1,72.46815248765441,-1.2847119173340695,19
182,paco21,ph1,269.94077916266065,-1.3653421081954686,19
182,pafi1,hema1,28.722361173178363,-1.3626767550790015,19
182,pafi1,ph1,1.8324124123474688,-1.3625731396221523,19
183,paco21,hema1,55.669779998286984,-1.287876684091656,19
183,paco21,ph1,299.5808195398002,-1.5112063311983792,19
183,pafi1,hema1,63.68261483198902,-1.602185283226265,19
183,pafi1,ph1,10.238572042704531,-1.4834391390424002,19
184,paco21,hema1,59.454346138507375,-1.4186877357740457,18
184,paco21,ph1,294.7397363547705,-1.6675385940464515,18
184,pafi1,hema1,30.572744496256423,-1.4306312090169042,18
184,pafi1,ph1,3.3557523947653904,-2.0005371149219195,18
185,paco21,hema1,59.53745143201067,-0.7319487218366663,18
185,paco21,ph1,329.5087601178541,-1.0176355417478795,18
185,pafi1,hema1,17.937499543375903,-0.999563318558379,18
185,pafi1,ph1,7.886886083928525,-0.991368249568407,18
186,paco21,hema1,49.00627243596114,-1.524582292406721,19
186,paco21,ph1,456.64207807356735,-1.7200493630453844,19
186,pafi1,hema1,25.60684726521035,-1.7664451775480963,19
186,pafi1,ph1,1.9946165729558256,-1.754041238577134,19
187,paco21,hema1,52.61849691250137,-1.0495425232379456,19
187,paco21,ph1,257.714994515269,-1.1488697152177108,19
187,pafi1,hema1,33.256074746851795,-1.295736635894573,19
187,pafi1,ph1,5.930152104685088,-1.077014708746764,19
188,paco21,hema1,45.47059427497041,-1.2515215730266782,19
188,paco21,ph1,239.94666873038182,-1.2910320087284866,19
188,pafi1,hema1,37.7124332381248,-1.1033268559626161,19
188,pafi1,ph1,6.248224082553905,-1.3028746828183801,19
189,paco21,hema1,55.4641108651926,-1.330979608904428,19
189,paco21,ph1,406.0436980082154,-1.5289146980784245,19
189,pafi1,hema1,31.105252725473253,-1.8582083484969845,19
189,pafi1,ph1,0.8440313729216129,-0.7873753498539934,19
190,paco21,hema1,37.35095708283088,-1.1581437300386357,19
190,paco21,ph1,335.5898256203378,-1.1530955387862458,19
190,pafi1,hema1,29.548142873787388,-1.270611728325388,19
190,pafi1,ph1,1.7279946995284086,-0.8067660871183496,19
191,paco21,hema1,52.52115494149282,-0.8895794986808832,19
191,paco21,ph1,430.4855455506853,-1.376884610553843,19
191,pafi1,hema1,14.195800283030925,-0.9803861211165407,19
191,pafi1,ph1,4.412302261341397,-1.7139441762083183,19
192,paco21,hema1,41.372284719066755,-0.9982639458677021,19
192,paco21,ph1,298.7458319861934,-1.0905924247947891,19
192,pafi1,hema1,20.248158658352,-1.318110294284668,19
192,pafi1,ph1,6.782189608898315,-0.863109859615514,19
193,paco21,hema1,59.12805378495749,-1.0578443929349663,19
193,paco21,ph1,414.59593089270663,-1.3378210398403787,19
193,pafi1,hema1,34.806683524121546,-1.1109648858803451,19
193,pafi1,ph1,4.114216299684174,-1.5500776402819212,19
194,paco21,hema1,51.30227497998637,-0.8474355344484,19
194,paco21,ph1,405.23158956393024,-1.1621321125869786,19
194,pafi1,hema1,20.640512428388543,-1.4385695137207557,19
194,pafi1,ph1,1.4974045037614243,-0.3160683977421444,19
195,paco21,hema1,71.41820602910153,-0.818115946778425,19
195,paco21,ph1,261.580448182413,-0.9252557876797254,19
195,pafi1,hema1,27.35588459993489,-1.070127408115942,19
195,pafi1,ph1,3.9629488067266143,-0.5813462738004952,19
196,paco21,hema1,61.932981821834076,-0.8413436532266019,19
196,paco21,ph1,409.9511088579066,-1.0649498526453578,19
196,pafi1,hema1,24.868583534603825,-1.3666982503958454,19
196,pafi1,ph1,17.23054343604315,-1.0583665598065886,19
197,paco21,hema1,73.24366369621247,-1.134334430414454,19
197,paco21,ph1,159.77714239346213,-1.2764606731727923,19
197,pafi1,hema1,47.739226246404456,-1.2390946646369971,19
197,pafi1,ph1,0.5163691984471397,-1.3206991210833379,19
198,paco21,hema1,60.37875584986085,-0.7406398290231159,19
198,paco21,ph1,300.6913564702318,-1.0618290162905626,19
198,pafi1,hema1,19.547011846373227,-0.8995050492783442,19
198,pafi1,ph1,10.46192497361815,-1.1296177480404046,19
199,paco21,hema1,52.70837374336119,-1.1927900686591215,19
199,paco21,ph1,323.90015522820573,-1.2385928486983397,19
199,pafi1,hema1,25.759639965239842,-1.478081938662809,19
199,pafi1,ph1,1.4963327876011245,-0.80060948767571,19
200,paco21,hema1,60.29754551374434,-1.0265096130608524,19
200,paco21,ph1,262.41691904082444,-1.14565417901414,19
200,pafi1,hema1,21.36127370300351,-1.0441022953452064,19
200,pafi1,ph1,3.346951587034695,-1.1112430108606592,19
201,paco21,hema1,56.20540937119845,-0.8119547471567353,18
201,paco21,ph1,287.0939170019604,-0.9917006411406064,18
201,pafi1,hema1,28.81243594210438,-1.0703061422636204,18
201,pafi1,ph1,0.17839213309138718,-1.0517927596979475,18
202,paco21,hema1,54.153113037701985,-0.5204353333960462,19
202,paco21,ph1,291.4263888798957,-0.8610946143620491,19
202,pafi1,hema1,26.439329878950566,-1.0799096219727247,19
202,pafi1,ph1,0.01065716288133418,1.5181775632783983,19
203,paco21,hema1,42.23984675144975,-0.9489184141218354,19
203,paco21,ph1,255.11991477649246,-1.4104796670398485,19
203,pafi1,hema1,16.37673631955432,-1.4648383200126207,19
203,pafi1,ph1,2.499237513464642,-1.4050078907999508,19
204,paco21,hema1,46.85785598394833,-1.2446991581983164,19
204,paco21,ph1,285.8595834245698,-1.4509766619268745,19
204,pafi1,hema1,36.34476588858866,-1.4962720770482956,19
204,pafi1,ph1,6.036476038717131,-1.4997161302252775,19
205,paco21,hema1,76.22040188125378,-0.6700720903423242,19
205,paco21,ph1,393.9013730048025,-0.7646343576498834,19
205,pafi1,hema1,43.86887366107138,-0.8738570112516232,19
205,pafi1,ph1,4.650601674377731,-0.9846370467603716,19
206,paco21,hema1,56.35300925975416,-0.8906405474741814,19
206,paco21,ph1,304.4975687309131,-1.003426876288778,19
206,pafi1,hema1,27.691422641859656,-1.419705055819231,19
206,pafi1,ph1,0.2646327468444036,0.5795411341811947,19
207,paco21,hema1,72.49252703916162,-1.0678519676678402,19
207,paco21,ph1,436.71892240599664,-1.3437671699546818,19
207,pafi1,hema1,54.522023806635204,-1.3132277800521128,19
207,pafi1,ph1,4.731247702655325,-1.3383419528354155,19
208,paco21,hema1,49.93555663249556,-0.8852833571692079,19
208,paco21,ph1,284.05880081181186,-1.224162930066658,19
208,pafi1,hema1,22.80407080440279,-1.4725069180979449,19
208,pafi1,ph1,0.16978644378331764,0.5563109998136899,19
209,paco21,hema1,33.41470332153237,-1.345880362097584,19
209,paco21,ph1,331.99816697889963,-1.5541588773083455,19
209,pafi1,hema1,19.46904956549954,-1.8499452587836107,19
209,pafi1,ph1,10.536966330581409,-1.2913499091379528,19
210,paco21,hema1,52.18329855744195,-1.1210180862026753,19
210,paco21,ph1,230.48243956561416,-1.2678170155811899,19
210,pafi1,hema1,38.93154761074056,-1.3247685213972695,19
210,pafi1,ph1,5.85787175137331,-1.1527161299033013,19
211,paco21,hema1,44.007657948260984,-0.5204343988310284,19
211,paco21,ph1,353.101027991107,-0.8455433019565142,19
211,pafi1,hema1,37.47446976242551,-0.8505240090294692,19
211,pafi1,ph1,7.123730311476665,-0.787112496113469,19
212,paco21,hema1,41.02854333586735,-0.9722457803824746,18
212,paco21,ph1,349.0740366161674,-1.2012832885955786,18
212,pafi1,hema1,38.70989937467163,-1.2628977547042555,18
212,pafi1,ph1,3.8966728054863218,-1.148782309445829,18
213,paco21,hema1,25.657907767936827,-1.076742245061413,19
213,paco21,ph1,316.399197390156,-1.618729264793301,19
213,pafi1,hema1,17.8616499647251,-1.8015325017179074,19
213,pafi1,ph1,1.1822271883184283,-1.360490454249256,19
214,paco21,hema1,43.47206661917296,-1.0377033428356703,19
214,paco21,ph1,285.6697240070731,-1.2587407633720604,19
214,pafi1,hema1,20.418958786401177,-1.1412732429663255,19
214,pafi1,ph1,17.880134428667567,-1.2855508040076447,19
215,paco21,hema1,35.94110560373796,-1.471735798450268,18
215,paco21,ph1,324.28173560104915,-1.559943343623758,18
215,pafi1,hema1,29.75306519538804,-1.6663026773739424,18
215,pafi1,ph1,0.3663014077912325,-1.499843691060674,18
216,paco21,hema1,42.7447818495743,-0.9509540433004489,19
216,paco21,ph1,256.60930575456933,-1.2150479622837018,19
216,pafi1,hema1,28.616703844960856,-0.7266495470142194,19
216,pafi1,ph1,0.5202800647108707,-1.3368618485396542,19
217,paco21,hema1,33.87574643919318,-0.5741781122377997,19
217,paco21,ph1,421.7456011778091,-1.0258926100189307,19
217,pafi1,hema1,29.42294103994912,-1.3787420472693825,19
217,pafi1,ph1,0.26838474736598256,-1.4910732043204094,19
218,paco21,hema1,43.136529088084544,-0.6881303276755568,19
218,paco21,ph1,369.1605038417427,-1.2431463699165832,19
218,pafi1,hema1,15.653053734651037,-1.5324128918980717,19
218,pafi1,ph1,2.296886987089994,-1.017422187001938,19
219,paco21,hema1,48.42114850626613,-0.896433977213964,19
219,paco21,ph1,407.8217438190092,-1.0143448532938586,19
219,pafi1,hema1,32.545089271682706,-1.038007554254296,19
219,pafi1,ph1,1.4769296968952725,-1.0404252412650277,19
220,paco21,hema1,50.62282306118325,-1.570839066181862,19
220,paco21,ph1,199.6229190333986,-1.721875882722396,19
220,pafi1,hema1,38.07788999844146,-1.745550966896776,19
220,pafi1,ph1,4.0253040583041,-1.7170498618926677,19
221,paco21,hema1,82.34172456636433,-1.328000129311061,19
221,paco21,ph1,331.0480985636099,-1.391646010682407,19
221,pafi1,hema1,36.78249090442878,-1.7592691575269812,19
221,pafi1,ph1,7.642220363073639,-1.4291214738434093,19
222,paco21,hema1,57.275547357915634,-1.7167817076715308,19
222,paco21,ph1,381.40438382569516,-1.9932782441360368,19
222,pafi1,hema1,34.170642567951894,-1.8907235153804889,19
222,pafi1,ph1,1.2282974190496112,-2.084555225125643,19
223,paco21,hema1,51.23976832786438,-0.7945199761660621,19
223,paco21,ph1,440.8994188211471,-0.9587363426898828,19
223,pafi1,hema1,29.82754649140613,-1.043455881595221,19
223,pafi1,ph1,3.0621874136884717,-0.4784527042593562,19
224,paco21,hema1,52.34454544253326,-1.2694578015575098,19
224,paco21,ph1,222.4412184921798,-1.4659922929007592,19
224,pafi1,hema1,48.842809550527164,-1.420928965039276,19
224,pafi1,ph1,2.8072129843522977,-1.3060971226190452,19
225,paco21,hema1,57.89364650173442,-1.1283929548583838,19
225,paco21,ph1,239.1852674964032,-1.2032644402368045,19
225,pafi1,hema1,24.35658076963215,-1.2408597361692735,19
225,pafi1,ph1,5.519502108962704,-1.1109780397417517,19
226,paco21,hema1,61.63265707426451,-1.0398255340242522,19
226,paco21,ph1,241.8729861290072,-1.1575526635989102,19
226,pafi1,hema1,16.02175190296094,-1.1637848509403301,19
226,pafi1,ph1,0.143367192943427,-1.194454748764392,19
227,paco21,hema1,31.988159750971118,-0.8955126975334585,19
227,paco21,ph1,380.19498294103175,-1.2542872904698374,19
227,pafi1,hema1,31.653595575876018,-1.2011146903761052,19
227,pafi1,ph1,0.04408275239309979,-1.4000192303793177,19
228,paco21,hema1,57.46326002297107,-0.9386982215138993,19
228,paco21,ph1,293.04506054069464,-1.1755547797967947,19
228,pafi1,hema1,38.82101680824626,-1.1773244849301565,19
228,pafi1,ph1,2.7309706692221836,-1.12593338608831,19
229,paco21,hema1,59.75860131584163,-1.1343800988383654,19
229,paco21,ph1,281.61949687659444,-1.2064648009066827,19
229,pafi1,hema1,9.580990944360359,-1.1329703969808826,19
229,pafi1,ph1,2.987982698101686,-1.1576522540628358,19
230,paco21,hema1,69.35716036652478,-0.4578804392103953,19
230,paco21,ph1,450.97412777019207,-0.6536793035645773,19
230,pafi1,hema1,15.33964062277028,-0.7841094248652426,19
230,pafi1,ph1,4.733925358614633,-0.7174943479449307,19
231,paco21,hema1,66.5350128066476,-1.7757887176781533,18
231,paco21,ph1,326.31879813446295,-1.8206234983909082,18
231,pafi1,hema1,26.94759793572766,-2.032241703841648,18
231,pafi1,ph1,16.232833339239143,-1.7379957694416088,18
232,paco21,hema1,78.73292203776505,-1.0224132903551166,19
232,paco21,ph1,319.60690979018057,-1.3418640057800761,19
232,pafi1,hema1,44.46119633594574,-1.6702726540390895,19
232,pafi1,ph1,1.6362710611278222,-0.7516580634057451,19
233,paco21,hema1,43.25857312374547,-1.691882539705824,19
233,paco21,ph1,302.7010898830603,-1.8609135586054153,19
233,pafi1,hema1,44.7693101992821,-1.769350408280646,19
233,pafi1,ph1,3.2579142229429796,-1.8968962498552555,19
234,paco21,hema1,59.644549540632276,-1.0707909159269875,19
234,paco21,ph1,309.56409047956134,-1.2401879921263006,19
234,pafi1,hema1,14.891735541916436,-1.3655636608213169,19
234,pafi1,ph1,9.607115314473097,-1.092061175787027,19
235,paco21,hema1,47.49630644388967,-0.4221345776247288,19
235,paco21,ph1,340.351950575462,-0.5482907280401451,19
235,pafi1,hema1,46.78007888808436,-0.6283631454751798,19
235,pafi1,ph1,8.192154621334936,-0.5220441692210283,19
236,paco21,hema1,47.195405055064306,-0.7499593745105443,19
236,paco21,ph1,435.4966692471656,-1.0703438922755888,19
236,pafi1,hema1,27.36127766167333,-1.0809006937973207,19
236,pafi1,ph1,0.7641000407868725,-1.0678116821921795,19
237,paco21,hema1,59.20098503276536,-0.7646830896271112,18
237,paco21,ph1,469.3182526038579,-1.0296398248065317,18
237,pafi1,hema1,34.039666651261165,-1.1828996924512247,18
237,pafi1,ph1,3.9544956349761438,-0.9100760413562243,18
238,paco21,hema1,52.17540502318199,-0.9715594291968939,18
238,paco21,ph1,412.71452895937114,-1.489131040564368,18
238,pafi1,hema1,31.317377907466355,-1.4415214225173374,18
238,pafi1,ph1,8.197354503048233,-1.4839471599028646,18
239,paco21,hema1,55.81940416993259,-1.000411434269172,18
239,paco21,ph1,388.88446258761064,-1.0984757141255683,18
239,pafi1,hema1,19.41389416093026,-1.3527952851015992,18
239,pafi1,ph1,1.4940876821345823,-1.099444996860747,18
240,paco21,hema1,28.37979119239977,-0.8174381478031454,19
240,paco21,ph1,310.6515000236316,-1.4926558876154448,19
240,pafi1,hema1,27.1557504901509,-1.6939373200906638,19
240,pafi1,ph1,0.0222330049741973,-0.9707117437880969,19
241,paco21,hema1,48.01036436840264,-1.089131165683604,19
241,paco21,ph1,324.2337331337978,-1.1990608334214512,19
241,pafi1,hema1,16.583409676057784,-1.130039004459676,19
241,pafi1,ph1,0.3563292378296511,-1.3315655631764454,19
242,paco21,hema1,37.1059955850221,-1.3213339855908721,19
242,paco21,ph1,406.75190841857244,-1.4009973925919534,19
242,pafi1,hema1,13.118914865511668,-1.5229536926998504,19
242,pafi1,ph1,0.08432660866967233,-2.4404582082428306,19
243,paco21,hema1,50.01843196054419,-0.9462498698401411,19
243,paco21,ph1,339.57303054235416,-1.279073320318936,19
243,pafi1,hema1,26.824544051657494,-1.4990693884188866,19
243,pafi1,ph1,2.87734823239533,-1.3771187623396206,19
244,paco21,hema1,84.72249358479799,-1.3963581454631802,19
244,paco21,ph1,289.1916300798278,-1.442624435150549,19
244,pafi1,hema1,27.115905045148967,-1.6025918900535803,19
244,pafi1,ph1,5.76222703007591,-1.3467369016985653,19
245,paco21,hema1,51.24495805032118,-0.9327817829852965,19
245,paco21,ph1,257.6035098969516,-0.9884275631146956,19
245,pafi1,hema1,29.799889925316645,-0.8320590486264569,19
245,pafi1,ph1,0.04888765971685903,-0.0854149397889018,19
246,paco21,hema1,46.14519805919837,-1.2505221598243608,19
246,paco21,ph1,320.9536564673315,-1.4452407707078692,19
246,pafi1,hema1,24.776724643431958,-1.4984019260687917,19
246,pafi1,ph1,1.2165280151364768,-1.3515826255894388,19
247,paco21,hema1,58.21714207279769,-1.4192998669682158,19
247,paco21,ph1,190.84396815845457,-1.452340260872393,19
247,pafi1,hema1,39.30043075945361,-1.4749803791106055,19
247,pafi1,ph1,1.255777672225938,-1.4311223640910542,19
248,paco21,hema1,35.01508248844556,-1.2019423461405532,19
248,paco21,ph1,286.98739431891056,-1.4974393106696349,19
248,pafi1,hema1,8.030421439684119,-1.5244540845491263,19
248,pafi1,ph1,0.06082846541340638,-1.4836666194646413,19
249,paco21,hema1,41.58913586198714,-1.3063197999073397,19
249,paco21,ph1,315.92146442171634,-1.4451617094744058,19
249,pafi1,hema1,61.574165119740506,-1.3923942414583867,19
249,pafi1,ph1,5.178943984947251,-1.4747824031460404,19
250,paco21,hema1,54.03817204258256,-1.1610285871623096,19
250,paco21,ph1,315.2135353092166,-1.3141446615798664,19
250,pafi1,hema1,12.51151910296911,-1.5789041526672163,19
250,pafi1,ph1,0.07870680970812666,-0.9439915002886748,19
251,paco21,hema1,54.60090483251597,-1.0070656678400753,19
251,paco21,ph1,308.29724795895885,-1.3575521597123386,19
251,pafi1,hema1,30.55557213813889,-1.6107683961515187,19
251,pafi1,ph1,4.460213159933199,-1.4628634039747563,19
252,paco21,hema1,34.481112571335814,-1.3012778891455208,18
252,paco21,ph1,357.9844453634212,-1.152664071110068,18
252,pafi1,hema1,16.43701435114986,-1.2237945607417975,18
252,pafi1,ph1,0.0009005430837669663,0.13847747041779504,18
253,paco21,hema1,34.21323609775803,-0.23064238192291753,19
253,paco21,ph1,471.63522988732825,-0.9051141158813029,19
253,pafi1,hema1,18.57818658898411,-1.1579814614090016,19
253,pafi1,ph1,1.2762640327944217,-0.624284017892248,19
254,paco21,hema1,44.88715974807674,-0.6629116627699962,19
254,paco21,ph1,426.19172457356814,-0.959477504961176,19
254,pafi1,hema1,15.185268354445917,-1.1120436658752118,19
254,pafi1,ph1,0.0957712406103971,-0.11947996251792298,19
255,paco21,hema1,49.53532935866441,-0.603336211865278,19
255,paco21,ph1,279.54451037539883,-0.7825564311101735,19
255,pafi1,hema1,20.14027047736659,-0.847368084157297,19
255,pafi1,ph1,0.1227952841234336,-1.1459966092514986,19
256,paco21,hema1,74.92146644413637,-1.3820198952531921,19
256,paco21,ph1,299.04624951835683,-1.303952487556642,19
256,pafi1,hema1,25.35534606906094,-1.5690281049387658,19
256,pafi1,ph1,2.4249083266869285,-1.293208783528815,19
257,paco21,hema1,62.422136081326315,-1.196115417016352,19
257,paco21,ph1,222.00653581638167,-1.2868584107489691,19
257,pafi1,hema1,26.763675804992804,-1.2185234726144178,19
257,pafi1,ph1,0.3894012528387504,-1.394421247071273,19
258,paco21,hema1,63.03234650249767,-1.564582387317749,19
258,paco21,ph1,300.5217511210288,-1.6957052930888055,19
258,pafi1,hema1,29.620693860480923,-1.8660955050221537,19
258,pafi1,ph1,10.986006239223428,-1.7304670260720874,19
259,paco21,hema1,53.626001809279636,-1.1468921266024996,18
259,paco21,ph1,335.45438549765703,-1.2915636783822988,18
259,pafi1,hema1,15.501959882423483,-1.4907742781764761,18
259,pafi1,ph1,0.4085228761679817,-1.507794827905696,18
260,paco21,hema1,55.407452238877454,-0.9008876138924073,19
260,paco21,ph1,298.94771765041867,-1.1105093764886558,19
260,pafi1,hema1,44.22249466792497,-1.155905567073263,19
260,pafi1,ph1,10.707953178444777,-0.9348555634516152,19
261,paco21,hema1,53.56964494067624,-1.1292244802687508,19
261,paco21,ph1,313.99817527837945,-1.322529474468852,19
261,pafi1,hema1,22.280954368253898,-1.5633461223047214,19
261,pafi1,ph1,2.0625719431640106,-1.29331031883252,19
262,paco21,hema1,41.1743519607701,-0.9360541566392248,19
262,paco21,ph1,296.89670698418973,-1.096617020549709,19
262,pafi1,hema1,23.84741012925711,-1.2143386691514237,19
262,pafi1,ph1,0.003386135616708826,-4.0145398081486094,19
263,paco21,hema1,75.14884518074493,-1.321334918046107,18
263,paco21,ph1,316.889871705974,-1.3968527922556775,18
263,pafi1,hema1,20.275693434570613,-1.682630939454139,18
263,pafi1,ph1,0.07834537652226756,-1.2479016175458526,18
264,paco21,hema1,62.8025182345583,-0.4848361132083903,19
264,paco21,ph1,318.7623739106276,-0.72500280475039,19
264,pafi1,hema1,30.725517871811107,-0.8451539005198326,19
264,pafi1,ph1,1.5706773009514174,-0.664243854384684,19
265,paco21,hema1,77.0511911820528,-1.4368240180700695,19
265,paco21,ph1,366.20286285901847,-1.5074713661362145,19
265,pafi1,hema1,43.06219717606877,-1.7623163221352924,19
265,pafi1,ph1,3.5610606458257426,-1.438973203837484,19
266,paco21,hema1,56.41150063493275,-1.4207461924229516,19
266,paco21,ph1,342.4307244198983,-1.6258816643235856,19
266,pafi1,hema1,35.830785406401475,-1.3786911274393452,19
266,pafi1,ph1,5.663596938927729,-1.6001202769181118,19
267,paco21,hema1,49.493364019321945,-1.2729391121479192,19
267,paco21,ph1,231.11502934519976,-1.4830688169232542,19
267,pafi1,hema1,20.668370500093488,-1.5837390178454145,19
267,pafi1,ph1,2.1557978313319373,-1.4265948901694536,19
268,paco21,hema1,52.15583481186981,-1.154883440696462,19
268,paco21,ph1,323.5754716740951,-1.271066661087477,19
268,pafi1,hema1,32.84688739634104,-1.2829693429244722,19
268,pafi1,ph1,1.1678725901115552,-1.2403082437467057,19
269,paco21,hema1,67.45101924056902,-1.3372331898792431,19
269,paco21,ph1,398.57965542114016,-1.4898920696768847,19
269,pafi1,hema1,34.64037061378635,-1.6577517052754165,19
269,pafi1,ph1,0.030484497709537837,-0.9303533139066701,19
270,paco21,hema1,53.4126523624443,-1.2180437156779604,19
270,paco21,ph1,383.1176697033238,-1.2717735962604306,19
270,pafi1,hema1,48.85592825301114,-1.5118695411531486,19
270,pafi1,ph1,0.010135073658330012,2.3756361560412773,19
271,paco21,hema1,54.60531703867247,-1.6717733715123009,19
271,paco21,ph1,366.78230200402163,-1.7154118154368272,19
271,pafi1,hema1,24.94343320909016,-1.6936979917075319,19
271,pafi1,ph1,1.160529016933488,-1.6963029129506548,19
272,paco21,hema1,50.806359481717124,-1.4136757241257054,19
272,paco21,ph1,336.3186992299532,-1.81521131076098,19
272,pafi1,hema1,28.983462762806873,-1.7872208824932205,19
272,pafi1,ph1,1.8846688062033197,-1.8073438768000818,19
273,paco21,hema1,49.62893036122395,-0.8552020620594116,19
273,paco21,ph1,403.56778052095746,-1.0782982772783014,19
273,pafi1,hema1,41.876917994293414,-0.9569809254943527,19
273,pafi1,ph1,8.922777935556459,-1.07190864253163,19
274,paco21,hema1,75.98806219697722,-0.9098738550183223,19
274,paco21,ph1,399.2520210722902,-0.9456594605540268,19
274,pafi1,hema1,29.218667259537117,-1.1175162904296223,19
274,pafi1,ph1,0.13038699828106387,-0.12774162037104064,19
275,paco21,hema1,74.09678430266746,-1.5350676529828675,19
275,paco21,ph1,426.82773685089103,-1.7022938854299863,19
275,pafi1,hema1,26.1375255570412,-2.0911476096430044,19
275,pafi1,ph1,0.9272853837449517,-1.0420158503719108,19
276,paco21,hema1,50.160085758663726,-0.4724190662480189,19
276,paco21,ph1,358.4062913746116,-0.7094717831384223,19
276,pafi1,hema1,19.091654693916325,-0.9356841333731735,19
276,pafi1,ph1,0.08876274129080076,-0.8880470569072744,19
277,paco21,hema1,60.03495075637512,-0.8278945254977403,19
277,paco21,ph1,400.7523414219287,-1.1272119966988896,19
277,pafi1,hema1,16.221666699849955,-0.9516604847846607,19
277,pafi1,ph1,3.5670643052887554,-1.184531277968602,19
278,paco21,hema1,52.561958772203624,-0.6874354143456399,19
278,paco21,ph1,414.43044155377,-0.7961559209631376,19
278,pafi1,hema1,13.299945171763886,-0.5935893216006491,19
278,pafi1,ph1,0.16830276714491654,-0.9741092386775528,19
279,paco21,hema1,46.61033043644034,-1.3424040449892678,19
279,paco21,ph1,328.5536554128458,-1.4978099601960875,19
279,pafi1,hema1,34.94096252165207,-1.4760413151617167,19
279,pafi1,ph1,3.514286614354841,-1.491150032957003,19
280,paco21,hema1,53.960848984040496,-1.4909229420427055,19
280,paco21,ph1,319.3582170239823,-1.5412553279999757,19
280,pafi1,hema1,30.64119339162011,-1.2517068236072488,19
280,pafi1,ph1,2.5554574251993327,-1.672259638202512,19
281,paco21,hema1,53.148518500649296,-1.1563667269928117,18
281,paco21,ph1,411.8584381808055,-1.261735669836979,18
281,pafi1,hema1,37.81892466945767,-1.4434530541920372,18
281,pafi1,ph1,1.909114553360807,-1.298794273368607,18
282,paco21,hema1,34.062599056901206,-1.0320896536521216,19
282,paco21,ph1,275.24354505196357,-1.4537046008582157,19
282,pafi1,hema1,34.80626894109007,-1.3813786454793535,19
282,pafi1,ph1,4.8348682657602,-1.449587885340017,19
283,paco21,hema1,51.03605589299051,-1.0106926768434987,19
283,paco21,ph1,426.68115278042137,-1.2755588939720763,19
283,pafi1,hema1,24.782714107446502,-1.4839200827255725,19
283,pafi1,ph1,17.699204759165617,-1.2153908441645462,19
284,paco21,hema1,70.85776473625741,-1.2598026623886758,19
284,paco21,ph1,235.90148077596098,-1.3816716803796751,19
284,pafi1,hema1,27.676051423707424,-1.6982583823475645,19
284,pafi1,ph1,0.38162071669471503,-1.1660414468007956,19
285,paco21,hema1,76.34485920517056,-1.3873115658654853,19
285,paco21,ph1,420.65885195166305,-1.450535228550837,19
285,pafi1,hema1,37.42509600688807,-1.3813365582963297,19
285,pafi1,ph1,0.9016934701052196,-1.36588441609471,19
286,paco21,hema1,31.382990776342982,-1.0630699487548068,19
286,paco21,ph1,305.01458070751545,-1.273538505954882,19
286,pafi1,hema1,35.47557545484786,-1.3028209220480922,19
286,pafi1,ph1,2.3678004299422875,-1.305374899192049,19
287,paco21,hema1,55.14392657093104,-0.8048227280679487,19
287,paco21,ph1,311.3652860004783,-1.2565735890988716,19
287,pafi1,hema1,24.540422082776246,-1.429306300471841,19
287,pafi1,ph1,4.461492365066135,-0.7775143920520373,19
288,paco21,hema1,50.41323240435885,-0.7998113269114482,19
288,paco21,ph1,315.76107266554,-1.2244375339495386,19
288,pafi1,hema1,23.35749623255508,-1.291199791648052,19
288,pafi1,ph1,0.00427010591672969,1.0770740412436401,19
289,paco21,hema1,71.68828746173622,-0.9685705401956618,19
289,paco21,ph1,304.7416385536381,-1.2373454959642916,19
289,pafi1,hema1,10.648754192396085,-1.1211145882599272,19
289,pafi1,ph1,0.12392070403302181,-1.4845859565607529,19
290,paco21,hema1,61.09485149268203,-0.8290432669762309,19
290,paco21,ph1,425.71540200771636,-0.9718677721130725,19
290,pafi1,hema1,14.068595407014499,-1.0665596740372245,19
290,pafi1,ph1,4.6863453115073055,-0.7534495920532794,19
291,paco21,hema1,36.51663521418219,-0.4113015338983403,19
291,paco21,ph1,306.15973395714974,-0.7304720983132982,19
291,pafi1,hema1,31.731479212972815,-0.9724762366557356,19
291,pafi1,ph1,0.16232095616722853,-1.0258075199674848,19
292,paco21,hema1,33.238386306198315,-1.8721850948377525,18
292,paco21,ph1,311.0475238190396,-2.0386227442562563,18
292,pafi1,hema1,14.884866543520456,-2.034307416597002,18
292,pafi1,ph1,0.9241985642922066,-2.0052721474924464,18
293,paco21,hema1,50.334735901681825,-1.1802545309547505,19
293,paco21,ph1,201.11667553047343,-1.2076525480046534,19
293,pafi1,hema1,29.12572191930476,-1.1812311027385631,19
293,pafi1,ph1,3.0295075340254676,-1.4098760324648372,19
294,paco21,hema1,62.11395232862855,-0.8328878691431912,18
294,paco21,ph1,305.460625492211,-1.0235185778695197,18
294,pafi1,hema1,40.08643624149978,-0.9974758334423076,18
294,pafi1,ph1,2.3402506232587212,-1.0202894921245602,18
295,paco21,hema1,64.71808061934017,-0.7844927162121013,18
295,paco21,ph1,462.3006608502272,-0.9272892396013568,18
295,pafi1,hema1,44.58404039055255,-1.0395209753208094,18
295,pafi1,ph1,4.783753961352439,-0.7814598240913874,18
296,paco21,hema1,37.20018334563223,-0.7762852181487369,19
296,paco21,ph1,337.33543085996223,-1.017311293736403,19
296,pafi1,hema1,26.054644354844225,-1.0021001827221754,19
296,pafi1,ph1,5.166770984928998,-0.9781915482455658,19
297,paco21,hema1,49.04826003699311,-1.2967767726484634,19
297,paco21,ph1,287.1525423897707,-1.6152082990219303,19
297,pafi1,hema1,25.75097611289909,-1.592482827421653,19
297,pafi1,ph1,1.357547399886749,-1.598162564235464,19
298,paco21,hema1,58.9942299752835,-1.6068077264261247,19
298,paco21,ph1,274.25636862803157,-1.6389251849656439,19
298,pafi1,hema1,20.540728933511907,-1.8118713648040754,19
298,pafi1,ph1,10.73448535002594,-1.498597256323303,19
299,paco21,hema1,51.84397678599076,-1.4607100206961188,19
299,paco21,ph1,458.5725585446843,-1.5773523159352427,19
299,pafi1,hema1,21.78738958133703,-1.530271021751129,19
299,pafi1,ph1,5.244241276374274,-1.6014432783595922,19
300,paco21,hema1,58.76396364171561,-1.2121581727286492,19
300,paco21,ph1,418.54962259025234,-1.232803737288589,19
300,pafi1,hema1,22.789457574743015,-1.1799897558972618,19
300,pafi1,ph1,0.05117545675549103,-1.385505845832408,19
301,paco21,hema1,30.52100267236839,-0.7885280136046083,19
301,paco21,ph1,407.598310669653,-1.1651792176665827,19
301,pafi1,hema1,21.358212800486765,-1.665016161757801,19
301,pafi1,ph1,2.6818683876006633,-1.5178707957076782,19
302,paco21,hema1,43.47125740429387,-0.8938578362221677,19
302,paco21,ph1,394.93091622569654,-1.2791284846137367,19
302,pafi1,hema1,16.922455733025846,-1.1227632210583487,19
302,pafi1,ph1,0.5325326750847644,-1.4467398876013866,19
303,paco21,hema1,49.57322534310341,-0.7195931116354092,19
303,paco21,ph1,277.7968043587802,-0.9417997308723683,19
303,pafi1,hema1,11.039652841074206,-1.0361789217620483,19
303,pafi1,ph1,0.10840525635540262,-0.665207715841144,19
304,paco21,hema1,85.20080033383029,-1.4933520145633508,18
304,paco21,ph1,210.2667073486642,-1.4925414144046372,18
304,pafi1,hema1,47.73825590973435,-1.6537513142796612,18
304,pafi1,ph1,0.6635770740953106,-1.4573538607499494,18
305,paco21,hema1,83.14937431853207,-1.4564807629028191,19
305,paco21,ph1,445.4229950851916,-1.6166461998857455,19
305,pafi1,hema1,29.66627709362073,-1.6723223457806649,19
305,pafi1,ph1,15.627137801431129,-1.6003116836704387,19
306,paco21,hema1,36.86506062361418,-1.5547229551401835,19
306,paco21,ph1,354.41991435749554,-1.418115135507079,19
306,pafi1,hema1,16.421599239986282,-1.3319147429435718,19
306,pafi1,ph1,1.3845664701691878,-1.4889422351828907,19
307,paco21,hema1,46.51340974081409,-0.9711500408920188,19
307,paco21,ph1,391.0841165198446,-1.3338274645782116,19
307,pafi1,hema1,39.62307299834195,-1.632665457629963,19
307,pafi1,ph1,2.7540320010187194,-0.6025560744016549,19
308,paco21,hema1,81.60641523606999,-1.367061977956991,19
308,paco21,ph1,229.17328819034265,-1.370503649067434,19
308,pafi1,hema1,26.45774516575363,-1.5790296253095775,19
308,pafi1,ph1,1.8449563261431432,-1.2400609560901443,19
309,paco21,hema1,43.07516386245133,-1.072576771241324,18
309,paco21,ph1,491.2541938624687,-1.4221715452065502,18
309,pafi1,hema1,31.520206877342503,-1.5456440089518202,18
309,pafi1,ph1,8.510248973039953,-1.3308268567200903,18
310,paco21,hema1,37.29553109845202,-1.006083231078854,19
310,paco21,ph1,272.0675435418113,-1.281580365909934,19
310,pafi1,hema1,14.815181019460384,-1.484722175770224,19
310,pafi1,ph1,1.23853373238162,-0.8930226753557452,19
311,paco21,hema1,52.97782769793944,-0.7267547523931052,19
311,paco21,ph1,230.30669500547685,-1.0610516090748832,19
311,pafi1,hema1,28.96494188540844,-1.0472344369929798,19
311,pafi1,ph1,3.1565065021574075,-1.010854135393647,19
312,paco21,hema1,76.17985741320973,-1.4775521852501952,18
312,paco21,ph1,378.43832229474174,-1.5936432605459172,18
312,pafi1,hema1,48.53115923127123,-1.604271684266896,18
312,pafi1,ph1,8.175520577165146,-1.5984118548963149,18
313,paco21,hema1,51.985956009479274,-1.206940466224156,19
313,paco21,ph1,319.7928495694007,-1.4593543258005137,19
313,pafi1,hema1,11.729370667797767,-1.243393730696372,19
313,pafi1,ph1,2.1657605873711443,-1.5251005433509612,19
314,paco21,hema1,56.30857913388493,-1.060330543065176,19
314,paco21,ph1,421.78179571385107,-1.224933518616928,19
314,pafi1,hema1,6.884455236869524,-1.0278344885775101,19
314,pafi1,ph1,5.715370895404977,-1.2435562065853305,19
315,paco21,hema1,61.99261264801978,-1.3114222798030097,19
315,paco21,ph1,356.50491002812066,-1.4338477422633924,19
315,pafi1,hema1,26.80825421683185,-1.5837296434153547,19
315,pafi1,ph1,0.5688177336650524,-1.1456596250436866,19
316,paco21,hema1,79.99835352628082,-1.0784917303554722,19
316,paco21,ph1,453.4259361086154,-1.3396479171328646,19
316,pafi1,hema1,52.3003897735085,-1.5672358384338636,19
316,pafi1,ph1,1.1146236144138832,-0.7440212674060548,19
317,paco21,hema1,82.22112035973734,-1.1694401161178316,19
317,paco21,ph1,489.4575397305179,-1.3455396002792845,19
317,pafi1,hema1,27.09019242866533,-1.5674193687011286,19
317,pafi1,ph1,0.0004092833937072181,3.6728177979705254,19
318,paco21,hema1,60.95232481110755,-0.8324161632839733,19
318,paco21,ph1,212.1960390312292,-1.03624399037854,19
318,pafi1,hema1,22.925675474840723,-1.0100251120421495,19
318,pafi1,ph1,3.168499358475653,-1.0376628228368134,19
319,paco21,hema1,63.46295237713291,-1.1104109662312682,19
319,paco21,ph1,459.92596273308055,-1.54451204125622,19
319,pafi1,hema1,21.015072545227138,-1.5514798562339307,19
319,pafi1,ph1,0.9770107229191299,-1.4923932059268572,19
320,paco21,hema1,58.727428510309394,-1.173531045097138,19
320,paco21,ph1,432.8573883682661,-1.3830177386906573,19
320,pafi1,hema1,43.74806633163372,-1.4302124783472587,19
320,pafi1,ph1,5.46680042054004,-1.3214327229305785,19
321,paco21,hema1,71.16575238378208,-1.6736750030398295,19
321,paco21,ph1,349.403493649923,-1.8996695877218026,19
321,pafi1,hema1,29.604617802779494,-1.9883076395069708,19
321,pafi1,ph1,5.400527880677716,-1.8126363216955823,19
322,paco21,hema1,50.71754046661122,-1.2395202272827857,18
322,paco21,ph1,429.5176847110345,-1.4386174562209342,18
322,pafi1,hema1,31.504997089280238,-1.3684682350859632,18
322,pafi1,ph1,8.310484258872966,-1.4634764972447811,18
323,paco21,hema1,57.39761075443491,-1.331135975645968,18
323,paco21,ph1,320.165991950162,-1.59009521530232,18
323,pafi1,hema1,23.24797071662708,-1.7165984577196496,18
323,pafi1,ph1,0.06895434648319138,-0.5489229469515385,18
324,paco21,hema1,42.71209547667948,-1.2834966890068715,19
324,paco21,ph1,257.75585261057574,-1.4981613414153634,19
324,pafi1,hema1,13.731733348301642,-1.605404928386358,19
324,pafi1,ph1,0.894893778066883,-1.4274207022970113,19
325,paco21,hema1,42.6730143697871,-1.2945038380585778,19
325,paco21,ph1,358.7389944414128,-1.5047341541195722,19
325,pafi1,hema1,21.67002912786298,-2.0635533588165433,19
325,pafi1,ph1,3.2331997480315864,-1.7502087569744715,19
326,paco21,hema1,33.33245549334017,-1.2461335796338473,19
326,paco21,ph1,389.8473630690628,-1.5303768218148148,19
326,pafi1,hema1,21.00583454073791,-1.7462928791700694,19
326,pafi1,ph1,0.7279009756843426,-1.427116689096078,19
327,paco21,hema1,69.96828136089228,-1.2065958743497793,19
327,paco21,ph1,291.0453705597341,-1.3529667891509856,19
327,pafi1,hema1,20.013893138123464,-1.4014723287251758,19
327,pafi1,ph1,2.0709012877219344,-1.1881430592306252,19
328,paco21,hema1,44.31198736804492,-1.509031421377418,19
328,paco21,ph1,405.43998895692476,-1.6164142447043297,19
328,pafi1,hema1,14.314926572897763,-1.6641562927282176,19
328,pafi1,ph1,0.004000514607380872,-0.8434145497757339,19
329,paco21,hema1,60.639760752234004,-0.7274090118685691,19
329,paco21,ph1,443.7139375664511,-0.8253207663592612,19
329,pafi1,hema1,36.148503979231435,-0.9762558680728338,19
329,pafi1,ph1,13.351099924866213,-0.8353902767305944,19
330,paco21,hema1,53.83518745899607,-1.3011364071379645,18
330,paco21,ph1,320.7995053810841,-1.5232815119136713,18
330,pafi1,hema1,22.60897408442286,-1.7131013138593418,18
330,pafi1,ph1,1.2586549014536208,-1.6190761761273307,18
331,paco21,hema1,68.22259309302987,-1.1785894998797604,19
331,paco21,ph1,268.10494377174194,-1.259778500491179,19
331,pafi1,hema1,21.492495104302705,-1.3244472692515967,19
331,pafi1,ph1,7.778419493921042,-1.2465818844424952,19
332,paco21,hema1,69.84549862999776,-0.9478299381752652,19
332,paco21,ph1,382.02297212309725,-1.1325137326308237,19
332,pafi1,hema1,25.441908631688975,-1.1685106518966726,19
332,pafi1,ph1,0.029623878917588983,-1.2940634202476067,19
333,paco21,hema1,39.33090847308161,-0.9386927296443032,19
333,paco21,ph1,322.5901188606282,-1.2926337045269292,19
333,pafi1,hema1,12.287625141445515,-1.3157242093525685,19
333,pafi1,ph1,1.9230501006817262,-1.277824238404238,19
334,paco21,hema1,46.77512817872421,-0.725345245600192,19
334,paco21,ph1,271.2164587199034,-0.8791095103529465,19
334,pafi1,hema1,30.80801241427729,-0.990122762185733,19
334,pafi1,ph1,7.680987797248649,-0.766511969719274,19
335,paco21,hema1,35.37311460905592,-0.9338815407747555,19
335,paco21,ph1,424.0417015956692,-1.137148479432548,19
335,pafi1,hema1,19.439637623879346,-1.1136890836086046,19
335,pafi1,ph1,4.476706636964869,-1.132047101039692,19
336,paco21,hema1,54.723106429537566,-1.384118183469868,19
336,paco21,ph1,302.55523503113767,-1.5720494484875307,19
336,pafi1,hema1,31.964817566533974,-1.6702271005063032,19
336,pafi1,ph1,11.922034346189847,-1.53858159641602,19
337,paco21,hema1,75.74171287927324,-1.1393777280453616,19
337,paco21,ph1,311.34817703082706,-1.5703340748277403,19
337,pafi1,hema1,46.719419625899604,-1.3052765145703544,19
337,pafi1,ph1,5.44214068277783,-1.673349252475352,19
338,paco21,hema1,61.85536130354561,-1.271481965780253,18
338,paco21,ph1,298.83031596979566,-1.2982673406252885,18
338,pafi1,hema1,35.67952013218128,-1.3197097318816031,18
338,pafi1,ph1,1.3952190333848018,-1.0922080865036663,18
339,paco21,hema1,31.847687218814368,-1.0102985081709135,19
339,paco21,ph1,346.41128615420286,-1.2351753115871746,19
339,pafi1,hema1,35.66451699892689,-1.5374959197483948,19
339,pafi1,ph1,0.147582854504159,-1.7295193811950815,19
340,paco21,hema1,54.24221555432365,-0.8297959843091919,19
340,paco21,ph1,384.6293014258921,-1.174479852726064,19
340,pafi1,hema1,12.941971077878282,-1.6933237798489436,19
340,pafi1,ph1,2.7773724952485006,-1.4602115924878654,19
341,paco21,hema1,45.44942613647523,-0.7426915887845862,19
341,paco21,ph1,292.96095374424334,-1.14567298107258,19
341,pafi1,hema1,18.63736447676042,-0.8389132708106243,19
341,pafi1,ph1,1.44060298952774,-1.415274383216194,19
342,paco21,hema1,44.56990332586471,-0.8950402671896323,18
342,paco21,ph1,307.9340983337776,-1.1246158827613464,18
342,pafi1,hema1,35.212662878245716,-1.1397680592910695,18
342,pafi1,ph1,0.1514999161531511,-0.7814437339964846,18
343,paco21,hema1,62.58213608751786,-1.0398884002838167,19
343,paco21,ph1,301.03248443504395,-1.315252598431901,19
343,pafi1,hema1,27.07277959558862,-1.2850500735960313,19
343,pafi1,ph1,4.644924514183114,-1.288647450840996,19
344,paco21,hema1,36.99178912676291,-1.3792328188291125,19
344,paco21,ph1,303.8183663090443,-1.4167131698010458,19
344,pafi1,hema1,14.992842858770413,-1.4938294941952588,19
344,pafi1,ph1,1.0765796068374536,-1.1814574947507361,19
345,paco21,hema1,51.77413623071374,-1.1106167469306225,19
345,paco21,ph1,383.4009470146284,-1.4815398819367365,19
345,pafi1,hema1,29.567973032011956,-1.4365712786840572,19
345,pafi1,ph1,0.760717574629333,-1.4223840368280705,19
346,paco21,hema1,48.37059636038514,-1.1170297588154565,19
346,paco21,ph1,300.11405819633944,-1.3304026780186333,19
346,pafi1,hema1,13.66627650263981,-1.5207132075837415,19
346,pafi1,ph1,0.6953778366962254,-1.3652815461072616,19
347,paco21,hema1,58.94100039913158,-1.126831624118584,19
347,paco21,ph1,415.1184312536502,-1.2681975076805314,19
347,pafi1,hema1,22.73604091881533,-1.6337606200711978,19
347,pafi1,ph1,8.95882840784172,-1.3585781258766538,19
348,paco21,hema1,39.69072346987647,-0.8320746858204272,18
348,paco21,ph1,411.87279870926926,-1.3370564439547177,18
348,pafi1,hema1,43.36868326549276,-1.4285616104923926,18
348,pafi1,ph1,0.6092869455324847,-0.6683984830548289,18
349,paco21,hema1,35.51039451685341,-0.9819352440268028,19
349,paco21,ph1,379.5178814200659,-1.3569434905338482,19
349,pafi1,hema1,14.38948396041564,-1.6084717252824767,19
349,pafi1,ph1,0.6935992460211992,-1.4890070573998644,19
350,paco21,hema1,58.50220922552615,-1.2425085622560823,18
350,paco21,ph1,303.7968978153021,-1.5256892953621706,18
350,pafi1,hema1,35.091058556362405,-1.7608529560050437,18
350,pafi1,ph1,0.3540871918750417,-1.5783239256837014,18
351,paco21,hema1,41.18237152876598,-1.17286382354963,19
351,paco21,ph1,378.1479907626368,-1.2218284281970118,19
351,pafi1,hema1,26.455337467829512,-1.232043407575584,19
351,pafi1,ph1,2.0186640807257747,-1.1727100248613742,19
352,paco21,hema1,53.89050803509179,-1.0871035740008215,19
352,paco21,ph1,231.80163491409303,-1.2591536675230375,19
352,pafi1,hema1,26.765774829929885,-1.53999115825649,19
352,pafi1,ph1,0.15681212436534434,1.475447201731337,19
353,paco21,hema1,62.11067464653028,-1.1911468605356466,19
353,paco21,ph1,358.76546030016533,-1.4410834871547689,19
353,pafi1,hema1,29.106697637354323,-1.4298018115503677,19
353,pafi1,ph1,10.667883359083557,-1.3890622527586374,19
354,paco21,hema1,41.60202919460028,-0.788442200024306,19
354,paco21,ph1,324.03405356693344,-1.1435557050683745,19
354,pafi1,hema1,35.7149932581142,-1.081298873464985,19
354,pafi1,ph1,1.3782613344651362,-1.1737941037186688,19
355,paco21,hema1,50.11407278011939,-1.8774906385065087,19
355,paco21,ph1,359.72274115978956,-1.9859365544404817,19
355,pafi1,hema1,17.994729071300796,-2.384488727275435,19
355,pafi1,ph1,2.172455232640403,-1.9577744256119878,19
356,paco21,hema1,51.472099359003984,-1.1761561730214063,19
356,paco21,ph1,376.2328462800376,-1.3576840807339559,19
356,pafi1,hema1,12.847900689227808,-1.6275880371507911,19
356,pafi1,ph1,0.1664118398452855,-0.1837681407069346,19
357,paco21,hema1,52.60930604704756,-1.182186589168444,19
357,paco21,ph1,307.7590636560712,-1.4764812731587496,19
357,pafi1,hema1,21.313309830502654,-1.2683141211468818,19
357,pafi1,ph1,0.49949003878788223,-1.686867378859497,19
358,paco21,hema1,37.35519290793365,-1.2750361549020652,19
358,paco21,ph1,381.690674204914,-1.4143745467277598,19
358,pafi1,hema1,33.02119503450256,-1.467034559082355,19
358,pafi1,ph1,8.388397541434577,-1.3717743623117244,19
359,paco21,hema1,56.85525106214773,-0.6939715931363409,19
359,paco21,ph1,423.81439925542253,-1.0030417717310942,19
359,pafi1,hema1,12.702290781468198,-0.780235388292819,19
359,pafi1,ph1,2.6558130785846554,-0.9421598859456868,19
360,paco21,hema1,50.16182635138892,-0.7278316109952906,18
360,paco21,ph1,278.8061647238477,-1.0256151594230567,18
360,pafi1,hema1,21.769361500166305,-1.3327748552784004,18
360,pafi1,ph1,3.6348034582417728,-0.6257739005385275,18
361,paco21,hema1,36.70138793948589,-0.6569033681715445,18
361,paco21,ph1,298.2389321651658,-0.9796804573736912,18
361,pafi1,hema1,15.624468751312383,-1.1624117930788183,18
361,pafi1,ph1,0.5407762727095804,-1.03770898673151,18
362,paco21,hema1,57.78764056342036,-0.9442255970746357,19
362,paco21,ph1,382.882660803191,-1.158189747554103,19
362,pafi1,hema1,48.97241883767036,-1.2723355125130003,19
362,pafi1,ph1,1.0606405186376857,-1.2615036629965983,19
363,paco21,hema1,46.12354737769748,-0.6853591578841337,19
363,paco21,ph1,304.7821738706553,-0.8006786989058211,19
363,pafi1,hema1,33.56730683931307,-0.8332205483975266,19
363,pafi1,ph1,1.9863818807803666,-0.6775785116867509,19
364,paco21,hema1,58.85926458612092,-1.1497222168627068,18
364,paco21,ph1,283.7310767369001,-1.2458052237232462,18
364,pafi1,hema1,23.58199019704624,-1.4766853946109506,18
364,pafi1,ph1,2.8750128969786304,-1.0394408392969214,18
365,paco21,hema1,46.60472608790235,-0.8719061285363046,19
365,paco21,ph1,315.55702687214415,-1.0161544092493422,19
365,pafi1,hema1,33.88334423442065,-1.1864351704193539,19
365,pafi1,ph1,0.8083286240757,-0.40214692321167406,19
366,paco21,hema1,81.95411830182947,-0.8818320369616878,19
366,paco21,ph1,355.3954548625847,-1.2132833915310048,19
366,pafi1,hema1,51.31455149925188,-1.4126757403460055,19
366,pafi1,ph1,4.85456543107413,-1.1645504141844805,19
367,paco21,hema1,36.91298342647092,-1.5300756415993841,19
367,paco21,ph1,384.3417140753752,-1.8262578009303387,19
367,pafi1,hema1,10.763376571775625,-2.5429075103142784,19
367,pafi1,ph1,1.1027879224710044,-1.9891333024639133,19
368,paco21,hema1,38.32636509577884,-1.4456678443692836,19
368,paco21,ph1,241.81423677849222,-1.4924127647433025,19
368,pafi1,hema1,11.985851663401556,-1.5418989395624751,19
368,pafi1,ph1,0.5333317427160912,-1.415875195504059,19
369,paco21,hema1,42.885084669389464,-0.3900648286559552,19
369,paco21,ph1,318.2630512249184,-0.8717097244373972,19
369,pafi1,hema1,25.713956097894783,-0.7198728401922802,19
369,pafi1,ph1,5.826108457670555,-0.9049427726557785,19
370,paco21,hema1,75.73217200692899,-0.8457370093464595,19
370,paco21,ph1,342.5074268311987,-1.1387945100952432,19
370,pafi1,hema1,31.086703852916845,-1.1235324364961445,19
370,pafi1,ph1,5.893375566658509,-1.1189922578012828,19
371,paco21,hema1,54.375624150537476,-0.9770384137500316,18
371,paco21,ph1,286.1334732097939,-1.2823431244167722,18
371,pafi1,hema1,26.323738393166,-1.4372496740713847,18
371,pafi1,ph1,2.182047970163523,-0.883277047125833,18
372,paco21,hema1,63.713641243720105,-1.4290061995531544,18
372,paco21,ph1,321.98430587014883,-1.6495320265320847,18
372,pafi1,hema1,26.923855524595137,-1.458722925699134,18
372,pafi1,ph1,5.057771970687525,-1.66257211644349,18
373,paco21,hema1,64.55139529770854,-1.4717678249071406,19
373,paco21,ph1,290.47128331327275,-1.5076549090958857,19
373,pafi1,hema1,24.55195187908057,-1.618659045561256,19
373,pafi1,ph1,0.780294490541216,-1.593444569506382,19
374,paco21,hema1,37.180941948814606,-0.7661439556749083,19
374,paco21,ph1,309.6334497448611,-1.0753547882504335,19
374,pafi1,hema1,24.671421622943402,-1.1706038666464869,19
374,pafi1,ph1,3.670418644475897e-05,1.6734074840058006,19
375,paco21,hema1,48.410607118713735,-1.1930587683821396,19
375,paco21,ph1,414.040659017521,-1.4668860146427318,19
375,pafi1,hema1,16.081390563193185,-1.656344756433396,19
375,pafi1,ph1,0.36549580790563596,-1.4369605748866265,19
376,paco21,hema1,20.968213442859554,-0.8226440594183672,19
376,paco21,ph1,306.72781799076006,-1.3590163698492397,19
376,pafi1,hema1,13.276008692498584,-1.6770072212673948,19
376,pafi1,ph1,1.5427471361170786,-1.277708953874701,19
377,paco21,hema1,56.52668146805779,-1.0837843511347958,18
377,paco21,ph1,466.2134388114176,-1.1549111234180367,18
377,pafi1,hema1,46.798539926652275,-1.2131930555477664,18
377,pafi1,ph1,6.409191902511811,-1.2173540744856868,18
378,paco21,hema1,44.378093441319336,-1.0589231554870289,19
378,paco21,ph1,261.7622555487438,-1.3559947775957097,19
378,pafi1,hema1,25.373038901350835,-1.6005773895683637,19
378,pafi1,ph1,4.929654628964523,-1.2109350044274088,19
379,paco21,hema1,37.636187002748365,-0.8803840809876254,19
379,paco21,ph1,408.780720358845,-1.219046119808757,19
379,pafi1,hema1,5.689295778521971,-2.1855255715227297,19
379,pafi1,ph1,2.4715720685718234,-1.292043817645763,19
380,paco21,hema1,44.18563790542084,-1.4455619819082768,19
380,paco21,ph1,465.53380611562125,-1.5072530169097258,19
380,pafi1,hema1,23.482499730738283,-1.597861519059206,19
380,pafi1,ph1,2.1853527634185212,-1.4019609382548637,19
381,paco21,hema1,53.28413528446984,-1.3959345049706058,19
381,paco21,ph1,366.2766691505868,-1.464575739197619,19
381,pafi1,hema1,33.57101464099438,-1.3404108739358673,19
381,pafi1,ph1,5.264298293042162,-1.5089194802966803,19
382,paco21,hema1,33.117203746409544,-1.3521386205783283,19
382,paco21,ph1,404.4333652838052,-1.695418455427307,19
382,pafi1,hema1,12.50574555285104,-2.12278219926778,19
382,pafi1,ph1,4.564566990472612,-1.4013733470401013,19
383,paco21,hema1,61.864787802150374,-0.573637634218354,19
383,paco21,ph1,320.8138949650253,-0.7332923669944376,19
383,pafi1,hema1,15.651122230685818,-0.8410384463056287,19
383,pafi1,ph1,0.00106609268402254,-0.100418776332619,19
384,paco21,hema1,72.18245436494847,-1.4102683456024425,19
384,paco21,ph1,393.6564719716938,-1.6037298109863696,19
384,pafi1,hema1,25.089527144470424,-1.5648977369059454,19
384,pafi1,ph1,1.677087108872848,-1.6082648406051663,19
385,paco21,hema1,62.04445629646225,-0.6003526493405394,19
385,paco21,ph1,253.61712141755285,-1.2728925848317016,19
385,pafi1,hema1,32.50546759794642,-1.3769730711558261,19
385,pafi1,ph1,1.084812657577581,-0.7008935548764165,19
386,paco21,hema1,62.96673847266961,-1.303945616032441,19
386,paco21,ph1,328.6796440398466,-1.323191311877795,19
386,pafi1,hema1,29.75302491505242,-1.5989995397949837,19
386,pafi1,ph1,0.06040410257954785,-0.1423401627793658,19
387,paco21,hema1,38.51028425650006,-1.5345960071886415,19
387,paco21,ph1,300.06484889425457,-1.8276495753313526,19
387,pafi1,hema1,30.351476987329217,-2.2113918227751412,19
387,pafi1,ph1,0.08477939111450734,0.9964292280148538,19
388,paco21,hema1,38.58992193323232,-0.9265126843583869,19
388,paco21,ph1,448.0304830893908,-1.0808377290063194,19
388,pafi1,hema1,19.042319261656992,-1.1393030717351302,19
388,pafi1,ph1,2.906081159809506,-1.1108683745901786,19
389,paco21,hema1,39.33178544767348,-0.9933440013372534,18
389,paco21,ph1,327.80020677932055,-1.1707293756438275,18
389,pafi1,hema1,30.091849374537908,-1.293828318633968,18
389,pafi1,ph1,1.396911109891433,-0.5460861827063294,18
390,paco21,hema1,36.340058574820105,-0.7967846997720853,19
390,paco21,ph1,393.73063125359334,-1.0253726169413055,19
390,pafi1,hema1,19.865312561534196,-0.9421360898548493,19
390,pafi1,ph1,0.6337587708401735,-1.1230493158900638,19
391,paco21,hema1,41.27308274931995,-0.7673827313262173,19
391,paco21,ph1,427.0834089905632,-1.3273427717968982,19
391,pafi1,hema1,21.639410780122635,-1.2767388015167158,19
391,pafi1,ph1,3.9438115380729326,-1.3168610324428793,19
392,paco21,hema1,63.94538773268155,-1.2457060006944456,19
392,paco21,ph1,351.65746310246476,-1.4734979420414591,19
392,pafi1,hema1,21.86590785515315,-1.6122323786513542,19
392,pafi1,ph1,4.6966585313387945,-1.3691777191648906,19
393,paco21,hema1,60.94805444580881,-1.064107078125757,19
393,paco21,ph1,327.23520210807254,-1.19462958234627,19
393,pafi1,hema1,13.16188326931831,-1.1733855679172636,19
393,pafi1,ph1,0.01953664442984107,-1.0980725539595702,19
394,paco21,hema1,58.81186391865649,-1.2440414228314394,19
394,paco21,ph1,425.6129147460034,-1.4851177453451097,19
394,pafi1,hema1,56.13203324179798,-1.4346649646891525,19
394,pafi1,ph1,6.7972985181459125,-1.4973545695935868,19
395,paco21,hema1,53.66364970652091,-1.0470223553280675,18
395,paco21,ph1,321.4338227637524,-1.1589611653133622,18
395,pafi1,hema1,36.23402513433612,-1.2366623685566114,18
395,pafi1,ph1,1.1174011455218744,-1.1387487004807963,18
396,paco21,hema1,60.77337530276773,-1.0887700029035197,19
396,paco21,ph1,305.2051824870339,-1.2632118854268792,19
396,pafi1,hema1,37.95683011699597,-1.7068363788264656,19
396,pafi1,ph1,2.0850093491174504,-1.041327342578475,19
397,paco21,hema1,62.803175355808065,-1.3017131221844767,19
397,paco21,ph1,417.4313491757427,-1.239740380636825,19
397,pafi1,hema1,38.005372169708444,-1.4848823920734744,19
397,pafi1,ph1,0.9201961721602926,-1.4289747051930954,19
398,paco21,hema1,77.15295883067004,-1.1201372464186437,19
398,paco21,ph1,306.019880190518,-1.3247107046533273,19
398,pafi1,hema1,33.09129939465815,-1.4018975498627786,19
398,pafi1,ph1,0.43165693622996437,-0.8011811016932978,19
399,paco21,hema1,64.26989548418638,-1.1838978550622148,19
399,paco21,ph1,289.9699934363274,-1.1620580282233404,19
399,pafi1,hema1,17.124015238035785,-0.9195535042966575,19
399,pafi1,ph1,5.20058309892722,-1.1711473449507694,19
400,paco21,hema1,64.502085158891,-0.966750764642276,19
400,paco21,ph1,386.15513086213787,-1.319773890248895,19
400,pafi1,hema1,47.05139530376172,-1.5011139462903893,19
400,pafi1,ph1,1.3606232490047259,-0.03811579082217979,19
401,paco21,hema1,60.15133158517628,-1.4003152365006395,19
401,paco21,ph1,313.62595088504156,-1.5673185670140715,19
401,pafi1,hema1,37.61012084134319,-1.6605741268151868,19
401,pafi1,ph1,11.00205130622982,-1.4940771910943877,19
402,paco21,hema1,61.54397599896069,-1.6397785430861844,19
402,paco21,ph1,330.4120430078783,-1.7748229458399505,19
402,pafi1,hema1,52.99751501071381,-1.8447346753666094,19
402,pafi1,ph1,4.003744419045203,-1.7594115583748362,19
403,paco21,hema1,52.066807634050214,-1.2209065959465728,19
403,paco21,ph1,393.7562547439891,-1.4363497207097766,19
403,pafi1,hema1,22.158133004011113,-1.0820470585652056,19
403,pafi1,ph1,3.3090390805944403,-1.47411212828406,19
404,paco21,hema1,49.824378667380316,-1.102081492759378,19
404,paco21,ph1,352.0516732727092,-1.3646981503030087,19
404,pafi1,hema1,18.09417426899716,-1.3999028596561116,19
404,pafi1,ph1,2.799619516195792,-1.2779648343809324,19
405,paco21,hema1,73.31110597480722,-1.376239972097225,19
405,paco21,ph1,279.24081836319255,-1.5381050517506303,19
405,pafi1,hema1,29.792491683842073,-1.8756126755363185,19
405,pafi1,ph1,7.074294048260232,-1.3375975986857487,19
406,paco21,hema1,66.29154385363631,-1.5798284610042919,19
406,paco21,ph1,360.7118483541824,-1.684524538270124,19
406,pafi1,hema1,25.19871032802631,-1.6130447431348918,19
406,pafi1,ph1,6.078404460573653,-1.6936356589972728,19
407,paco21,hema1,64.37001996208886,-1.165527337380959,19
407,paco21,ph1,294.53131117790144,-1.4016649456386392,19
407,pafi1,hema1,21.291954030478518,-1.4895828366125874,19
407,pafi1,ph1,2.5877303838038164,-1.402128807014921,19
408,paco21,hema1,63.867726851407525,-1.2418009437014597,19
408,paco21,ph1,418.82317387927725,-1.457214933769502,19
408,pafi1,hema1,35.325213249130236,-1.6237503985751718,19
408,pafi1,ph1,1.8883628252924722,-1.6451234490137694,19
409,paco21,hema1,47.39079798191865,-1.2326151543277348,19
409,paco21,ph1,386.9031777332063,-1.5203457906772817,19
409,pafi1,hema1,17.760889891044755,-1.7075264984618759,19
409,pafi1,ph1,7.918052287431583,-1.1995629112340949,19
410,paco21,hema1,50.09846164297762,-1.4233008570641994,19
410,paco21,ph1,429.4294933885518,-1.5325916314539807,19
410,pafi1,hema1,19.60159591586469,-1.466933976368221,19
410,pafi1,ph1,4.14291285003661,-1.5462193157255508,19
411,paco21,hema1,59.86419738487153,-1.2363515736513369,19
411,paco21,ph1,294.4557517753274,-1.3145745162414975,19
411,pafi1,hema1,46.071896472263646,-1.3542946322806055,19
411,pafi1,ph1,0.3540759010359973,-1.3244857593302,19
412,paco21,hema1,47.08703990273067,-1.2059291667828071,19
412,paco21,ph1,247.30038001515635,-1.3947493471499055,19
412,pafi1,hema1,37.420726545201845,-1.331979705939462,19
412,pafi1,ph1,2.3920425426574403,-1.4551800305575462,19
413,paco21,hema1,50.16722054898258,-1.397283451436874,19
413,paco21,ph1,300.29336961610375,-1.5441565094862668,19
413,pafi1,hema1,20.78109751925063,-1.4910202376379644,19
413,pafi1,ph1,2.626940160007524,-1.5824578779645158,19
414,paco21,hema1,51.614254086886135,-0.9486296680772224,19
414,paco21,ph1,319.9747586033704,-1.1098599894219794,19
414,pafi1,hema1,20.16269045172356,-1.0525668556343997,19
414,pafi1,ph1,1.6284952452461594,-1.136223154350968,19
415,paco21,hema1,66.86815987456319,-0.616916614567961,18
415,paco21,ph1,341.5076411503874,-0.68439313269259,18
415,pafi1,hema1,51.83395226833649,-0.7610773989990703,18
415,pafi1,ph1,5.226682563674648,-0.7189838044842043,18
416,paco21,hema1,46.44472366878611,-1.263982525923343,19
416,paco21,ph1,439.4965318927481,-1.5396487905956904,19
416,pafi1,hema1,15.593494003469258,-1.925035018218121,19
416,pafi1,ph1,5.517366451742345,-1.4862360722984547,19
417,paco21,hema1,53.77186931191443,-0.8767834802501323,19
417,paco21,ph1,446.50855345094897,-1.0506735533591995,19
417,pafi1,hema1,46.13643179680713,-1.091153751328221,19
417,pafi1,ph1,1.501945679715062,-0.9508172497865133,19
418,paco21,hema1,59.21735687647928,-1.0125889931231906,19
418,paco21,ph1,462.79533357382365,-1.164270548616387,19
418,pafi1,hema1,41.218991967486716,-1.2976543163517682,19
418,pafi1,ph1,3.8704946871159125,-0.800391901412549,19
419,paco21,hema1,61.67000419349144,-0.7959659418788022,19
419,paco21,ph1,410.9491895886941,-0.9415642433750407,19
419,pafi1,hema1,25.07796056441522,-1.1526676231636883,19
419,pafi1,ph1,1.3532194077290043,-0.976711921501622,19
420,paco21,hema1,65.44609913269771,-1.1739649239354797,19
420,paco21,ph1,395.4795352891007,-1.510973550767326,19
420,pafi1,hema1,41.061057016995896,-1.4187971714775944,19
420,pafi1,ph1,0.02711697777132168,-0.7900207410186321,19
421,paco21,hema1,38.68046494728962,-1.3583868190843977,19
421,paco21,ph1,329.803803868171,-1.6717785812732235,19
421,pafi1,hema1,15.399440240554085,-1.7471788680311497,19
421,pafi1,ph1,0.2864916819694218,-1.6221512447556157,19
422,paco21,hema1,40.99155131683163,-1.306786322094753,19
422,paco21,ph1,382.52950826414565,-1.5734965124196403,19
422,pafi1,hema1,15.57398271002867,-1.9311149934799055,19
422,pafi1,ph1,1.082052720906447,-1.5757180680433747,19
423,paco21,hema1,59.64068297001525,-1.7294493866629985,18
423,paco21,ph1,342.22328958881724,-1.7633834154461965,18
423,pafi1,hema1,23.549310306662026,-1.803719980018892,18
423,pafi1,ph1,1.6293399041732095,-1.6846108135683835,18
424,paco21,hema1,36.44798327586168,-0.7719365415158806,19
424,paco21,ph1,397.94074074520034,-1.1935121878204495,19
424,pafi1,hema1,21.34007160546027,-1.2559606805293775,19
424,pafi1,ph1,0.5866130854616235,-1.2295771913728626,19
425,paco21,hema1,53.51803177272324,-1.4428793198849925,19
425,paco21,ph1,314.6335903625259,-1.5252933327241542,19
425,pafi1,hema1,39.29789808862683,-1.4831859485860153,19
425,pafi1,ph1,3.3870151990304844,-1.6171435699727579,19
426,paco21,hema1,64.84099819318322,-1.2916442377485167,19
426,paco21,ph1,318.4313531973747,-1.4843618456310703,19
426,pafi1,hema1,12.422136404142295,-1.6738037424054588,19
426,pafi1,ph1,4.771605010703788,-1.2979792067400018,19
427,paco21,hema1,43.70030351561282,-1.375460217818966,19
427,paco21,ph1,481.77171889572435,-1.5642718485765696,19
427,pafi1,hema1,27.370080157952767,-1.4077932859425413,19
427,pafi1,ph1,2.145094492877421,-1.7623917848615818,19
428,paco21,hema1,41.93275231255218,-1.2481591872300037,19
428,paco21,ph1,258.0673205286832,-1.5484824526159162,19
428,pafi1,hema1,24.255077501928124,-1.6281624466854925,19
428,pafi1,ph1,6.182289981512823,-1.4370258655844985,19
429,paco21,hema1,54.68925053636202,-0.8653255402957515,19
429,paco21,ph1,278.1535225523049,-1.0492021574945807,19
429,pafi1,hema1,20.490604667544627,-1.166805179942848,19
429,pafi1,ph1,7.571275218719809,-0.9680262710440795,19
430,paco21,hema1,54.09088271232543,-0.5572257803627906,19
430,paco21,ph1,313.3977946839741,-0.6640068503247538,19
430,pafi1,hema1,46.617169439127196,-0.661794660891546,19
430,pafi1,ph1,1.2319002211869463,-0.6459098940737833,19
431,paco21,hema1,46.82937962296412,-0.6651116201723893,19
431,paco21,ph1,308.59593532919405,-1.0544529973815528,19
431,pafi1,hema1,16.012800119960463,-0.9687749737033733,19
431,pafi1,ph1,5.51586329712572,-1.0415053857211598,19
432,paco21,hema1,61.82448876590629,-1.3730589756897937,19
432,paco21,ph1,298.40199761671664,-1.6281750985777592,19
432,pafi1,hema1,26.549988711505726,-1.4290074072838101,19
432,pafi1,ph1,1.1689150588441644,-2.231240425417033,19
433,paco21,hema1,57.42022906702084,-1.5216365462505228,19
433,paco21,ph1,365.68250834107585,-1.552725513660336,19
433,pafi1,hema1,30.85302182951981,-1.5862457706018884,19
433,pafi1,ph1,8.715371694113628,-1.5372160434820386,19
434,paco21,hema1,55.73114712455743,-1.0601440272262743,19
434,paco21,ph1,378.04226157946187,-1.2206320531578305,19
434,pafi1,hema1,55.79825798645879,-1.1729640181471408,19
434,pafi1,ph1,12.078279529691843,-1.221323444199656,19
435,paco21,hema1,51.287512949315925,-1.2510461266724626,19
435,paco21,ph1,419.9898816885923,-1.5625542882447125,19
435,pafi1,hema1,17.30496892876086,-1.6907037758919465,19
435,pafi1,ph1,1.0446349283694885,-1.4332660234469368,19
436,paco21,hema1,58.08891074679353,-0.8358897472545795,19
436,paco21,ph1,449.3893930427665,-1.0788174786465392,19
436,pafi1,hema1,35.72656770937733,-1.1256555865408577,19
436,pafi1,ph1,4.746841492454717,-0.8784366024495773,19
437,paco21,hema1,55.66390267030489,-1.4364681893787021,19
437,paco21,ph1,376.88107723693446,-1.4825928859235245,19
437,pafi1,hema1,23.768258489287714,-1.5027372980082354,19
437,pafi1,ph1,0.399958208139995,-2.087728425226168,19
438,paco21,hema1,47.24737660335298,-1.4432737111885432,19
438,paco21,ph1,233.36748167668694,-1.6030174236451205,19
438,pafi1,hema1,29.516345468147627,-1.748121415861267,19
438,pafi1,ph1,0.012748411442274312,1.6981696122395094,19
439,paco21,hema1,48.071677694588395,-0.5533989231788219,19
439,paco21,ph1,272.4931368596938,-1.053933197131013,19
439,pafi1,hema1,18.84443190134047,-1.2938574431887586,19
439,pafi1,ph1,4.854109886655266,-0.823309225537979,19
440,paco21,hema1,88.48694724595649,-1.4084813383591464,19
440,paco21,ph1,448.2054100394643,-1.358083397739079,19
440,pafi1,hema1,37.16348467155816,-1.4495889399285644,19
440,pafi1,ph1,14.945112024616364,-1.3016686004367755,19
441,paco21,hema1,36.192737637914234,-1.3081958655627,19
441,paco21,ph1,367.3319750706093,-1.651235731389814,19
441,pafi1,hema1,16.505154101633842,-1.7828340655239525,19
441,pafi1,ph1,3.775114221312038,-1.6357718845263278,19
442,paco21,hema1,38.26339225873684,-1.7603914926299598,19
442,paco21,ph1,452.3821162683592,-2.0116325922432337,19
442,pafi1,hema1,30.24397156001932,-2.2156621435134025,19
442,pafi1,ph1,2.6135213175322654,-1.7602196386727151,19
443,paco21,hema1,41.24644268072517,-0.843411781524604,19
443,paco21,ph1,275.3729464183619,-1.1449071007171716,19
443,pafi1,hema1,37.490143890479835,-1.0341041357500438,19
443,pafi1,ph1,4.026604042127995,-1.1637461394707693,19
444,paco21,hema1,45.28569393658369,-1.1296945951380493,19
444,paco21,ph1,399.95500797244347,-1.2053318761352096,19
444,pafi1,hema1,37.372313703652644,-1.239635395221445,19
444,pafi1,ph1,1.9302241840371468,-1.1450636215165506,19
445,paco21,hema1,49.88901742067698,-0.7717076124657003,19
445,paco21,ph1,345.8233563329518,-1.044937067837963,19
445,pafi1,hema1,20.560761775253663,-1.0714955577578205,19
445,pafi1,ph1,10.966604725657623,-1.0333271258870818,19
446,paco21,hema1,47.475372829631276,-0.6386582176724721,19
446,paco21,ph1,451.741623671542,-0.8812093014357559,19
446,pafi1,hema1,44.13924069591425,-1.002502743212733,19
446,pafi1,ph1,0.23981339940547275,-0.6261415012367663,19
447,paco21,hema1,63.625655756589204,-1.4774083012555879,19
447,paco21,ph1,276.33660772998195,-1.6591015970549954,19
447,pafi1,hema1,26.236504129141082,-1.6167709876243725,19
447,pafi1,ph1,6.508886393341081,-1.6612893511948519,19
448,paco21,hema1,44.81461053926993,-0.9862806593555657,19
448,paco21,ph1,339.9163417838363,-1.1122780765882336,19
448,pafi1,hema1,26.509593361079688,-1.0492908010783581,19
448,pafi1,ph1,2.127752915744426,-1.1267770589132236,19
449,paco21,hema1,73.03263112298463,-0.7991041069704145,19
449,paco21,ph1,267.482872624789,-1.2152668125760464,19
449,pafi1,hema1,19.261813203958248,-1.111190976127338,19
449,pafi1,ph1,0.880611651214184,-1.2746432414074431,19
450,paco21,hema1,47.412042869243784,-1.3514303006215749,19
450,paco21,ph1,447.38868734632524,-1.48710894859238,19
450,pafi1,hema1,31.732316717860975,-1.7602970561917672,19
450,pafi1,ph1,0.20562459165334507,-3.6258671218134686,19
451,paco21,hema1,59.562706981503105,-1.2269664225332062,19
451,paco21,ph1,301.9219841168509,-1.3891380384825596,19
451,pafi1,hema1,36.87577372936,-1.3594212150511618,19
451,pafi1,ph1,4.325493764321681,-1.3751982950620576,19
452,paco21,hema1,62.720955545096146,-1.4344671458142275,19
452,paco21,ph1,430.2807310280769,-1.6865649929338393,19
452,pafi1,hema1,51.034342742121176,-1.8138576763826142,19
452,pafi1,ph1,6.552203315325845,-1.637170727644236,19
453,paco21,hema1,38.092637354370716,-0.7294264064510579,19
453,paco21,ph1,419.51114090483026,-1.1001227948601986,19
453,pafi1,hema1,18.672327447076768,-1.205348982043823,19
453,pafi1,ph1,1.8741633361640704,-0.9646842104081619,19
454,paco21,hema1,69.86791792917623,-0.9277972417651679,19
454,paco21,ph1,378.61337749912263,-1.123272958288832,19
454,pafi1,hema1,32.534483455467736,-1.1413472899438346,19
454,pafi1,ph1,3.4131095343995965,-1.1190728755612427,19
455,paco21,hema1,46.28780357543529,-1.316697281169899,19
455,paco21,ph1,303.8680978284987,-1.4091246077526773,19
455,pafi1,hema1,4.120516688010025,-1.2839838952914064,19
455,pafi1,ph1,6.481497162722613,-1.4274233820009947,19
456,paco21,hema1,53.58758625813411,-1.0653006174213782,19
456,paco21,ph1,308.7606781466797,-1.1903131248749241,19
456,pafi1,hema1,22.205365667945454,-1.144472751067286,19
456,pafi1,ph1,3.3720485870482575,-1.1897723882645315,19
457,paco21,hema1,36.44623460130999,-1.1968161350816497,19
457,paco21,ph1,445.37503806809985,-1.3899863050603618,19
457,pafi1,hema1,18.878710946970013,-1.4003774865585177,19
457,pafi1,ph1,0.17211686917575889,-1.2279488216904169,19
458,paco21,hema1,39.057629830473026,-1.1050196843262041,19
458,paco21,ph1,272.16937475773295,-1.5422953329159856,19
458,pafi1,hema1,15.697218243518156,-1.539011695398039,19
458,pafi1,ph1,1.031286405683796,-1.3712466676320163,19
459,paco21,hema1,54.5119415250391,-1.1370419606539874,19
459,paco21,ph1,338.81978693741667,-1.322839694866387,19
459,pafi1,hema1,20.67362147481715,-1.4060901472246008,19
459,pafi1,ph1,4.236952182696185,-1.2942019247869032,19
460,paco21,hema1,47.6795249338987,-0.8949491709201038,19
460,paco21,ph1,220.8802331923466,-0.7857717215613909,19
460,pafi1,hema1,16.31121477474652,-1.1274008198205225,19
460,pafi1,ph1,0.007245204453449526,4.536063560728976,19
461,paco21,hema1,56.83714181056255,-0.7306602860683169,19
461,paco21,ph1,252.90183394026224,-1.1356430036258827,19
461,pafi1,hema1,41.81153952249144,-1.1000059933294233,19
461,pafi1,ph1,6.269070806762553,-1.0957405394945332,19
462,paco21,hema1,45.73358292930178,-1.2780107993524397,19
462,paco21,ph1,366.5004119763766,-1.7106361786491915,19
462,pafi1,hema1,21.197192547207216,-1.5184479195630753,19
462,pafi1,ph1,0.5534621367458352,-1.5761109169127705,19
463,paco21,hema1,50.98560039101229,-0.9072053414291135,19
463,paco21,ph1,317.81178055004284,-1.0699273434805487,19
463,pafi1,hema1,27.686502616135677,-1.2797355404296669,19
463,pafi1,ph1,7.761312751424851,-0.8729963924364839,19
464,paco21,hema1,67.53815264484614,-1.2266258556092524,19
464,paco21,ph1,298.3136793459438,-1.1908502580539566,19
464,pafi1,hema1,30.53124700336461,-1.3894372615034507,19
464,pafi1,ph1,1.0902867486909873,-0.9655482217737923,19
465,paco21,hema1,38.219556650120836,-1.5795059379968437,18
465,paco21,ph1,343.6461542240805,-1.7347730968315689,18
465,pafi1,hema1,37.24390614010696,-1.953694454484469,18
465,pafi1,ph1,1.0568290397989533,-1.8426562864033191,18
466,paco21,hema1,49.38891144147247,-0.9314704079649633,19
466,paco21,ph1,441.5395875488442,-1.3960536072933363,19
466,pafi1,hema1,29.8961383859291,-1.4628368377484813,19
466,pafi1,ph1,0.37976175325500117,-1.4411234244824649,19
467,paco21,hema1,47.89816276685905,-1.2846511010739168,19
467,paco21,ph1,363.1608896371707,-1.376260538287003,19
467,pafi1,hema1,42.254056923266944,-1.4940979182618415,19
467,pafi1,ph1,4.362697425158974,-1.3786489820493206,19
468,paco21,hema1,41.82907907207243,-1.129252250213729,19
468,paco21,ph1,296.54038966842757,-1.405800624693595,19
468,pafi1,hema1,32.766712806694215,-1.3687339086920751,19
468,pafi1,ph1,0.0528923701655715,-1.5393958706222268,19
469,paco21,hema1,47.17537370989321,-0.9962362590165941,18
469,paco21,ph1,271.81525250024885,-1.061132035662907,18
469,pafi1,hema1,40.20756936877544,-1.2180132168381332,18
469,pafi1,ph1,4.946707526959999,-0.9916785163258951,18
470,paco21,hema1,45.52192495602622,-0.8316117636185328,19
470,paco21,ph1,381.26505382863377,-1.1718568659098343,19
470,pafi1,hema1,35.03568784582737,-1.5010233916901694,19
470,pafi1,ph1,0.22232113203830867,-0.12257749123078082,19
471,paco21,hema1,55.03968240775884,-1.3250971228508912,19
471,paco21,ph1,383.72013873780213,-1.6371244196061991,19
471,pafi1,hema1,21.345157473959244,-1.4511413308225167,19
471,pafi1,ph1,1.393000355924472,-1.7182099602099288,19
472,paco21,hema1,44.76421049873249,-1.4457479131675974,19
472,paco21,ph1,311.32456116523696,-1.5173849817766822,19
472,pafi1,hema1,26.43025940184046,-1.9628670630799685,19
472,pafi1,ph1,0.38099086222011574,-0.822780173659621,19
473,paco21,hema1,55.663166458081626,-1.3080174300399345,19
473,paco21,ph1,250.29448018589704,-1.4630985502864062,19
473,pafi1,hema1,27.298499242927388,-1.4207142116671814,19
473,pafi1,ph1,1.8949585576527797,-1.4920241614182712,19
474,paco21,hema1,70.62326320423475,-1.833115447710821,18
474,paco21,ph1,286.44884797210824,-1.9572877484384839,18
474,pafi1,hema1,23.753131684690604,-1.9719765077749185,18
474,pafi1,ph1,1.5084719585947532,-1.963135777660063,18
475,paco21,hema1,37.48788777357122,-0.8957663646067378,19
475,paco21,ph1,304.25513409541236,-1.1688291953523045,19
475,pafi1,hema1,14.05339271026659,-1.3102841353239645,19
475,pafi1,ph1,3.9789254272341963,-1.194526031823754,19
476,paco21,hema1,65.254960572957,-1.3445086522088063,19
476,paco21,ph1,414.0972630671659,-1.6261795159834946,19
476,pafi1,hema1,24.60972783450282,-1.7530268523879353,19
476,pafi1,ph1,0.1468784012758367,-0.18497541198522957,19
477,paco21,hema1,55.37704184138042,-1.1386375250057925,19
477,paco21,ph1,292.8719780193556,-1.5790774220265165,19
477,pafi1,hema1,12.015069017124043,-1.6799740172532496,19
477,pafi1,ph1,0.024777405040991386,-0.02858544393844923,19
478,paco21,hema1,85.41691148001229,-0.9796782867027637,18
478,paco21,ph1,304.06638656537905,-1.0903624152586004,18
478,pafi1,hema1,59.65767349282511,-1.327056551926026,18
478,pafi1,ph1,0.004475515351027614,-6.687032325007729,18
479,paco21,hema1,51.151932600784264,-0.577965190936376,18
479,paco21,ph1,457.61665144502217,-1.1363554666001288,18
479,pafi1,hema1,4.211321757533411,-0.8800420510901227,18
479,pafi1,ph1,3.087574970653763,-1.1603217405909914,18
480,paco21,hema1,54.74591356164808,-1.2232665629650181,19
480,paco21,ph1,321.4575875899608,-1.5364345405325337,19
480,pafi1,hema1,18.98406208601488,-1.5421142480380214,19
480,pafi1,ph1,9.499961744692714,-1.5035880156371482,19
481,paco21,hema1,67.51327110076436,-0.5579071437056206,19
481,paco21,ph1,365.6828650568717,-0.6579100497798884,19
481,pafi1,hema1,27.80142364372137,-0.8981073982291693,19
481,pafi1,ph1,6.605213688239822,-0.6424726834149023,19
482,paco21,hema1,69.33924712574776,-1.4614579648555184,19
482,paco21,ph1,298.5291438696107,-1.6190876001925523,19
482,pafi1,hema1,30.197636425076766,-1.6528369659136586,19
482,pafi1,ph1,0.7042319357652089,-1.458768788949245,19
483,paco21,hema1,34.815690977030116,-1.199720835409937,19
483,paco21,ph1,324.49557014710086,-1.329661857230223,19
483,pafi1,hema1,20.93769325661755,-1.4005493258058144,19
483,pafi1,ph1,4.410664612812211,-1.3066301785658667,19
484,paco21,hema1,47.73266597452448,-1.0406670560573577,19
484,paco21,ph1,398.6804878346762,-1.212862076114332,19
484,pafi1,hema1,37.1618917664676,-1.3381833375137302,19
484,pafi1,ph1,1.257129846561957,-1.0695136476056386,19
485,paco21,hema1,34.84762794704356,-1.0324329828326162,19
485,paco21,ph1,312.8778107603192,-1.2013141856167453,19
485,pafi1,hema1,23.221087394399778,-1.2970687976345427,19
485,pafi1,ph1,0.9222119015490039,-1.138417323970684,19
486,paco21,hema1,59.823870911842086,-0.8074593935289424,19
486,paco21,ph1,295.0356747988301,-1.0319589031730607,19
486,pafi1,hema1,20.755261270048955,-1.2164122532849275,19
486,pafi1,ph1,0.8005721503961762,-1.1138441562394266,19
487,paco21,hema1,40.16938289410934,-1.629388901424722,19
487,paco21,ph1,399.9644909794126,-1.8701314703800438,19
487,pafi1,hema1,21.937892458185647,-2.2898858543399077,19
487,pafi1,ph1,1.3564681868003214,-1.3654844487543294,19
488,paco21,hema1,50.8465895094629,-1.0306397157262839,19
488,paco21,ph1,401.4122470694518,-1.4298358152864303,19
488,pafi1,hema1,35.454289989497106,-1.4256994862830457,19
488,pafi1,ph1,14.37911907775526,-1.4281417258007556,19
489,paco21,hema1,35.45371845368123,-1.0935998740951034,19
489,paco21,ph1,205.16628558589423,-1.1150786446207934,19
489,pafi1,hema1,33.749625458781274,-1.6046120641765147,19
489,pafi1,ph1,2.988664406294162,-1.0055915815186565,19
490,paco21,hema1,24.456614982968585,-1.0615037743145508,19
490,paco21,ph1,421.15595319476625,-1.5806432371330315,19
490,pafi1,hema1,20.849042007525966,-1.603796851197306,19
490,pafi1,ph1,0.1099707150282333,-1.6450436478531487,19
491,paco21,hema1,49.71678388800691,-1.2463631773098305,19
491,paco21,ph1,280.32552470757275,-1.2994980742071074,19
491,pafi1,hema1,23.449793878833546,-1.4415564648713282,19
491,pafi1,ph1,0.9362473764668152,-1.0870332988090214,19
492,paco21,hema1,47.848826000647364,-1.6034736693417153,19
492,paco21,ph1,266.9142737334098,-1.6886084232322633,19
492,pafi1,hema1,24.35903381958335,-1.7004381402909774,19
492,pafi1,ph1,6.243871986344834,-1.6964004751290447,19
493,paco21,hema1,54.24007337201566,-1.1905055975565302,19
493,paco21,ph1,417.9735837222146,-1.282169267560024,19
493,pafi1,hema1,15.917318756930591,-1.5585971612998462,19
493,pafi1,ph1,0.020992485113224876,3.9211307321709916,19
494,paco21,hema1,35.51649928162617,-1.5503728219336157,19
494,paco21,ph1,274.395248255922,-1.6915304813224346,19
494,pafi1,hema1,24.55239305419125,-1.8328518997291947,19
494,pafi1,ph1,1.2640065200617723,-1.6898607242875467,19
495,paco21,hema1,40.280814143355926,-1.3873474921768314,19
495,paco21,ph1,323.24240150213456,-1.3559328848912475,19
495,pafi1,hema1,10.547561605014032,-1.1745828687444961,19
495,pafi1,ph1,1.6547813923205228,-1.4503243389869542,19
496,paco21,hema1,36.31510503342292,-1.3899422796564143,19
496,paco21,ph1,392.8487090008955,-1.5369717904237035,19
496,pafi1,hema1,17.66197176010894,-1.8664538880101726,19
496,pafi1,ph1,1.9223117069995173,-0.9893397618604675,19
497,paco21,hema1,64.3292357584663,-1.5314029524227752,19
497,paco21,ph1,196.24907930617323,-1.5370503265590492,19
497,pafi1,hema1,18.75869890404141,-1.6377845812356442,19
497,pafi1,ph1,0.027805326521779243,-0.8283649850701484,19
498,paco21,hema1,69.62795130318634,-1.644876201322648,19
498,paco21,ph1,347.2725156335012,-1.7002399143357925,19
498,pafi1,hema1,28.471980099800177,-1.6769481098866552,19
498,pafi1,ph1,3.8701953789681487,-1.716927092049734,19
499,paco21,hema1,48.84365928702413,-0.7541390563632226,18
499,paco21,ph1,269.75881933001295,-1.127660684346835,18
499,pafi1,hema1,26.012192568521996,-1.1116900742644427,18
499,pafi1,ph1,3.775115257803749,-1.1010700319314812,18
500,paco21,hema1,62.80927820122189,-1.5152558453246454,19
500,paco21,ph1,314.5060201115076,-1.5509709338309463,19
500,pafi1,hema1,32.81705128612619,-1.6001475093384812,19
500,pafi1,ph1,1.5949458836982677,-1.4650706680292025,19
501,paco21,hema1,40.92058113044986,-0.6557086260119888,18
501,paco21,ph1,345.19143813246126,-0.956514997878957,18
501,pafi1,hema1,27.15352849307309,-1.3874446557347173,18
501,pafi1,ph1,2.2151284286430517,-0.7638197064346822,18
502,paco21,hema1,69.0011594176379,-0.9654758083077497,19
502,paco21,ph1,434.11631880434476,-1.221814811130759,19
502,pafi1,hema1,29.64156674841587,-1.2011748136209464,19
502,pafi1,ph1,2.55090576919062,-1.2003696558767931,19
503,paco21,hema1,54.8634426876437,-1.0670875070265813,19
503,paco21,ph1,415.0679433548546,-1.4247862498954116,19
503,pafi1,hema1,36.351707080601834,-1.3731466415129323,19
503,pafi1,ph1,5.6028941157607575,-1.4284030789646511,19
504,paco21,hema1,66.83146898167004,-1.28753016001607,19
504,paco21,ph1,355.4590282200045,-1.385959107262209,19
504,pafi1,hema1,22.515785443312488,-1.351461914137825,19
504,pafi1,ph1,0.5938703978019708,-1.4372940749347585,19
505,paco21,hema1,54.154144616064904,-1.3848368865779515,19
505,paco21,ph1,318.17939507257273,-1.4946839319106728,19
505,pafi1,hema1,33.573178025161745,-1.5385930540825556,19
505,pafi1,ph1,1.3822441739944646,-1.5128252983031907,19
506,paco21,hema1,63.48867586596516,-1.2471165788682088,18
506,paco21,ph1,266.3608757533662,-1.6238761107595896,18
506,pafi1,hema1,17.510660423580198,-1.5245519449330884,18
506,pafi1,ph1,5.173963378362217,-1.6355669110290632,18
507,paco21,hema1,41.380322781741235,-1.286118686074658,19
507,paco21,ph1,382.8670511298973,-1.5232559994783832,19
507,pafi1,hema1,11.581700019818975,-1.6180552176897531,19
507,pafi1,ph1,3.669125671910427,-1.415560830219686,19
508,paco21,hema1,73.78175285611343,-0.8519690924779788,19
508,paco21,ph1,442.99872126555914,-1.1210401487605623,19
508,pafi1,hema1,18.07708895332163,-1.3816355480767333,19
508,pafi1,ph1,0.7821422088332572,-0.992120667889576,19
509,paco21,hema1,49.76673510223183,-1.5878523020098314,18
509,paco21,ph1,292.6005464274576,-1.5125362533650886,18
509,pafi1,hema1,23.101088025172828,-1.5641393031130881,18
509,pafi1,ph1,2.7616157079182364,-1.4925246127591296,18
510,paco21,hema1,44.56250263488057,-1.1088634716491155,19
510,paco21,ph1,414.8990776633912,-1.2426183775250375,19
510,pafi1,hema1,14.389321450650828,-1.397848739465726,19
510,pafi1,ph1,10.236084580657183,-1.2340712599823913,19
511,paco21,hema1,29.244743804530355,-1.0908771971064943,19
511,paco21,ph1,357.02150056719057,-1.2309939986797107,19
511,pafi1,hema1,16.99086132885031,-1.2800655397013867,19
511,pafi1,ph1,8.957660217721154,-1.2762474677039868,19
512,paco21,hema1,57.96241682753146,-1.1662071976942798,19
512,paco21,ph1,367.7506496006736,-1.3127144800503332,19
512,pafi1,hema1,23.663396981090592,-1.2539459198542686,19
512,pafi1,ph1,7.925739600691509,-1.3308836482207285,19
513,paco21,hema1,56.20047347046394,-1.162953125509647,19
513,paco21,ph1,413.6066771424675,-1.4776386638748973,19
513,pafi1,hema1,20.931233023699203,-1.5354566675464778,19
513,pafi1,ph1,0.08259107169217754,-0.812993250683591,19
514,paco21,hema1,54.01821024827653,-1.2031884192511484,19
514,paco21,ph1,233.39843741918122,-1.455589758257939,19
514,pafi1,hema1,10.801911266099333,-1.775567915709805,19
514,pafi1,ph1,1.8738668668801655,-1.2832506334835434,19
515,paco21,hema1,50.337403922543,-1.2384801814350763,19
515,paco21,ph1,411.1804358376767,-1.4704633679209007,19
515,pafi1,hema1,42.55752907623524,-1.608453298477508,19
515,pafi1,ph1,6.325891675711102,-1.3459169886303972,19
516,paco21,hema1,47.703217952792116,-1.0960847653224637,19
516,paco21,ph1,443.30479810103867,-1.2393102473195117,19
516,pafi1,hema1,30.374124455181335,-1.1999928699029638,19
516,pafi1,ph1,3.5169924173766387,-1.2363399901265393,19
517,paco21,hema1,56.196658999941036,-1.279893196320408,19
517,paco21,ph1,453.4886002923108,-1.3940096488808558,19
517,pafi1,hema1,34.44837874540554,-1.6782454154487674,19
517,pafi1,ph1,2.8733547861961743,-1.4487576243818219,19
518,paco21,hema1,67.74175750444874,-0.9596108677145175,19
518,paco21,ph1,451.58134371047396,-1.3437421879540503,19
518,pafi1,hema1,34.27847001618826,-1.286660518488109,19
518,pafi1,ph1,4.216371272260163,-1.3448483318305273,19
519,paco21,hema1,35.82743349110704,-1.2967081377135707,19
519,paco21,ph1,254.59229661124976,-1.3731734646714813,19
519,pafi1,hema1,16.26893229190497,-1.64459977391709,19
519,pafi1,ph1,0.12812175229543454,-0.5499307852777803,19
520,paco21,hema1,26.3309856742708,-1.0235266259930773,19
520,paco21,ph1,296.7259121197048,-1.6265883903383276,19
520,pafi1,hema1,9.554720531461621,-2.015757190096084,19
520,pafi1,ph1,2.78434392202223,-1.3674324638814706,19
521,paco21,hema1,55.125357816877006,-1.2109972694559332,19
521,paco21,ph1,395.1500451141255,-1.3584981286161535,19
521,pafi1,hema1,14.86167536630128,-1.2959904475310284,19
521,pafi1,ph1,0.403805557351954,-1.463210450005661,19
522,paco21,hema1,49.73450175808987,-0.45923338358212135,19
522,paco21,ph1,329.89506893483656,-1.0205308076627728,19
522,pafi1,hema1,27.501607394749726,-0.988317751864101,19
522,pafi1,ph1,10.150261332521634,-0.9502043218765654,19
523,paco21,hema1,74.51815837717555,-1.0185652761648327,19
523,paco21,ph1,332.799246502956,-1.2458478981279797,19
523,pafi1,hema1,25.7077079854264,-1.3396548275892477,19
523,pafi1,ph1,12.312538753187635,-0.9112915669192957,19
524,paco21,hema1,65.81559141493263,-0.8403644620342504,19
524,paco21,ph1,380.6958962259465,-0.9672204473618093,19
524,pafi1,hema1,25.85036850541742,-1.0023513249477642,19
524,pafi1,ph1,4.211355127113608,-0.8792851071902603,19
525,paco21,hema1,55.9764535068833,-1.7027531806297058,19
525,paco21,ph1,214.6373896289283,-1.711692228250659,19
525,pafi1,hema1,11.754331898993557,-2.3144195660543283,19
525,pafi1,ph1,10.151742212343482,-1.8771541976442394,19
526,paco21,hema1,46.48326575840211,-0.6589665601206738,19
526,paco21,ph1,228.24084587861242,-0.7246628373330264,19
526,pafi1,hema1,26.34526966681807,-0.7942985180869714,19
526,pafi1,ph1,0.307186424101087,-0.4280191685648624,19
527,paco21,hema1,52.19658631953112,-1.2858527382187699,19
527,paco21,ph1,450.719569757719,-1.3365594101965956,19
527,pafi1,hema1,27.55450403237106,-1.3252766500468782,19
527,pafi1,ph1,1.5450252618487512,-1.1672835528094665,19
528,paco21,hema1,44.32545300183486,-0.8825051462355099,19
528,paco21,ph1,405.9010742719407,-1.232657246190736,19
528,pafi1,hema1,16.263849397981723,-1.638968876386017,19
528,pafi1,ph1,0.04045464000544826,-1.991707654390869,19
529,paco21,hema1,58.92875194041551,-0.7511593847105617,19
529,paco21,ph1,306.9130390722043,-0.8056645096466322,19
529,pafi1,hema1,24.709617511341122,-1.1786542783260214,19
529,pafi1,ph1,1.3122297989913254,-1.0728322300832716,19
530,paco21,hema1,54.328538626232366,-1.0503547935690898,19
530,paco21,ph1,302.1668581672984,-1.251171423529034,19
530,pafi1,hema1,18.31829670703474,-1.4887276808552898,19
530,pafi1,ph1,0.3838675523747524,-1.2844667652709125,19
531,paco21,hema1,57.335541968354136,-1.083123322465048,19
531,paco21,ph1,383.70862479232125,-1.407158318302799,19
531,pafi1,hema1,37.003901909367954,-1.2331553106249054,19
531,pafi1,ph1,6.137753985381181,-1.5412029032608636,19
532,paco21,hema1,27.77157115621832,-1.2676577844752894,19
532,paco21,ph1,285.70471816367547,-1.5181902816767123,19
532,pafi1,hema1,25.975253349975667,-1.691406846389004,19
532,pafi1,ph1,7.602669461026045,-1.3936363738577142,19
533,paco21,hema1,52.994723030998294,-1.5047467541633912,18
533,paco21,ph1,413.76562428599146,-1.6895908695874235,18
533,pafi1,hema1,17.208462573788566,-1.7157251152425719,18
533,pafi1,ph1,1.0561674732001678,-1.6608423501127798,18
534,paco21,hema1,56.09163123707881,-1.2797585130532123,19
534,paco21,ph1,239.93407720034813,-1.4165794058965326,19
534,pafi1,hema1,32.67706218591295,-1.4276635999521277,19
534,pafi1,ph1,9.375939675054509,-1.410323042650389,19
535,paco21,hema1,53.087786398414906,-1.6364198935253178,19
535,paco21,ph1,460.66860732338915,-1.837116345195753,19
535,pafi1,hema1,27.62834673192256,-2.010916212304175,19
535,pafi1,ph1,3.3488389621521755,-1.6626240611036136,19
536,paco21,hema1,39.4005952733536,-0.6243902653885659,19
536,paco21,ph1,319.4679574293565,-0.9770040244137809,19
536,pafi1,hema1,20.713181945739603,-1.1192032450156115,19
536,pafi1,ph1,0.6504171850753674,-0.669874411654096,19
537,paco21,hema1,45.24726585187079,-1.0073460184159644,19
537,paco21,ph1,322.9218936765465,-1.4367767052589329,19
537,pafi1,hema1,30.115032363496248,-1.3122470237837873,19
537,pafi1,ph1,0.9176934691638101,-1.1970351037239408,19
538,paco21,hema1,41.853898689126666,-1.2484477070072226,18
538,paco21,ph1,313.700340272063,-1.4304811836624547,18
538,pafi1,hema1,16.39537523405138,-1.6423901168276973,18
538,pafi1,ph1,14.184891864846348,-1.4471935835947007,18
539,paco21,hema1,47.603116723920984,-1.3559565387173438,19
539,paco21,ph1,283.9125090819687,-1.536232787721945,19
539,pafi1,hema1,28.43087529795813,-1.6054763113245891,19
539,pafi1,ph1,15.393474984751245,-1.509301114882708,19
540,paco21,hema1,49.725944060024155,-1.2481289062914278,19
540,paco21,ph1,272.6181774289221,-1.3887033604045784,19
540,pafi1,hema1,45.688683415900414,-1.5399377217029648,19
540,pafi1,ph1,1.3024575451452394,-1.260958263121565,19
541,paco21,hema1,60.40333051166738,-1.3494676138690387,18
541,paco21,ph1,297.63519270190636,-1.5953761520730123,18
541,pafi1,hema1,20.28672328837037,-1.6247433599444383,18
541,pafi1,ph1,0.3741324650381979,-1.2434682966812922,18
542,paco21,hema1,49.1254790052185,-1.1038114598093063,19
542,paco21,ph1,377.1168716031139,-1.2870863184202277,19
542,pafi1,hema1,10.829799175414061,-1.474737751289826,19
542,pafi1,ph1,7.3054786490952415,-1.2603226530207092,19
543,paco21,hema1,52.12350356976821,-1.4322933625067473,19
543,paco21,ph1,214.94502332538008,-1.5552396225891463,19
543,pafi1,hema1,24.57998810137133,-1.5716028989551507,19
543,pafi1,ph1,1.4698796860196843,-1.5730650547403473,19
544,paco21,hema1,76.25974299571041,-1.0790199732927654,19
544,paco21,ph1,231.2353820766246,-1.183246166747717,19
544,pafi1,hema1,52.78825265232003,-1.1077258719083256,19
544,pafi1,ph1,3.1012532499163235,-1.2800811192279051,19
545,paco21,hema1,51.942091655376245,-0.7105155570944949,18
545,paco21,ph1,491.1219430678501,-1.1107045414298686,18
545,pafi1,hema1,48.694690326559,-0.9228534106633235,18
545,pafi1,ph1,7.75463248873783,-1.0002454828410747,18
546,paco21,hema1,50.32747410527894,-0.841787264580576,18
546,paco21,ph1,374.7011129923577,-0.961180280378229,18
546,pafi1,hema1,34.41422352215872,-1.0608308270603073,18
546,pafi1,ph1,3.5571644797471373,-0.8584447142581322,18
547,paco21,hema1,60.60903823989479,-1.3528304970709195,19
547,paco21,ph1,263.4064764795739,-1.486967563097674,19
547,pafi1,hema1,21.228126219289546,-1.3858593761064864,19
547,pafi1,ph1,1.9254339915698309,-1.5062307050919777,19
548,paco21,hema1,52.669420004253475,-1.5792719570905533,19
548,paco21,ph1,258.20334292415913,-1.7598922404864266,19
548,pafi1,hema1,7.8688283426912715,-1.8413185451611558,19
548,pafi1,ph1,3.5378870933464497,-1.570574931882591,19
549,paco21,hema1,43.93707502867129,-1.1344678743707308,19
549,paco21,ph1,469.17295503141736,-1.2898033564327847,19
549,pafi1,hema1,14.320203582373608,-1.4071689240339507,19
549,pafi1,ph1,3.085156129834382,-1.3303265850994004,19
550,paco21,hema1,40.476227082807526,-0.6924536866712849,19
550,paco21,ph1,258.7445159604068,-0.8687829373926051,19
550,pafi1,hema1,21.996975902543515,-1.097328381404195,19
550,pafi1,ph1,2.3859018890671146,-0.7892633210046456,19
551,paco21,hema1,41.60347970289084,-1.2905218098617537,19
551,paco21,ph1,425.5672794973343,-1.4879644427792826,19
551,pafi1,hema1,34.50159640825599,-1.6231422350014348,19
551,pafi1,ph1,2.5988322586512056,-1.5305744141077282,19
552,paco21,hema1,39.110378160442174,-1.2027725086890564,18
552,paco21,ph1,274.79112927512716,-1.2916675408725178,18
552,pafi1,hema1,31.523502291978247,-1.3659699654948791,18
552,pafi1,ph1,0.46099293272092656,-1.661822069916183,18
553,paco21,hema1,80.06874143226761,-1.60186891164286,19
553,paco21,ph1,269.79580655543236,-1.6311745501886084,19
553,pafi1,hema1,47.05929183177501,-1.6114556800467763,19
553,pafi1,ph1,7.720627972301437,-1.6372007345376198,19
554,paco21,hema1,63.040653183789644,-1.5493150770245896,19
554,paco21,ph1,292.9688059152118,-1.6846733631616024,19
554,pafi1,hema1,26.14494764466485,-2.2095463466237852,19
554,pafi1,ph1,0.25786635061286506,-4.263787596394211,19
555,paco21,hema1,64.55796766357678,-1.2599072883993094,19
555,paco21,ph1,380.82979352011574,-1.2928328383716237,19
555,pafi1,hema1,26.433851090635148,-1.4541932310825967,19
555,pafi1,ph1,4.012843905808248,-1.256530380447005,19
556,paco21,hema1,52.048497342694056,-1.0225708421202961,19
556,paco21,ph1,259.29621917472485,-1.0916080075328107,19
556,pafi1,hema1,39.325013137560596,-1.1697616952866339,19
556,pafi1,ph1,8.239482701150093,-1.073201877721469,19
557,paco21,hema1,43.761582805110166,-1.0068826346401478,19
557,paco21,ph1,401.22816248700093,-1.2752388474188567,19
557,pafi1,hema1,37.413340267081544,-1.5603680807695692,19
557,pafi1,ph1,0.31617138177101234,-1.914330147447012,19
558,paco21,hema1,51.544848234042774,-0.5988835476902717,19
558,paco21,ph1,268.4774763207579,-0.9369458778046246,19
558,pafi1,hema1,35.285266602994916,-0.8862323421749027,19
558,pafi1,ph1,2.8733838750522587,-0.9475592211779216,19
559,paco21,hema1,52.11590893357483,-1.5641298627892894,19
559,paco21,ph1,403.19002363388717,-1.864264191051605,19
559,pafi1,hema1,31.970395653256666,-1.7982189789998715,19
559,pafi1,ph1,0.8890347427104728,-1.9449018245461873,19
560,paco21,hema1,57.79579504880337,-0.9707024575240141,19
560,paco21,ph1,311.3514392289024,-1.0556160155824355,19
560,pafi1,hema1,28.891034028793385,-1.0640223456314648,19
560,pafi1,ph1,7.293411757839328,-1.0624885201671777,19
561,paco21,hema1,52.5165396971354,-0.8768570844591682,19
561,paco21,ph1,296.279985681971,-1.1355700505067925,19
561,pafi1,hema1,31.704848080637127,-1.033148594251444,19
561,pafi1,ph1,0.09836030262553999,-1.4387274729793338,19
562,paco21,hema1,62.701205183441715,-1.153352634547251,19
562,paco21,ph1,321.3774132028128,-1.2966970391288024,19
562,pafi1,hema1,24.70359439950226,-1.3372780321336644,19
562,pafi1,ph1,2.8562994724069672,-1.2984770843176787,19
563,paco21,hema1,71.52975852365972,-1.2738220608296056,19
563,paco21,ph1,455.6122811209382,-1.3424020120760876,19
563,pafi1,hema1,32.746787839071104,-1.5554656906170259,19
563,pafi1,ph1,1.1442597722557337,-1.5355701622919615,19
564,paco21,hema1,41.74081800932858,-1.3495681249884286,19
564,paco21,ph1,271.3646377100133,-1.3768946378699738,19
564,pafi1,hema1,26.577245918689968,-1.7035176226040678,19
564,pafi1,ph1,3.746741384404813,-1.6078012680779465,19
565,paco21,hema1,48.6694236695543,-1.7156642224366587,19
565,paco21,ph1,444.19546453774444,-2.0263668900930805,19
565,pafi1,hema1,25.31590725559476,-2.0523469960985166,19
565,pafi1,ph1,0.13382819856193875,-2.0248314963960063,19
566,paco21,hema1,44.74366449939544,-1.6108307481185247,19
566,paco21,ph1,385.8527597224191,-1.8838413453424172,19
566,pafi1,hema1,36.94559221770561,-1.9670694994068079,19
566,pafi1,ph1,0.3070031527371306,-2.07603357780013,19
567,paco21,hema1,51.54403796364501,-0.5592880384378403,19
567,paco21,ph1,239.68308479403055,-0.749029924530924,19
567,pafi1,hema1,22.386304793273258,-1.178775422661989,19
567,pafi1,ph1,4.059184188426619,-0.517299356052752,19
568,paco21,hema1,60.61643439999195,-1.1779961799184886,19
568,paco21,ph1,456.7215549272367,-1.3875852135644462,19
568,pafi1,hema1,25.081799495168514,-1.7597789299099562,19
568,pafi1,ph1,0.6553258447925077,-1.3018327828157306,19
569,paco21,hema1,54.38980688315348,-0.5260487587893633,19
569,paco21,ph1,421.6453459804618,-0.8082138804314647,19
569,pafi1,hema1,37.85767906733717,-0.20205015412674304,19
569,pafi1,ph1,7.568395488675267,-1.6837966809349563,19
570,paco21,hema1,58.40674492161002,-1.2468284153243872,19
570,paco21,ph1,243.78667163125644,-1.4479345347164652,19
570,pafi1,hema1,19.274494642003784,-1.6197265739770594,19
570,pafi1,ph1,3.4794311927312442,-1.237424113931084,19
571,paco21,hema1,68.15443884750273,-1.5112558394466966,19
571,paco21,ph1,351.0324538598514,-1.6103437566511034,19
571,pafi1,hema1,36.39117868306107,-1.9242898712739391,19
571,pafi1,ph1,1.2216432918119717,-1.6328566400264932,19
572,paco21,hema1,34.44418039058676,-0.7395471402816439,19
572,paco21,ph1,490.1979871547382,-1.1235325001739074,19
572,pafi1,hema1,20.162726665210123,-1.154971476487901,19
572,pafi1,ph1,4.772436987135553,-1.1226222457678439,19
573,paco21,hema1,48.2521117721153,-1.286796707259544,19
573,paco21,ph1,240.66774698240525,-1.2367929876656443,19
573,pafi1,hema1,33.66691473530488,-1.5001519584532557,19
573,pafi1,ph1,0.6193755657395672,-0.9321019851669656,19
574,paco21,hema1,79.25192190120947,-1.0400373362578157,19
574,paco21,ph1,312.8466487486874,-1.3325838912949408,19
574,pafi1,hema1,24.61009374320258,-1.3837540646105904,19
574,pafi1,ph1,0.6596734522023889,-1.3484312750738385,19
575,paco21,hema1,56.81472069262295,-1.311382555492554,19
575,paco21,ph1,240.46062320038527,-1.3923555924011017,19
575,pafi1,hema1,43.400388697949694,-1.5759917286479734,19
575,pafi1,ph1,0.0925647884807984,-0.69175949607356,19
576,paco21,hema1,35.96840489449027,-1.841699402877918,19
576,paco21,ph1,399.85979338540733,-1.83005962349579,19
576,pafi1,hema1,1.7095663421472564,-1.978530344844167,19
576,pafi1,ph1,0.09103237447747335,-2.1244193659097728,19
577,paco21,hema1,52.973586646734645,-0.39440802248734463,19
577,paco21,ph1,376.04708671567766,-0.5721152627482193,19
577,pafi1,hema1,22.139439203050255,-0.5579900286347712,19
577,pafi1,ph1,0.38699468752193744,-0.5042506251653591,19
578,paco21,hema1,51.320999918618405,-0.6565482382235569,19
578,paco21,ph1,477.78335081438973,-1.0416644844980658,19
578,pafi1,hema1,20.90019246742224,-1.7788756836386885,19
578,pafi1,ph1,4.563460819699746,-0.07483964376207017,19
579,paco21,hema1,48.302724597617186,-0.9104298109905433,18
579,paco21,ph1,309.3538404873013,-1.1945212514615335,18
579,pafi1,hema1,24.583778134830688,-1.271359143599156,18
579,pafi1,ph1,1.954647865218107,-0.9379102285880241,18
580,paco21,hema1,39.738808412545026,-1.221163318375467,19
580,paco21,ph1,341.9290074468398,-1.5291290785742222,19
580,pafi1,hema1,38.805308295551946,-1.355024097268963,19
580,pafi1,ph1,0.849651855695508,-2.1962536253327616,19
581,paco21,hema1,41.29723342271458,-1.0852368688994425,18
581,paco21,ph1,320.78975441733553,-1.0615335175557157,18
581,pafi1,hema1,37.894355650845725,-1.1177426564230308,18
581,pafi1,ph1,1.041197697046163,-1.0665466223398825,18
582,paco21,hema1,41.36369845869714,-1.2220100206101963,19
582,paco21,ph1,492.84981846812474,-1.3929699359465761,19
582,pafi1,hema1,29.791745867443808,-1.5867340967959385,19
582,pafi1,ph1,0.4757378932169152,-1.3077495037540494,19
583,paco21,hema1,58.41423338687598,-1.4325611309548574,19
583,paco21,ph1,317.29930970555694,-1.677783658372202,19
583,pafi1,hema1,36.967232578206335,-2.0868978526091038,19
583,pafi1,ph1,4.965238337777263,-1.3394497652436708,19
584,paco21,hema1,38.154199191418634,-0.5468093123800742,19
584,paco21,ph1,246.86445146496803,-1.028838008452022,19
584,pafi1,hema1,31.530463773843252,-1.3616467680006257,19
584,pafi1,ph1,0.9792048057074503,-1.0743317358034394,19
585,paco21,hema1,59.61376310418319,-1.282838639610167,19
585,paco21,ph1,443.7573167663085,-1.475541543422842,19
585,pafi1,hema1,27.36459771357257,-1.6316983161944332,19
585,pafi1,ph1,4.584566936804304,-1.4522010823899398,19
586,paco21,hema1,62.31366049773111,-1.0084387506238777,19
586,paco21,ph1,262.40663734783124,-1.1192049459231148,19
586,pafi1,hema1,25.03848343924974,-1.1082019757864854,19
586,pafi1,ph1,3.240974888322589,-0.8904893018484831,19
587,paco21,hema1,43.764929917947114,-1.2213490150326987,19
587,paco21,ph1,256.7465165897088,-1.4205186698460097,19
587,pafi1,hema1,37.484624540877086,-1.4238667936739462,19
587,pafi1,ph1,1.473076858572318,-1.4106781990378556,19
588,paco21,hema1,83.5940079841992,-1.5364540103919262,19
588,paco21,ph1,321.4965872360427,-1.7047836968238215,19
588,pafi1,hema1,28.133964976580643,-1.589694105582542,19
588,pafi1,ph1,1.268335727915666,-1.6588961080801892,19
589,paco21,hema1,63.07249894565161,-1.0317780675701311,19
589,paco21,ph1,371.44432132805787,-1.040842387355418,19
589,pafi1,hema1,44.81995765934388,-1.0411372956236826,19
589,pafi1,ph1,0.5415443305172979,-1.0408110916944653,19
590,paco21,hema1,37.92697830470599,-0.8384597979192855,19
590,paco21,ph1,376.36931676475774,-1.0894389666331605,19
590,pafi1,hema1,50.65940745570838,-1.1432354412735344,19
590,pafi1,ph1,0.2068231451449268,-1.5108061160804627,19
591,paco21,hema1,49.31622234215999,-1.226618377241619,18
591,paco21,ph1,423.69678032227296,-1.2935572838592202,18
591,pafi1,hema1,28.39498876992634,-1.3936201021781782,18
591,pafi1,ph1,0.46850567974258195,-0.9581716915054009,18
592,paco21,hema1,48.12987844221283,-1.5488718861959756,18
592,paco21,ph1,296.8686675449665,-1.5941696583108609,18
592,pafi1,hema1,39.461408443009454,-1.663637343055916,18
592,pafi1,ph1,11.216002534287338,-1.4041570253888291,18
593,paco21,hema1,51.642487968593336,-1.3296437492648432,19
593,paco21,ph1,312.56476285834697,-1.42457092095299,19
593,pafi1,hema1,47.561691452329505,-1.7090951113954855,19
593,pafi1,ph1,0.629710007505652,-1.3920965713670985,19
594,paco21,hema1,53.155394754769745,-1.3115929078199287,19
594,paco21,ph1,406.989499385531,-1.3843644440083245,19
594,pafi1,hema1,24.11570022333534,-1.452756634754603,19
594,pafi1,ph1,2.76729724718565,-1.3652306963109413,19
595,paco21,hema1,48.2759306308273,-0.43644044201800886,19
595,paco21,ph1,363.27387123611777,-0.7978369833981293,19
595,pafi1,hema1,29.76627917917976,-0.7792630256454106,19
595,pafi1,ph1,7.427868069369067,-0.7698971698090558,19
596,paco21,hema1,60.81767827052936,-1.3824349563448473,19
596,paco21,ph1,300.5624132087774,-1.4343609430665056,19
596,pafi1,hema1,21.89758252592962,-1.5086766886714102,19
596,pafi1,ph1,0.22476639003659016,-1.6089425644055422,19
597,paco21,hema1,38.86308226210512,-1.4826507832024698,19
597,paco21,ph1,319.969521832995,-1.750535371204244,19
597,pafi1,hema1,42.763818729390294,-1.5289047493472174,19
597,pafi1,ph1,9.440614720891523,-1.6633301703206167,19
598,paco21,hema1,38.749168093423954,-1.06848005578857,19
598,paco21,ph1,426.7458820181903,-1.5962957796631632,19
598,pafi1,hema1,7.552390986130651,-1.6834677555489093,19
598,pafi1,ph1,12.018017425527281,-1.5391819752554905,19
599,paco21,hema1,56.14754007305919,-1.002995790751385,19
599,paco21,ph1,255.93001595382887,-1.3770852064278267,19
599,pafi1,hema1,20.29979618209794,-1.4997196662098073,19
599,pafi1,ph1,13.808476069505819,-1.2952590750683781,19
600,paco21,hema1,61.4604631527145,-1.449608693980563,19
600,paco21,ph1,238.5328076954368,-1.664344900835822,19
600,pafi1,hema1,31.5584454687612,-1.7433288481071345,19
600,pafi1,ph1,5.680782400056842,-1.609610914711205,19
601,paco21,hema1,69.94378179829401,-1.7967948057369927,19
601,paco21,ph1,254.11355222732072,-1.905447513702343,19
601,pafi1,hema1,21.199628867596534,-2.0356268315606973,19
601,pafi1,ph1,4.3281470248955705,-1.7234756963598625,19
602,paco21,hema1,62.5638550562868,-0.8692298416950063,19
602,paco21,ph1,268.8615773944828,-1.0947310224095257,19
602,pafi1,hema1,38.640154064337466,-1.0120794579933363,19
602,pafi1,ph1,11.527222423853285,-1.1011557990403689,19
603,paco21,hema1,50.03869278860861,-1.5163577143370495,19
603,paco21,ph1,290.407834683195,-1.6908382859690791,19
603,pafi1,hema1,37.81321791875893,-2.0452196261386955,19
603,pafi1,ph1,3.622151484437596,-1.9181365348571644,19
604,paco21,hema1,31.658987417048653,-0.9736735018626596,19
604,paco21,ph1,423.43397105783635,-1.1822231708452622,19
604,pafi1,hema1,26.412184721924653,-1.1437122494468748,19
604,pafi1,ph1,6.383316452290544,-1.1824103947028084,19
605,paco21,hema1,40.87480966119083,-1.1459250838247563,19
605,paco21,ph1,260.497976034367,-1.336158646330986,19
605,pafi1,hema1,29.477834087981503,-1.332544628168093,19
605,pafi1,ph1,12.156004258329194,-1.3120553990832118,19
606,paco21,hema1,41.19941434129625,-1.3426559054944898,19
606,paco21,ph1,431.2280899820832,-1.5491652694136528,19
606,pafi1,hema1,19.626412971764257,-1.9296166114894235,19
606,pafi1,ph1,0.3334937979594103,-2.681582103216756,19
607,paco21,hema1,44.909003780141006,-1.4998789505896644,19
607,paco21,ph1,299.27280436709805,-1.4879591386963948,19
607,pafi1,hema1,39.65968017595847,-1.5057231380425382,19
607,pafi1,ph1,0.978656423439705,-1.4462840013426703,19
608,paco21,hema1,56.85782999208102,-1.177742754364533,19
608,paco21,ph1,271.1526289967976,-1.4016243140870337,19
608,pafi1,hema1,30.549819151313184,-1.523699209955627,19
608,pafi1,ph1,15.27384050423431,-1.4034755938814036,19
609,paco21,hema1,40.65668036463016,-1.1507333021344506,19
609,paco21,ph1,398.58004757360095,-1.324654798830478,19
609,pafi1,hema1,8.48048502391553,-1.122312289124284,19
609,pafi1,ph1,2.268782259563814,-1.74378848578577,19
610,paco21,hema1,64.1781806388064,-1.2389582187062949,19
610,paco21,ph1,415.9825141890917,-1.3239763626570566,19
610,pafi1,hema1,34.18794175232968,-1.1099999503528566,19
610,pafi1,ph1,6.054756760557015,-1.3063477953792897,19
611,paco21,hema1,63.71184898673582,-1.1738802585792556,19
611,paco21,ph1,348.1668653079949,-1.2489360087266017,19
611,pafi1,hema1,63.56567767762345,-1.143174038856228,19
611,pafi1,ph1,3.5839634514624,-1.3582536700578831,19
612,paco21,hema1,66.06537017158946,-1.3799123747250472,19
612,paco21,ph1,319.8858099135,-1.5946708477840141,19
612,pafi1,hema1,39.28681960373526,-1.4387308745830338,19
612,pafi1,ph1,0.11354078357979797,-3.8782181385522816,19
613,paco21,hema1,87.6438480063873,-0.5972213974184782,19
613,paco21,ph1,199.07336230718622,-0.760023061227084,19
613,pafi1,hema1,35.57989888932495,-0.7703310157338913,19
613,pafi1,ph1,0.03819037103407236,-3.551997350268378,19
614,paco21,hema1,69.18391486636938,-1.594931434379841,19
614,paco21,ph1,247.8781178974756,-1.6784489618862828,19
614,pafi1,hema1,41.53811966998012,-1.7732441348726107,19
614,pafi1,ph1,9.468466184708621,-1.5463621598504933,19
615,paco21,hema1,68.67701318586998,-1.414199179084659,19
615,paco21,ph1,201.52975837951712,-1.4702366139996674,19
615,pafi1,hema1,29.875755769691366,-1.9237417765212446,19
615,pafi1,ph1,2.1332506209089916,-0.9693329752028279,19
616,paco21,hema1,52.62369808097904,-0.5058594050183813,19
616,paco21,ph1,395.03379402753836,-0.8453587295733664,19
616,pafi1,hema1,23.318222555378963,-0.9525840965194095,19
616,pafi1,ph1,3.1150704452310727,-0.6957379146470463,19
617,paco21,hema1,36.1353035235696,-0.8203784520557994,19
617,paco21,ph1,307.4913918411268,-1.2016468157180842,19
617,pafi1,hema1,25.48402764964295,-1.1936368721109973,19
617,pafi1,ph1,7.939995651467117,-1.2057116106276535,19
618,paco21,hema1,52.128349269688506,-0.8887866371016748,19
618,paco21,ph1,309.8430857839872,-1.132594192889894,19
618,pafi1,hema1,20.042070209635646,-1.5025614399818616,19
618,pafi1,ph1,2.044400122270416,-1.2307957837619008,19
619,paco21,hema1,44.00485458783378,-1.1562122281448368,18
619,paco21,ph1,313.7207543317105,-1.473266001517045,18
619,pafi1,hema1,14.451980338482164,-1.0397289682726523,18
619,pafi1,ph1,2.217882956440101,-1.408226866237587,18
620,paco21,hema1,54.079240579664386,-1.6470812206935868,19
620,paco21,ph1,416.665310352722,-1.8701133075688658,19
620,pafi1,hema1,20.82764314907391,-1.6706906142291997,19
620,pafi1,ph1,2.2429824455226117,-2.038291984359076,19
621,paco21,hema1,87.7746644974536,-1.0163365097389472,19
621,paco21,ph1,240.3212118901193,-1.1430118771617868,19
621,pafi1,hema1,38.62447588979971,-1.1047670336582065,19
621,pafi1,ph1,7.774719497542111,-1.1491988356483678,19
622,paco21,hema1,48.502858579900476,-1.4684866683184568,19
622,paco21,ph1,263.6280533975685,-1.6802921587981503,19
622,pafi1,hema1,41.397086621285375,-1.8442661638536957,19
622,pafi1,ph1,0.5448252781833389,-0.877207981499103,19
623,paco21,hema1,75.01787280214718,-0.8117801701165409,19
623,paco21,ph1,227.47351763970366,-0.9852372690123103,19
623,pafi1,hema1,14.494271821395635,-0.9573471604225929,19
623,pafi1,ph1,4.0503375275795594,-0.9741123152895942,19
624,paco21,hema1,32.7601673620205,-1.9952081119999125,19
624,paco21,ph1,300.42983181036976,-2.130593835012256,19
624,pafi1,hema1,28.184328079786287,-2.070820105488296,19
624,pafi1,ph1,1.9061549411022278,-2.16118520523067,19
625,paco21,hema1,61.30117142711914,-0.6539795604742686,19
625,paco21,ph1,203.4373272978889,-0.9369994967063927,19
625,pafi1,hema1,28.1007763751254,-1.0885852832011769,19
625,pafi1,ph1,1.317157974640098,-0.3646954158460885,19
626,paco21,hema1,59.428738114611825,-1.232518102987267,18
626,paco21,ph1,281.83756590396155,-1.2117682525415305,18
626,pafi1,hema1,29.789411723504873,-1.2497646543589969,18
626,pafi1,ph1,1.4778145902880544,-1.2528238920260317,18
627,paco21,hema1,73.23095297511362,-1.4655453717951747,18
627,paco21,ph1,338.1762365247623,-1.6570939709220307,18
627,pafi1,hema1,44.780012057616986,-1.6243547768134883,18
627,pafi1,ph1,3.523273417029917,-1.6648742212369703,18
628,paco21,hema1,61.17123954695274,-0.8662293786255539,19
628,paco21,ph1,318.8108930765793,-0.9875496250487139,19
628,pafi1,hema1,34.80683338211053,-1.078400373061444,19
628,pafi1,ph1,5.38603011168127,-0.9737266566068935,19
629,paco21,hema1,56.86667870140955,-1.3998115752531635,19
629,paco21,ph1,334.3158507687776,-1.5080900764322227,19
629,pafi1,hema1,33.97808184363399,-1.6508282312520417,19
629,pafi1,ph1,7.223236030361411,-1.3614226148565003,19
630,paco21,hema1,48.08489311745518,-0.6944290808356578,19
630,paco21,ph1,238.23033244348076,-0.9019334731441611,19
630,pafi1,hema1,5.182387173947042,-1.9852113097796567,19
630,pafi1,ph1,1.5878839080146574,-0.5163118060474794,19
631,paco21,hema1,49.5057292667999,-1.4922331472794086,19
631,paco21,ph1,294.8139619351305,-1.7448310716619082,19
631,pafi1,hema1,24.88174027777772,-1.9116581095227354,19
631,pafi1,ph1,7.761919650144466,-1.6955202060343926,19
632,paco21,hema1,37.89875587886725,-0.9174022833069723,19
632,paco21,ph1,418.0175584083238,-1.1290218049311174,19
632,pafi1,hema1,24.354583479860977,-1.1515708995838212,19
632,pafi1,ph1,2.8161527462957086,-1.1401319873467846,19
633,paco21,hema1,56.19702480531234,-1.8573194910928827,19
633,paco21,ph1,311.2519793791819,-2.06511827017749,19
633,pafi1,hema1,49.02181624875123,-2.0615085652082024,19
633,pafi1,ph1,0.24553422645856815,-2.0643257802324455,19
634,paco21,hema1,27.74214746203287,-0.7482052991369276,18
634,paco21,ph1,410.1971602762963,-1.220160802605285,18
634,pafi1,hema1,46.48396106244623,-1.2545034003173758,18
634,pafi1,ph1,5.496922896393517,-1.1293138945983934,18
635,paco21,hema1,59.20815198092568,-0.946803844964192,19
635,paco21,ph1,292.4918671642492,-1.142843404388718,19
635,pafi1,hema1,25.9092169100888,-1.3821499281105687,19
635,pafi1,ph1,1.274563794776701,-1.1233455354119632,19
636,paco21,hema1,70.63346770546946,-1.037633839491221,18
636,paco21,ph1,298.3486275679755,-1.144877427989497,18
636,pafi1,hema1,53.686069720803424,-1.1572020376253072,18
636,pafi1,ph1,2.441157969064733,-1.1245143014458236,18
637,paco21,hema1,94.4104184797041,-1.1346531974273835,19
637,paco21,ph1,332.4470500593479,-1.2928521623595612,19
637,pafi1,hema1,29.824918939148247,-1.4288773229738418,19
637,pafi1,ph1,0.06291513564251486,-2.121888611629853,19
638,paco21,hema1,57.230439664509774,-0.8713855374816155,19
638,paco21,ph1,287.7165390730723,-1.0649639715538999,19
638,pafi1,hema1,21.492279228710206,-1.0425309162091279,19
638,pafi1,ph1,3.542264817475448,-1.0551066468129948,19
639,paco21,hema1,64.38926392412507,-0.8117281696721691,18
639,paco21,ph1,395.9067019856168,-1.0157320819454447,18
639,pafi1,hema1,25.648244884239823,-1.174439765275098,18
639,pafi1,ph1,0.029913585913499813,-0.4950146446556295,18
640,paco21,hema1,28.022365654298785,-0.8741693310048838,19
640,paco21,ph1,432.46115439232557,-1.2341808098260043,19
640,pafi1,hema1,45.43122218057629,-1.2749426088581721,19
640,pafi1,ph1,3.266760050641992,-1.1505066851849566,19
641,paco21,hema1,43.183110772274176,-1.3774139682894153,18
641,paco21,ph1,226.05003582991907,-1.225407597550923,18
641,pafi1,hema1,12.844087831657387,-1.2298364517313105,18
641,pafi1,ph1,2.3205063229917315,-1.2336643616143301,18
642,paco21,hema1,77.48080126690326,-1.0312971536509,19
642,paco21,ph1,424.43894257046765,-1.1281298596473324,19
642,pafi1,hema1,30.81023811430287,-1.068451952528363,19
642,pafi1,ph1,3.3964146937827624,-1.1816047860485759,19
643,paco21,hema1,60.27792393505871,-0.8188815422337273,19
643,paco21,ph1,369.7876196938364,-1.011307844280164,19
643,pafi1,hema1,21.477691032685346,-1.0045357279080538,19
643,pafi1,ph1,2.1684787178995215,-1.0115923098628967,19
644,paco21,hema1,57.13826329753505,-0.6725072814346801,19
644,paco21,ph1,405.0244062749323,-0.9859575445742006,19
644,pafi1,hema1,28.937824755707478,-1.28785354688336,19
644,pafi1,ph1,0.07760773812098751,-0.2768114706691032,19
645,paco21,hema1,50.58868252050375,-1.1081778785317373,19
645,paco21,ph1,321.4840516297518,-1.2881158325864202,19
645,pafi1,hema1,36.167503125303355,-1.3107352740251281,19
645,pafi1,ph1,3.323054295931872,-1.1589658932232814,19
646,paco21,hema1,36.284047204989804,-0.9836480397997728,19
646,paco21,ph1,222.53061539399403,-1.3532389970648122,19
646,pafi1,hema1,6.741123456894061,-1.6740497518814963,19
646,pafi1,ph1,0.109628213194004,-2.6271305827561298,19
647,paco21,hema1,45.295105166818914,-1.1112629035789099,19
647,paco21,ph1,405.28852346406103,-1.2255541969165074,19
647,pafi1,hema1,22.956357750427625,-1.3416212553987963,19
647,pafi1,ph1,2.6124452845392963,-1.0888135558002576,19
648,paco21,hema1,73.02914987430452,-1.1487401332434,18
648,paco21,ph1,274.5490265420476,-1.2891629083772451,18
648,pafi1,hema1,37.10405522455352,-1.1982641517197332,18
648,pafi1,ph1,0.06330288278646352,-2.077392585396904,18
649,paco21,hema1,54.72838887858997,-0.477339504220311,19
649,paco21,ph1,452.6440555431918,-1.021447432545503,19
649,pafi1,hema1,31.031109767676494,-1.4415644244503396,19
649,pafi1,ph1,3.9894892232246013,-0.7163276931833995,19
650,paco21,hema1,61.48236949326939,-1.0215524263707247,19
650,paco21,ph1,433.46706931591285,-1.0929579405742296,19
650,pafi1,hema1,30.98855324608439,-1.1908599219164304,19
650,pafi1,ph1,15.066216477778866,-1.0697666901000717,19
651,paco21,hema1,51.324579539944224,-1.4194955601370287,19
651,paco21,ph1,378.7371654867952,-1.561610046724354,19
651,pafi1,hema1,31.265723032577405,-1.500107423611134,19
651,pafi1,ph1,4.592049645068979,-1.5721287156143497,19
652,paco21,hema1,48.35715712706245,-1.4461418005961983,19
652,paco21,ph1,322.92180967856893,-1.5533020185952608,19
652,pafi1,hema1,16.204913381136826,-1.6743612695336758,19
652,pafi1,ph1,0.10253534720254275,-1.5234019412251103,19
653,paco21,hema1,60.984352289312966,-1.2174932519493564,18
653,paco21,ph1,293.68154938139287,-1.332672479929353,18
653,pafi1,hema1,24.944299989768236,-1.3752465207538045,18
653,pafi1,ph1,1.0341137251151644,-1.0736151992499978,18
654,paco21,hema1,52.480109330022785,-0.8270668341663077,19
654,paco21,ph1,369.514135974697,-0.8267146363692829,19
654,pafi1,hema1,34.61411100816137,-0.8726888450144827,19
654,pafi1,ph1,0.13199864269888514,-0.7026535190701155,19
655,paco21,hema1,56.42376182806613,-1.0819298980926588,19
655,paco21,ph1,309.7311775698103,-1.3412954977963178,19
655,pafi1,hema1,25.79249752887578,-1.4782639640570752,19
655,pafi1,ph1,0.3021735212372537,-0.8867553335823499,19
656,paco21,hema1,49.39404147362736,-0.8108103267065103,19
656,paco21,ph1,399.24416654757135,-0.8949872680601999,19
656,pafi1,hema1,31.105243193460463,-1.1662079191707762,19
656,pafi1,ph1,2.0839689787854034,-0.4947188729548503,19
657,paco21,hema1,69.16300373903056,-1.4146440047944469,19
657,paco21,ph1,258.3644823557225,-1.4595326429436335,19
657,pafi1,hema1,34.53781948572138,-1.4812880926430498,19
657,pafi1,ph1,8.543799911191366,-1.4456925131798233,19
658,paco21,hema1,50.24206489967248,-1.1970114862338597,19
658,paco21,ph1,315.1863471283806,-1.5152790877491666,19
658,pafi1,hema1,49.87105500517245,-1.4748187558156014,19
658,pafi1,ph1,1.3888605668094949,-1.529791590127024,19
659,paco21,hema1,55.99236051185178,-1.282573853796526,19
659,paco21,ph1,434.45410236386203,-1.5412654233061154,19
659,pafi1,hema1,34.71824818089533,-1.6955145479837068,19
659,pafi1,ph1,1.1794621477903513,-1.2329869013670909,19
660,paco21,hema1,44.74605026418517,-1.232217004449272,19
660,paco21,ph1,311.3006461116712,-1.382181481937442,19
660,pafi1,hema1,24.71278552359907,-1.4183258458476729,19
660,pafi1,ph1,5.534697982855184,-1.3249273387960554,19
661,paco21,hema1,60.12068512041257,-0.8986320022903278,19
661,paco21,ph1,327.8436442220476,-1.1653300944232245,19
661,pafi1,hema1,21.889155834980173,-1.0150178987743605,19
661,pafi1,ph1,3.040450543921237,-1.2025622650522123,19
662,paco21,hema1,62.453013524620864,-0.5293221113480847,19
662,paco21,ph1,464.2404327731404,-0.8106907905238033,19
662,pafi1,hema1,28.50042358379228,-0.8973482893980201,19
662,pafi1,ph1,4.773375789379022,-0.7136013329465837,19
663,paco21,hema1,66.64334581465003,-0.825368968623753,19
663,paco21,ph1,361.26768433630406,-0.834914044913283,19
663,pafi1,hema1,37.89674030272553,-0.9149548720903878,19
663,pafi1,ph1,2.1501029549272594,-0.46168918855752084,19
664,paco21,hema1,38.30137562820711,-1.5590687612597192,19
664,paco21,ph1,419.72275366928693,-1.7977649431315337,19
664,pafi1,hema1,17.643909900569817,-1.8476324952997598,19
664,pafi1,ph1,3.374850405143112,-1.707523486186629,19
665,paco21,hema1,48.82271576735165,-1.7075777932602112,19
665,paco21,ph1,303.5243662475554,-1.9109394493263125,19
665,pafi1,hema1,26.67393208153481,-1.8677337579767668,19
665,pafi1,ph1,5.459276769319553,-1.9128917009474915,19
666,paco21,hema1,89.46533986318532,-1.148383046445889,19
666,paco21,ph1,387.7958690559919,-1.32322545257037,19
666,pafi1,hema1,25.221859084938917,-1.3955012121039132,19
666,pafi1,ph1,1.4592975509729504,-1.2819548589564722,19
667,paco21,hema1,64.27636268609626,-0.9534309505581718,18
667,paco21,ph1,248.9067467006671,-0.9761933435885126,18
667,pafi1,hema1,26.29266839694853,-1.0804040630302014,18
667,pafi1,ph1,3.2247072136195927,-0.7581913311976581,18
668,paco21,hema1,32.50899287726364,-1.4684444251228819,19
668,paco21,ph1,300.4699789339469,-1.8645882293649982,19
668,pafi1,hema1,27.199761204479746,-1.7333027503533212,19
668,pafi1,ph1,0.032905328084973366,-1.0649094634387022,19
669,paco21,hema1,63.469964052161885,-1.2261523441879247,19
669,paco21,ph1,338.14904822647907,-1.2725362205113604,19
669,pafi1,hema1,19.189775583979717,-1.4005759354678922,19
669,pafi1,ph1,1.1472194286663855,-0.8924883296550968,19
670,paco21,hema1,76.98125926566506,-1.0237020202781273,19
670,paco21,ph1,286.88793876329515,-1.1966025407829606,19
670,pafi1,hema1,28.45901500273555,-1.5215402881090077,19
670,pafi1,ph1,0.2925582735344569,-0.6861053205084042,19
671,paco21,hema1,72.52099949000936,-0.6969939163016303,18
671,paco21,ph1,328.3328421203241,-0.958893524125931,18
671,pafi1,hema1,19.50631291991303,-0.901087054928804,18
671,pafi1,ph1,0.9233338881894116,-0.9732332625242041,18
672,paco21,hema1,32.11574419242645,-1.028734803932752,18
672,paco21,ph1,385.64726230402874,-1.1269323800479323,18
672,pafi1,hema1,31.541217641151956,-1.1329014519565774,18
672,pafi1,ph1,4.876754394249597,-1.065962913887164,18
673,paco21,hema1,55.97338159330841,-1.424778489291153,19
673,paco21,ph1,305.49156894020075,-1.588935272425513,19
673,pafi1,hema1,15.122818765910708,-1.6574042207556785,19
673,pafi1,ph1,0.8358553071016507,-1.627469164352799,19
674,paco21,hema1,56.823969731913905,-1.3348948289983302,18
674,paco21,ph1,276.7830804209422,-1.3377905520150735,18
674,pafi1,hema1,23.209123085462803,-1.6598806427640427,18
674,pafi1,ph1,1.2486683986148395,-0.7509068596699119,18
675,paco21,hema1,59.907374527043686,-0.912189852501721,19
675,paco21,ph1,450.4231684187202,-1.051659328290493,19
675,pafi1,hema1,44.84596839105399,-1.2791834184001774,19
675,pafi1,ph1,8.301514040140985,-0.9646332121236981,19
676,paco21,hema1,65.55647710489963,-0.9685707211189278,18
676,paco21,ph1,279.5647068346934,-1.0964426140515005,18
676,pafi1,hema1,13.276498832134443,-1.3228908415580936,18
676,pafi1,ph1,9.811474655284451,-1.0318911987138548,18
677,paco21,hema1,71.34373768033393,-0.8748042844823062,19
677,paco21,ph1,342.8730612046084,-1.0171654393910343,19
677,pafi1,hema1,22.509469156363277,-1.1967991024829852,19
677,pafi1,ph1,0.7472451753811009,-0.3172903942884236,19
678,paco21,hema1,53.96897570361339,-1.0249913868314606,19
678,paco21,ph1,241.71530956327456,-1.1849961152194814,19
678,pafi1,hema1,28.02355173515075,-1.285443979203993,19
678,pafi1,ph1,0.9854304946467575,-0.5368039034605191,19
679,paco21,hema1,38.736295405374086,-1.1692691922801617,18
679,paco21,ph1,310.95560409539286,-1.427813884767253,18
679,pafi1,hema1,18.878816164724242,-2.102242713282048,18
679,pafi1,ph1,0.43090220738331003,-0.0012099356024502276,18
680,paco21,hema1,38.79273977114109,-1.5551049090513076,19
680,paco21,ph1,270.8972756813817,-1.625095450272319,19
680,pafi1,hema1,17.578325089016943,-1.6895455097534025,19
680,pafi1,ph1,1.343314129186144,-1.6664875926047176,19
681,paco21,hema1,41.00051205102343,-1.1018068049938006,18
681,paco21,ph1,343.685719766741,-1.1756801689263734,18
681,pafi1,hema1,24.561920558675126,-0.96900641984212,18
681,pafi1,ph1,0.10834260220304574,0.7655069055132376,18
682,paco21,hema1,41.993234261599895,-0.8763815451950625,18
682,paco21,ph1,368.3633803246538,-1.301850777361295,18
682,pafi1,hema1,34.726230892749705,-1.4712052250664305,18
682,pafi1,ph1,0.30616242859643167,-1.6667409307540115,18
683,paco21,hema1,54.29566893933952,-0.6754766740409691,18
683,paco21,ph1,437.0459625988793,-0.9122606699058015,18
683,pafi1,hema1,41.418230669493774,-0.728634111146194,18
683,pafi1,ph1,0.26793734893350735,-0.5156200498788321,18
684,paco21,hema1,50.30585011899422,-1.171124399170298,19
684,paco21,ph1,411.28821875527984,-1.2862822967006167,19
684,pafi1,hema1,38.51917440421691,-1.487472867841063,19
684,pafi1,ph1,0.05451378911315475,-4.927800553411902,19
685,paco21,hema1,36.63175768335399,-0.9976132477945506,19
685,paco21,ph1,302.8210962940813,-1.2848428649463317,19
685,pafi1,hema1,40.83903575540076,-1.2359491506155447,19
685,pafi1,ph1,0.7189858246933577,-1.328728578039571,19
686,paco21,hema1,42.740022952782084,-1.330601317903301,19
686,paco21,ph1,302.43359055995023,-1.4841138667994558,19
686,pafi1,hema1,22.428745889441174,-1.4205845597907254,19
686,pafi1,ph1,2.528512197122163,-1.4898602361755537,19
687,paco21,hema1,71.61718213666359,-1.1622032467776002,19
687,paco21,ph1,399.6458280908277,-1.1381449138867639,19
687,pafi1,hema1,12.080483337980423,-0.9277863142774548,19
687,pafi1,ph1,1.7234796546477282,-1.2536378016645073,19
688,paco21,hema1,70.26250269365096,-0.9687155608589166,18
688,paco21,ph1,225.7437684932307,-1.1153880335678497,18
688,pafi1,hema1,25.209748677352792,-1.294608441534431,18
688,pafi1,ph1,0.6622486164529777,-0.8188552329343812,18
689,paco21,hema1,34.205515530771955,-0.956565241972525,18
689,paco21,ph1,262.0135717939034,-1.1470013344904597,18
689,pafi1,hema1,31.680923932377446,-1.4153628965473652,18
689,pafi1,ph1,1.0856112218249794,0.40441688417945215,18
690,paco21,hema1,43.912889955504376,-0.6940859757788719,19
690,paco21,ph1,266.4705463271833,-1.0228638263766927,19
690,pafi1,hema1,43.24353059779022,-1.0539763641912665,19
690,pafi1,ph1,1.6512804541445156,-0.8295289940596684,19
691,paco21,hema1,50.82232883223269,-1.4656197525016448,19
691,paco21,ph1,278.1541826439969,-1.4833036281278764,19
691,pafi1,hema1,16.877577563259013,-1.603786363707836,19
691,pafi1,ph1,0.3680142506801026,-1.11089625508605,19
692,paco21,hema1,37.04870745080973,-1.1886221971549282,19
692,paco21,ph1,309.3041005707212,-1.2602909298681102,19
692,pafi1,hema1,25.58718165004584,-1.2735037475458766,19
692,pafi1,ph1,0.053629006932464564,-0.6406949311354135,19
693,paco21,hema1,45.008081061840365,-1.3241045942511271,19
693,paco21,ph1,329.4081412537685,-1.550228768687085,19
693,pafi1,hema1,19.41581899091158,-1.8192318158368304,19
693,pafi1,ph1,0.7565549782728624,-1.6105122450284015,19
694,paco21,hema1,43.05336430177458,-1.1599602214200186,19
694,paco21,ph1,243.59776737686622,-1.2702922324150734,19
694,pafi1,hema1,31.454039550821804,-1.3131594779675506,19
694,pafi1,ph1,8.117937127375981,-1.1400797099551183,19
695,paco21,hema1,51.68248701618029,-0.9068330927079779,19
695,paco21,ph1,277.02635829591884,-1.1609538016750947,19
695,pafi1,hema1,30.46132132060706,-1.129316415497458,19
695,pafi1,ph1,6.671235635265128,-1.1554500617180183,19
696,paco21,hema1,70.86631493494505,-1.5476503332961966,19
696,paco21,ph1,318.69964381496493,-1.742313581166899,19
696,pafi1,hema1,33.13988581020934,-1.7746648763056203,19
696,pafi1,ph1,0.8324998107506688,-1.6720155055141812,19
697,paco21,hema1,63.10910897669327,-1.3445272467535918,19
697,paco21,ph1,228.5949931728064,-1.6127749840033816,19
697,pafi1,hema1,39.54047277994464,-1.4820512742355652,19
697,pafi1,ph1,1.6081335384259519,-1.8176565446753936,19
698,paco21,hema1,61.509211662581635,-1.0398562056189058,19
698,paco21,ph1,321.5946959723886,-1.3251479076217025,19
698,pafi1,hema1,35.055177938577685,-1.448537723387239,19
698,pafi1,ph1,5.2546578795763726e-05,87.36812576163231,19
699,paco21,hema1,63.738375171114185,-0.7671045443861414,19
699,paco21,ph1,321.38484789164227,-0.8597175191042349,19
699,pafi1,hema1,53.75403055791435,-0.8879329192550083,19
699,pafi1,ph1,6.230832190343186,-0.879183769366742,19
700,paco21,hema1,43.31368149563374,-1.3228343321405789,19
700,paco21,ph1,283.29987527799113,-1.483730765003907,19
700,pafi1,hema1,20.7388818566827,-1.8706995956549446,19
700,pafi1,ph1,1.3337639148428753,-1.758533224803891,19
701,paco21,hema1,54.708662992488826,-1.0164156892227925,19
701,paco21,ph1,398.98877558435464,-1.1691587300336563,19
701,pafi1,hema1,22.5157087770172,-0.9484521349177157,19
701,pafi1,ph1,2.715669015542732,-1.3684223727432823,19
702,paco21,hema1,44.67101144047018,-1.333506619183746,19
702,paco21,ph1,455.3836222630543,-1.7766233337402513,19
702,pafi1,hema1,31.771300595640113,-1.9051854656952132,19
702,pafi1,ph1,3.5579393025567776,-1.7500470520470133,19
703,paco21,hema1,58.82072580801063,-1.1432322228644225,19
703,paco21,ph1,422.95407685365507,-1.2934185446701028,19
703,pafi1,hema1,41.743563664397165,-1.4720575481134957,19
703,pafi1,ph1,3.5094246899215173,-1.3528964049563912,19
704,paco21,hema1,69.35693093389095,-0.7309123567855379,19
704,paco21,ph1,320.4785361980582,-0.859435941060853,19
704,pafi1,hema1,34.995633649248006,-0.9332352467678894,19
704,pafi1,ph1,0.5791238179307653,-0.8902040479840319,19
705,paco21,hema1,62.29735754632136,-1.3644752155327566,19
705,paco21,ph1,313.88330620697025,-1.445090684570047,19
705,pafi1,hema1,32.77085362741999,-1.6478302822550965,19
705,pafi1,ph1,5.719450461059598,-1.3045211208552818,19
706,paco21,hema1,52.92992989009629,-1.5811270727485527,18
706,paco21,ph1,249.86846351990351,-1.7112954068498052,18
706,pafi1,hema1,22.983509065827604,-1.73377231974744,18
706,pafi1,ph1,1.9241381073741644,-1.431381797591049,18
707,paco21,hema1,37.3491828683519,-1.1745622143622734,19
707,paco21,ph1,365.00817983555606,-1.589845700364665,19
707,pafi1,hema1,11.978679671882125,-1.8180136234959008,19
707,pafi1,ph1,4.237656547676068,-1.2346406592839347,19
708,paco21,hema1,50.87308775258517,-1.3681114638625727,19
708,paco21,ph1,196.94657337639424,-1.560011299252249,19
708,pafi1,hema1,45.57160555344027,-1.5622481820436451,19
708,pafi1,ph1,4.992579022481894,-1.5396769174415852,19
709,paco21,hema1,57.576107816950625,-1.154483286107343,19
709,paco21,ph1,288.089269743215,-1.4464479431838253,19
709,pafi1,hema1,16.757357005442785,-1.266723229789324,19
709,pafi1,ph1,9.71375440219702,-1.489126194841316,19
710,paco21,hema1,57.43929253601391,-1.3350563315336441,19
710,paco21,ph1,493.2144710076686,-1.51236247007031,19
710,pafi1,hema1,23.78077539757194,-1.572249362238909,19
710,pafi1,ph1,4.2800803640103355,-1.3587452855076527,19
711,paco21,hema1,50.627312847177954,-1.7765448731829367,19
711,paco21,ph1,418.64934026315996,-1.9096276817280189,19
711,pafi1,hema1,24.81714732546632,-2.0190421105495227,19
711,pafi1,ph1,0.04166979221099863,-2.4093734748118525,19
712,paco21,hema1,36.33047109957236,-1.3291690196732193,19
712,paco21,ph1,333.22548872654585,-1.4929222397296724,19
712,pafi1,hema1,23.039611352648084,-1.6921299556961629,19
712,pafi1,ph1,0.00290121671731599,-9.59094806739609,19
713,paco21,hema1,54.99426531637766,-1.2893157922533294,18
713,paco21,ph1,324.4278079485598,-1.616191503496871,18
713,pafi1,hema1,15.142463825580082,-1.6122853731438698,18
713,pafi1,ph1,0.7363200829011973,-1.5421420614033023,18
714,paco21,hema1,54.0429651031285,-0.9527726589620984,19
714,paco21,ph1,364.3348789030958,-0.9828483447297689,19
714,pafi1,hema1,26.133411854876393,-0.9346843704959538,19
714,pafi1,ph1,0.9986452403400836,-1.1454320125228534,19
715,paco21,hema1,48.53935465924012,-1.2463326637424448,19
715,paco21,ph1,405.6000406223451,-1.6642025237222282,19
715,pafi1,hema1,18.64614050410118,-1.6931914431966517,19
715,pafi1,ph1,2.6930658921486357,-1.6358050211274584,19
716,paco21,hema1,50.82041075991071,-1.0975954651936615,19
716,paco21,ph1,328.3819520878618,-1.2884645019795165,19
716,pafi1,hema1,25.2425506644513,-1.2306174337931612,19
716,pafi1,ph1,5.836298090477303,-1.3086159552536958,19
717,paco21,hema1,81.30621789618823,-1.9138109925038345,19
717,paco21,ph1,377.67803134600604,-1.9698954781182516,19
717,pafi1,hema1,43.1150067764261,-2.1070322428300163,19
717,pafi1,ph1,0.1749111847898837,-1.593137630516219,19
718,paco21,hema1,74.98573024360891,-1.269656912655465,19
718,paco21,ph1,413.04950647655295,-1.4424324119841982,19
718,pafi1,hema1,29.589919729622913,-1.7509918000536906,19
718,pafi1,ph1,3.289037246135652,-1.617326396664693,19
719,paco21,hema1,39.570249243032045,-1.2384725073945244,19
719,paco21,ph1,355.454189054069,-1.5770212099420298,19
719,pafi1,hema1,21.21120663184754,-1.3870462709019957,19
719,pafi1,ph1,1.538235801766716,-1.6750906269531622,19
720,paco21,hema1,57.305815385595196,-1.1698619635126166,19
720,paco21,ph1,441.4693738389244,-1.2731709227537154,19
720,pafi1,hema1,8.289813028189398,-1.1245548608527067,19
720,pafi1,ph1,12.351356454672864,-1.332559828547329,19
721,paco21,hema1,50.88068627246437,-1.140887515284702,19
721,paco21,ph1,220.86214001373506,-1.4366060784055703,19
721,pafi1,hema1,12.558720623017939,-2.00433266525279,19
721,pafi1,ph1,2.5316604474279654,-1.7461381912282146,19
722,paco21,hema1,34.70556329797067,-0.7985752835808917,19
722,paco21,ph1,443.67424782659697,-1.0229773015160701,19
722,pafi1,hema1,29.727602328640703,-1.13131798315578,19
722,pafi1,ph1,0.9583111228202068,-0.8634692829370805,19
723,paco21,hema1,42.39213966159538,-1.050552246145689,19
723,paco21,ph1,271.40033712826397,-1.1073793817450763,19
723,pafi1,hema1,21.949774151380165,-1.1800286713598673,19
723,pafi1,ph1,5.626256918807366,-1.073644772826332,19
724,paco21,hema1,65.73740199852539,-1.303469797667825,18
724,paco21,ph1,274.78727316017205,-1.3512728204440454,18
724,pafi1,hema1,28.374633580640193,-1.338755492202927,18
724,pafi1,ph1,2.2116845321868883,-1.3568410845526475,18
725,paco21,hema1,33.03360436450648,-0.818801627542811,19
725,paco21,ph1,411.90364727332104,-1.103104099577631,19
725,pafi1,hema1,32.634628311435655,-1.2652910166448024,19
725,pafi1,ph1,14.911134320643338,-0.9736429285331158,19
726,paco21,hema1,40.43335655687179,-1.4219030228744525,19
726,paco21,ph1,289.8601346297517,-1.6007760019455946,19
726,pafi1,hema1,23.50118367343382,-1.6243342092223279,19
726,pafi1,ph1,2.334783226994873,-1.58303318065593,19
727,paco21,hema1,40.819113274968466,-1.3775814536871076,19
727,paco21,ph1,254.03625966568578,-1.4481016079732714,19
727,pafi1,hema1,23.34118077911115,-1.4831018104231755,19
727,pafi1,ph1,1.5644051526481362,-1.4394759732598568,19
728,paco21,hema1,56.61992428322645,-1.391314720954621,19
728,paco21,ph1,402.92865704262624,-1.4465970281126097,19
728,pafi1,hema1,16.957449114973937,-1.5615530228324848,19
728,pafi1,ph1,0.15112335080498024,-0.3284590549674792,19
729,paco21,hema1,78.67901721750702,-1.260576531038866,18
729,paco21,ph1,411.2816936754174,-1.563568934558893,18
729,pafi1,hema1,34.348864256956546,-1.7260413077810413,18
729,pafi1,ph1,0.4320006204837698,-1.8874725109752402,18
730,paco21,hema1,55.61712246914996,-0.48190075481821953,18
730,paco21,ph1,264.31365883678484,-0.6267755401504932,18
730,pafi1,hema1,31.976534486229635,-0.8014625578568482,18
730,pafi1,ph1,11.48156754338239,-0.560171666774038,18
731,paco21,hema1,51.94030757014112,-1.0636401084153926,19
731,paco21,ph1,329.0583123830274,-1.1542292367921845,19
731,pafi1,hema1,35.658518303096436,-1.4016641908278156,19
731,pafi1,ph1,5.476872453674278,-1.1338980358435915,19
732,paco21,hema1,40.16408908316445,-0.9651340259124607,19
732,paco21,ph1,415.9548989509972,-1.4568227802208626,19
732,pafi1,hema1,47.227551645033095,-1.349528471377231,19
732,pafi1,ph1,6.954202934220241,-1.472506739556164,19
733,paco21,hema1,61.40188693181627,-1.098568280416619,19
733,paco21,ph1,339.3334820374786,-1.4597727651893158,19
733,pafi1,hema1,19.330332987017627,-1.5329101767361173,19
733,pafi1,ph1,3.6479015762215465,-1.359384994904685,19
734,paco21,hema1,58.087321575229524,-0.7542273813794529,19
734,paco21,ph1,223.00182415286648,-0.9246955520293887,19
734,pafi1,hema1,29.323052186059535,-0.9651238469667167,19
734,pafi1,ph1,6.9284368924820345,-0.8511963241197918,19
735,paco21,hema1,62.78107408545778,-1.5282822895054455,19
735,paco21,ph1,395.02124975391547,-1.4494723340720497,19
735,pafi1,hema1,27.098518715514018,-1.760007510930765,19
735,pafi1,ph1,1.4552640004375956,-1.410155340839223,19
736,paco21,hema1,51.50881525057902,-1.2076077147327822,19
736,paco21,ph1,406.6962913852612,-1.3145864295026835,19
736,pafi1,hema1,26.50025466011503,-1.4434057058584149,19
736,pafi1,ph1,1.3029289208336476,-1.3651778904720553,19
737,paco21,hema1,52.437049535613994,-0.9054442425193813,19
737,paco21,ph1,321.2657498685039,-1.2075289776981952,19
737,pafi1,hema1,18.93999193935284,-1.3139555712283184,19
737,pafi1,ph1,3.661147559002504,-1.1998349285495984,19
738,paco21,hema1,73.13735348019972,-1.2469553847919932,19
738,paco21,ph1,294.33895102978295,-1.421695929013277,19
738,pafi1,hema1,45.92463065125275,-1.7459639136913025,19
738,pafi1,ph1,2.2087961862990406,-1.4548974969929915,19
739,paco21,hema1,27.188162036843668,-1.2478192950164677,19
739,paco21,ph1,267.1226841564332,-1.517061287814378,19
739,pafi1,hema1,12.073363375078177,-1.5472270946544593,19
739,pafi1,ph1,11.533639289014502,-1.4851383952775319,19
740,paco21,hema1,38.201921453797894,-0.6760405884650951,19
740,paco21,ph1,458.70627537558545,-0.9447469778155559,19
740,pafi1,hema1,26.625290623545638,-0.7798798210819796,19
740,pafi1,ph1,2.062323623870955,-0.9494814384489424,19
741,paco21,hema1,55.17937198433064,-1.1837791833979454,19
741,paco21,ph1,417.08416801775957,-1.3864535293407878,19
741,pafi1,hema1,25.173396549717673,-1.3894824840797828,19
741,pafi1,ph1,0.28055695401639746,-1.175974830455176,19
742,paco21,hema1,42.398856338788576,-1.461220375124428,19
742,paco21,ph1,360.6771749687915,-1.390778806656732,19
742,pafi1,hema1,40.51885372481783,-1.70758623498496,19
742,pafi1,ph1,0.47168360137988957,-1.0380039495448614,19
743,paco21,hema1,64.72493340908713,-1.1121043071178522,19
743,paco21,ph1,269.04914970089857,-1.3795120911377416,19
743,pafi1,hema1,20.71666030725901,-1.6470280734481166,19
743,pafi1,ph1,4.175508575525761,-1.29127895465977,19
744,paco21,hema1,46.611452835390836,-1.124357262476876,19
744,paco21,ph1,400.24359606638683,-1.5166424394869382,19
744,pafi1,hema1,17.19150405124305,-1.5963223631232077,19
744,pafi1,ph1,7.593934618862512,-1.5278607468737198,19
745,paco21,hema1,65.93630442291618,-0.6425794186032556,19
745,paco21,ph1,448.9337613171503,-1.1520976582923943,19
745,pafi1,hema1,31.93072723877631,-1.0350656224174548,19
745,pafi1,ph1,4.814818221013179,-1.1341309849380934,19
746,paco21,hema1,61.964726093526984,-0.7879838218741128,19
746,paco21,ph1,398.1674232086082,-0.9969356296089971,19
746,pafi1,hema1,15.686116403503078,-1.0920436313730617,19
746,pafi1,ph1,0.047426213353131685,-1.1839129533138584,19
747,paco21,hema1,49.52216082459438,-1.0351055782063285,18
747,paco21,ph1,295.9943696508685,-1.3782747408773413,18
747,pafi1,hema1,33.56709719110342,-1.261056365154211,18
747,pafi1,ph1,1.4393763585357011,-1.505176578034037,18
748,paco21,hema1,44.081875626478215,-1.4255651148924502,19
748,paco21,ph1,396.098955558049,-1.5757571729638606,19
748,pafi1,hema1,19.030542935117644,-1.6700712560754958,19
748,pafi1,ph1,0.6615454654596519,-1.2802712568088785,19
749,paco21,hema1,74.17596741437241,-0.4437520595951408,18
749,paco21,ph1,425.45955853686235,-0.6649499631638949,18
749,pafi1,hema1,16.293548897521013,-0.7332764456399464,18
749,pafi1,ph1,0.2618563837579653,-0.8897912720470892,18
750,paco21,hema1,50.35915043241088,-1.0805028833029555,19
750,paco21,ph1,324.37015925903535,-1.293968942342925,19
750,pafi1,hema1,33.81142725814432,-1.2458149504540055,19
750,pafi1,ph1,4.519159761790206,-1.3101636132159884,19
751,paco21,hema1,54.00508308166004,-1.3433647093219072,18
751,paco21,ph1,401.03840741599174,-1.4628734622329058,18
751,pafi1,hema1,25.948322613653254,-1.4772397627989446,18
751,pafi1,ph1,0.04889695739264453,-2.5395192976288126,18
752,paco21,hema1,53.21651198773278,-0.9437106224956922,19
752,paco21,ph1,395.72599390748974,-1.2040948461107537,19
752,pafi1,hema1,35.84916250005319,-1.154949957510964,19
752,pafi1,ph1,2.5101730359128913,-1.2204724900206276,19
753,paco21,hema1,64.94870457916508,-1.1833066076602923,19
753,paco21,ph1,287.6065316073894,-1.2691554886234844,19
753,pafi1,hema1,32.922603596010795,-1.2670709059503116,19
753,pafi1,ph1,2.293303434203987,-1.2665944821504422,19
754,paco21,hema1,33.438729890442325,-1.248618473025871,19
754,paco21,ph1,203.04789839857173,-1.342872407671513,19
754,pafi1,hema1,23.831225199722027,-1.446945991535637,19
754,pafi1,ph1,0.7854986906437917,-1.1246724281026401,19
755,paco21,hema1,57.436404491921486,-1.373488592072381,19
755,paco21,ph1,207.12642385355622,-1.6911354248210413,19
755,pafi1,hema1,31.776303029060916,-2.0823859964407956,19
755,pafi1,ph1,0.9978068894048242,-0.9840315868362257,19
756,paco21,hema1,68.01875972848897,-1.5322981214320408,19
756,paco21,ph1,360.60250573396377,-1.6719663975957582,19
756,pafi1,hema1,29.00202163822492,-1.5032273478428684,19
756,pafi1,ph1,2.3577523597208674,-1.7354463844399626,19
757,paco21,hema1,61.58066046583791,-1.0911469203670277,19
757,paco21,ph1,392.31607796737393,-1.1664425638369877,19
757,pafi1,hema1,20.777109712069592,-1.2637524565048424,19
757,pafi1,ph1,3.354691868437796,-1.1883683356916712,19
758,paco21,hema1,64.26112580242655,-0.8273728452069788,19
758,paco21,ph1,275.1397525972837,-0.9095505096859434,19
758,pafi1,hema1,30.814618229018254,-1.1423160146183968,19
758,pafi1,ph1,3.0520698254427403,-0.9948593726614633,19
759,paco21,hema1,58.88483811648177,-1.2673759713057833,19
759,paco21,ph1,273.1308120887716,-1.5167454447325772,19
759,pafi1,hema1,30.777503055616645,-1.3908815194391444,19
759,pafi1,ph1,0.588209654594958,-1.1749637856435713,19
760,paco21,hema1,53.10707007117596,-0.915288072952484,19
760,paco21,ph1,246.89710856940778,-1.0806223589660517,19
760,pafi1,hema1,20.04301400938782,-1.0198983767103194,19
760,pafi1,ph1,13.11479150730281,-1.09116415146579,19
761,paco21,hema1,30.32337995266522,-0.9550343228919758,18
761,paco21,ph1,397.9812642046984,-1.376406133690284,18
761,pafi1,hema1,18.459252003098136,-1.0485169918437982,18
761,pafi1,ph1,0.35651875442726433,-2.9794636338949094,18
762,paco21,hema1,47.072392164335426,-0.9461109220704401,19
762,paco21,ph1,330.0128465341786,-1.0279351571912034,19
762,pafi1,hema1,30.256789608111834,-1.0647274830911615,19
762,pafi1,ph1,0.017194944789185148,1.0209495878724386,19
763,paco21,hema1,63.31352283862759,-1.4133690901581906,19
763,paco21,ph1,386.0133662593634,-1.4595390235918122,19
763,pafi1,hema1,42.416365057128154,-1.5296147668579807,19
763,pafi1,ph1,1.2399112724114205,-1.7776386746918995,19
764,paco21,hema1,39.72104256080787,-1.184213242346683,19
764,paco21,ph1,302.4581766810821,-1.2643898791251447,19
764,pafi1,hema1,18.8175831436041,-1.312419814955995,19
764,pafi1,ph1,0.2974435077911103,-1.2213207955276413,19
765,paco21,hema1,39.27607996567287,-1.4611863584649307,19
765,paco21,ph1,399.2021788984057,-1.6379776327346134,19
765,pafi1,hema1,27.219579125572277,-1.8895984304471831,19
765,pafi1,ph1,2.5585376375784215,-1.2797547345850968,19
766,paco21,hema1,81.36081963061197,-1.5435282831818165,19
766,paco21,ph1,316.7291508594847,-1.7136198059051124,19
766,pafi1,hema1,34.011499346848346,-1.6611245255690918,19
766,pafi1,ph1,0.47772955475325063,-1.2494714543685712,19
767,paco21,hema1,67.1442225488605,-1.8000205582997157,19
767,paco21,ph1,321.3762318403039,-1.9755787369865727,19
767,pafi1,hema1,29.230079803717494,-2.3580225764613285,19
767,pafi1,ph1,0.3550304673232828,-0.11217978979380001,19
768,paco21,hema1,55.12810648780267,-1.1252533579687205,19
768,paco21,ph1,315.14256459653717,-1.2484856983272006,19
768,pafi1,hema1,25.831981985066747,-1.514676291930802,19
768,pafi1,ph1,0.8006411611621728,-1.0940634997914358,19
769,paco21,hema1,48.12552722412854,-1.11985981479563,19
769,paco21,ph1,335.4627577647228,-1.3310495810736835,19
769,pafi1,hema1,43.332138430653885,-1.2259632550609043,19
769,pafi1,ph1,5.487759208100771,-1.434337208635733,19
770,paco21,hema1,31.202462837931577,-1.2112067789015728,18
770,paco21,ph1,353.18860826182043,-1.3092916765869602,18
770,pafi1,hema1,33.69299863285577,-1.2647849321325983,18
770,pafi1,ph1,1.130030913824094,-1.4484834430139009,18
771,paco21,hema1,67.10139710960003,-1.123459058737065,19
771,paco21,ph1,469.1814806162559,-1.1890590321015044,19
771,pafi1,hema1,31.226403672500695,-1.1149263977221802,19
771,pafi1,ph1,1.6481870590848997,-1.3608423672907197,19
772,paco21,hema1,69.04927969824764,-1.4974789489486775,19
772,paco21,ph1,337.12697776266583,-1.5142664582512175,19
772,pafi1,hema1,39.06867198372286,-1.309346080913235,19
772,pafi1,ph1,2.836223661461558,-1.7409899502938226,19
773,paco21,hema1,67.68536228956421,-1.2908723728809552,19
773,paco21,ph1,226.62352208725366,-1.3769989559524394,19
773,pafi1,hema1,27.932473618779987,-1.7051474002910059,19
773,pafi1,ph1,9.118315116326698,-1.479313664025691,19
774,paco21,hema1,48.23821114719568,-1.044514545481355,19
774,paco21,ph1,291.9163250800317,-1.0676997874025071,19
774,pafi1,hema1,34.55963061423166,-1.2342062721905045,19
774,pafi1,ph1,6.9334714743828565,-0.9332035350192815,19
775,paco21,hema1,71.3637289033621,-1.0575728780054674,19
775,paco21,ph1,303.0113088450337,-1.3351272288724918,19
775,pafi1,hema1,26.95840996063467,-1.8679850123483412,19
775,pafi1,ph1,4.9557723932441755,-1.0907371605760727,19
776,paco21,hema1,52.32709827841424,-0.7661443378915124,19
776,paco21,ph1,279.7755039677245,-0.9272672678680023,19
776,pafi1,hema1,42.056338761693894,-1.0576825622376582,19
776,pafi1,ph1,9.146349091430286,-0.9359452052474775,19
777,paco21,hema1,73.3794442912532,-1.148503246973461,19
777,paco21,ph1,223.1409702372573,-1.224590253848987,19
777,pafi1,hema1,14.218473228999578,-1.4505118342258678,19
777,pafi1,ph1,14.880021247400371,-1.0870907196676214,19
778,paco21,hema1,37.00088266711713,-1.0559818432658103,19
778,paco21,ph1,365.75789611546134,-1.28311621253588,19
778,pafi1,hema1,21.738492764619156,-1.1595761075248752,19
778,pafi1,ph1,0.26755991373760135,-1.303696133171181,19
779,paco21,hema1,60.62736825068517,-0.8677880869586116,19
779,paco21,ph1,476.3153701059292,-1.1975347618466508,19
779,pafi1,hema1,24.686554206704873,-1.5675955732355618,19
779,pafi1,ph1,1.0711424917225003,-0.7285873039020867,19
780,paco21,hema1,44.95335175567841,-1.0049809387255055,19
780,paco21,ph1,375.52895873725635,-1.1633396794059594,19
780,pafi1,hema1,35.61737369613416,-1.0990594293926277,19
780,pafi1,ph1,0.39686261941628476,-1.2207223393954825,19
781,paco21,hema1,48.831222242453755,-1.037039164368027,19
781,paco21,ph1,283.5164692971924,-1.3082505826266466,19
781,pafi1,hema1,26.611030928893346,-1.3294339637858226,19
781,pafi1,ph1,6.8500262804617895,-1.0867834694737495,19
782,paco21,hema1,78.59811913965177,-1.7880274648636538,19
782,paco21,ph1,334.9703446291646,-1.8735051426104499,19
782,pafi1,hema1,44.93274885673047,-2.0310410981365234,19
782,pafi1,ph1,1.1270108432261279,-1.3515467535639811,19
783,paco21,hema1,50.849606293823676,-1.3722145357414537,19
783,paco21,ph1,320.06487522899124,-1.42555608842928,19
783,pafi1,hema1,24.561106791756508,-1.621654238009119,19
783,pafi1,ph1,1.4003143624334566,-0.8940016527821428,19
784,paco21,hema1,42.82779608774922,-0.8901899223463272,19
784,paco21,ph1,268.01231067928046,-1.217707087154113,19
784,pafi1,hema1,23.0121614517685,-1.3144361548684476,19
784,pafi1,ph1,2.8837680913437516,-1.182296888098354,19
785,paco21,hema1,52.15174900057475,-1.704035326894963,19
785,paco21,ph1,297.8401225163241,-1.9933930094561143,19
785,pafi1,hema1,22.893981210552727,-1.906554986095278,19
785,pafi1,ph1,1.0420664468351974,-1.946479100344486,19
786,paco21,hema1,41.09709389751759,-1.558894231195914,19
786,paco21,ph1,244.5053963311744,-1.678872121008575,19
786,pafi1,hema1,46.173044286510674,-1.788933065494746,19
786,pafi1,ph1,0.2839993768175873,-1.8641976636065374,19
787,paco21,hema1,71.43039334809602,-1.33606145889672,19
787,paco21,ph1,329.3561987168894,-1.5409355951579733,19
787,pafi1,hema1,39.606739065211634,-1.6462456329679727,19
787,pafi1,ph1,12.89404711894029,-1.2810609030170443,19
788,paco21,hema1,38.46046278956824,-0.5956802671078767,19
788,paco21,ph1,232.14069547384096,-0.9902838159977037,19
788,pafi1,hema1,17.366666887822163,-0.6054882496593738,19
788,pafi1,ph1,2.207241839700181,-1.362326365595,19
789,paco21,hema1,35.894425467381986,-0.23681540121922032,19
789,paco21,ph1,342.65077026046265,-0.5851913804426562,19
789,pafi1,hema1,32.09501324240254,-0.5437600919979381,19
789,pafi1,ph1,0.01187260214749228,-0.19365112657373268,19
790,paco21,hema1,59.503887183438565,-1.237361922628475,19
790,paco21,ph1,319.76799020723314,-1.4222245574729695,19
790,pafi1,hema1,23.657404311412098,-1.4137382764959898,19
790,pafi1,ph1,4.842043380337257,-1.4187920463689887,19
791,paco21,hema1,68.23190144139443,-1.2849350294088637,18
791,paco21,ph1,231.13996255098806,-1.4326535313729398,18
791,pafi1,hema1,18.8652885739481,-1.771762236634155,18
791,pafi1,ph1,0.6627028760450079,-1.0186956198476167,18
792,paco21,hema1,31.03241891429198,-1.113618462925554,19
792,paco21,ph1,464.8564554332291,-1.2419444777258624,19
792,pafi1,hema1,17.294458675796914,-1.285128836822585,19
792,pafi1,ph1,0.15389453269189207,-0.9753426373976001,19
793,paco21,hema1,56.5893266848396,-1.1351217751106097,19
793,paco21,ph1,424.2943488513935,-1.3458009290095772,19
793,pafi1,hema1,28.141976618232416,-1.6424722651674313,19
793,pafi1,ph1,0.9895102265684728,-1.9396295913098534,19
794,paco21,hema1,57.92207168268081,-1.341500699238364,19
794,paco21,ph1,311.8944061204478,-1.414828060021019,19
794,pafi1,hema1,37.82802560537563,-1.4996007118311734,19
794,pafi1,ph1,0.0016517307255013809,-2.819774393608784,19
795,paco21,hema1,47.176318114520384,-1.133005616379324,19
795,paco21,ph1,301.197871360046,-1.3039691612518,19
795,pafi1,hema1,25.629661454636643,-1.4676844380432987,19
795,pafi1,ph1,1.8714617561826368,-1.3200865378762565,19
796,paco21,hema1,59.739063799811774,-1.0330359120018613,19
796,paco21,ph1,232.23569401370276,-1.0451678327580327,19
796,pafi1,hema1,25.38884925577144,-1.0721722649853798,19
796,pafi1,ph1,3.6996091310963415,-1.043492172705034,19
797,paco21,hema1,63.48510535255349,-1.0061587053236647,19
797,paco21,ph1,315.50733877777367,-1.1720259412274137,19
797,pafi1,hema1,21.582374421191517,-1.2209195176822152,19
797,pafi1,ph1,11.888002790936978,-1.109757663125049,19
798,paco21,hema1,42.24570295808213,-0.7190030598600189,19
798,paco21,ph1,311.0207246228067,-1.1568424034576994,19
798,pafi1,hema1,31.293591386648714,-1.195497544954059,19
798,pafi1,ph1,5.496126914004877,-1.0102050618109784,19
799,paco21,hema1,42.81933896422509,-1.3261387552132875,19
799,paco21,ph1,224.5114658288336,-1.6185461905382132,19
799,pafi1,hema1,30.00420787639089,-1.593545386041634,19
799,pafi1,ph1,3.534001738237747,-1.550799613318531,19
800,paco21,hema1,61.20923091395421,-0.9684149930642107,19
800,paco21,ph1,420.9406949628529,-1.053225074527315,19
800,pafi1,hema1,19.07996342958601,-1.339385868829753,19
800,pafi1,ph1,4.066175209395378,-1.1319996037563573,19
801,paco21,hema1,39.83955233484409,-0.8711459057864552,19
801,paco21,ph1,402.81045658116267,-1.0708386181431702,19
801,pafi1,hema1,22.739593646342428,-1.2054924560683027,19
801,pafi1,ph1,1.11056627144545,-0.9923058110378115,19
802,paco21,hema1,67.35021776012726,-0.9933018873637812,18
802,paco21,ph1,321.34655246303885,-1.0864951883660037,18
802,pafi1,hema1,20.160425513260147,-1.3797494313055496,18
802,pafi1,ph1,3.525654007508326,-1.2377589229136843,18
803,paco21,hema1,40.82013811986751,-1.2158974114129524,19
803,paco21,ph1,344.33603102670486,-1.4580157931674225,19
803,pafi1,hema1,47.06886165105584,-1.4741332904014448,19
803,pafi1,ph1,5.068079237390096,-1.3347073254855741,19
804,paco21,hema1,47.31484884398347,-0.7580150239524218,18
804,paco21,ph1,328.82440732677975,-0.956442484970448,18
804,pafi1,hema1,22.600145921654683,-1.2671186975124724,18
804,pafi1,ph1,4.432012648370434,-0.9799677452429688,18
805,paco21,hema1,56.30035874530066,-0.9116907899217961,18
805,paco21,ph1,275.38399038430305,-1.3148111256694752,18
805,pafi1,hema1,32.47677035109191,-1.2906653565801636,18
805,pafi1,ph1,6.180677710110091,-1.3008783999395035,18
806,paco21,hema1,69.30845151323003,-1.405373570782325,19
806,paco21,ph1,264.5938624208402,-1.4854901960998794,19
806,pafi1,hema1,46.37757056905235,-1.6021406933273086,19
806,pafi1,ph1,0.0597814859070077,-0.7282192531203571,19
807,paco21,hema1,59.55701546818232,-1.2233762072071939,19
807,paco21,ph1,234.59763603891258,-1.2966088965377656,19
807,pafi1,hema1,48.95849600426819,-1.4911363115195082,19
807,pafi1,ph1,6.187195758281131,-1.2428167893448168,19
808,paco21,hema1,53.868138555917795,-0.5721264759785283,18
808,paco21,ph1,325.7648837827286,-0.8282049573241402,18
808,pafi1,hema1,18.889770939149795,-1.044490693996183,18
808,pafi1,ph1,4.2479021121308085,-0.6657064808952045,18
809,paco21,hema1,33.595967260725025,-1.2985550041507592,19
809,paco21,ph1,344.81172808114957,-1.4281063375131813,19
809,pafi1,hema1,5.31748042404608,-1.6053644670126028,19
809,pafi1,ph1,0.013363917344936905,0.34190158385226876,19
810,paco21,hema1,60.050307220852424,-1.0991915182128411,19
810,paco21,ph1,235.51145403384615,-1.1408193150659254,19
810,pafi1,hema1,13.094248185670912,-1.5461913321389302,19
810,pafi1,ph1,0.8494122508770633,-0.4496214430123256,19
811,paco21,hema1,36.467012652900806,-1.3275131371560036,19
811,paco21,ph1,313.2889799539949,-1.76914370587127,19
811,pafi1,hema1,11.448348885089835,-1.9651816520659304,19
811,pafi1,ph1,0.05188409170707182,-1.584522042006987,19
812,paco21,hema1,48.98154879833314,-0.738981287471074,19
812,paco21,ph1,257.81719020425584,-1.006360961612389,19
812,pafi1,hema1,24.864169745715504,-0.9755905251320539,19
812,pafi1,ph1,6.269562756162577,-1.0055239302778025,19
813,paco21,hema1,52.847310616892486,-1.2212936291615504,19
813,paco21,ph1,381.6942537527094,-1.2712250066635067,19
813,pafi1,hema1,15.959708434045938,-1.3924609711933988,19
813,pafi1,ph1,3.454291878500178,-1.2401012189068545,19
814,paco21,hema1,93.5839683988608,-1.3307340888495347,19
814,paco21,ph1,427.05940532747405,-1.5827978183731681,19
814,pafi1,hema1,32.36079761225495,-1.4486554914018799,19
814,pafi1,ph1,6.708171238958682,-1.6512366110334793,19
815,paco21,hema1,69.91744689880132,-0.7595491597923236,19
815,paco21,ph1,276.79120036106167,-0.7546480324658468,19
815,pafi1,hema1,36.531448936482235,-0.7248750997273159,19
815,pafi1,ph1,0.017124193436599124,-0.7574771023618443,19
816,paco21,hema1,69.35426287520474,-1.227512402002934,19
816,paco21,ph1,403.92368196084834,-1.4453871070453206,19
816,pafi1,hema1,24.860123800944386,-1.408586021727099,19
816,pafi1,ph1,0.6563677540196485,-1.4526976341439892,19
817,paco21,hema1,66.97948409579577,-0.8946164178020928,18
817,paco21,ph1,441.747630592282,-1.2442596640927084,18
817,pafi1,hema1,30.92036934580525,-1.0362569958033612,18
817,pafi1,ph1,8.799213556738144,-1.3221383931679223,18
818,paco21,hema1,54.55508955164724,-1.4922139751827002,18
818,paco21,ph1,425.12707931092586,-1.7533895602703629,18
818,pafi1,hema1,12.732153672674274,-1.7761253153391885,18
818,pafi1,ph1,2.487885996216303,-1.6957771037383094,18
819,paco21,hema1,44.1596128257656,-0.764260398759577,19
819,paco21,ph1,262.4735022011855,-0.9383837970094105,19
819,pafi1,hema1,27.544307818886157,-0.9624285722543846,19
819,pafi1,ph1,0.5305802410684843,-0.9073687410072191,19
820,paco21,hema1,58.74811808166648,-0.6578559597211301,19
820,paco21,ph1,321.75625011550585,-0.808362928232532,19
820,pafi1,hema1,31.075386869850714,-0.6943989481493631,19
820,pafi1,ph1,3.8875094379646247,-1.0089109299913226,19
821,paco21,hema1,50.34181539254741,-1.0804218861905774,19
821,paco21,ph1,287.9922515123312,-1.0788438146949024,19
821,pafi1,hema1,19.254852127991597,-1.3661525413549707,19
821,pafi1,ph1,2.451465330001202,-0.799098025495704,19
822,paco21,hema1,41.273773647173954,-1.3305030965834848,19
822,paco21,ph1,452.97221501609323,-1.652884861551851,19
822,pafi1,hema1,36.16867854146387,-1.8826532495411799,19
822,pafi1,ph1,4.42739588347661,-1.8868874553115733,19
823,paco21,hema1,49.759807700727215,-1.3779427479116815,19
823,paco21,ph1,416.6824426712602,-1.536339750964918,19
823,pafi1,hema1,36.81329902522055,-1.6427223408855947,19
823,pafi1,ph1,3.4140306715649413,-1.535363147579803,19
824,paco21,hema1,45.02795870029169,-1.8418367850285575,19
824,paco21,ph1,258.6149164655666,-1.8990942258403989,19
824,pafi1,hema1,22.943323529694077,-1.8415497295761445,19
824,pafi1,ph1,8.485988209067578,-2.0107752734713795,19
825,paco21,hema1,53.07361185564166,-1.0675522097262868,18
825,paco21,ph1,350.6286699291232,-1.4086675718601136,18
825,pafi1,hema1,20.192711112937086,-1.2634110351823744,18
825,pafi1,ph1,1.9055160319948663,-1.6143816274687657,18
826,paco21,hema1,62.2435719093523,-0.9638167625772341,19
826,paco21,ph1,290.8122670743952,-1.2018336536035559,19
826,pafi1,hema1,15.717813992758456,-1.2354727307228588,19
826,pafi1,ph1,0.15672835975430677,-1.2210339274569555,19
827,paco21,hema1,60.828272352304914,-1.046217493805853,19
827,paco21,ph1,235.0490211232384,-1.2347491342048467,19
827,pafi1,hema1,44.7531798231995,-1.2736548745254799,19
827,pafi1,ph1,0.8109885663905002,-1.1353044947013804,19
828,paco21,hema1,41.163059449304704,-1.0457036820335255,19
828,paco21,ph1,302.8481000130835,-1.1800088610468682,19
828,pafi1,hema1,14.363220231314854,-1.5027848295500004,19
828,pafi1,ph1,2.6526711999789625,-0.8077175635669647,19
829,paco21,hema1,54.616903084546465,-1.527689267027053,19
829,paco21,ph1,287.9781008873421,-1.7246061548353697,19
829,pafi1,hema1,19.910529099225194,-1.8167783722241257,19
829,pafi1,ph1,10.553669925828402,-1.6236802081848536,19
830,paco21,hema1,40.295362903384806,-1.0883054982020173,19
830,paco21,ph1,343.36501961100726,-1.2495904339706088,19
830,pafi1,hema1,33.15516807534468,-0.9847351762136924,19
830,pafi1,ph1,1.6945852301657218,-2.285379119946328,19
831,paco21,hema1,28.642641802051,-0.6858260024361267,19
831,paco21,ph1,431.86767546738906,-1.1149010646887276,19
831,pafi1,hema1,15.450053897210983,-0.8816709740208782,19
831,pafi1,ph1,1.4195767812889453,-1.0183425802947033,19
832,paco21,hema1,55.192255990828336,-1.3518559506526306,19
832,paco21,ph1,411.49814083379675,-1.6702841457869202,19
832,pafi1,hema1,15.75412475083451,-2.160755691584689,19
832,pafi1,ph1,1.160681294912779,-1.2943781348143504,19
833,paco21,hema1,38.441134271826904,-0.5105934162141993,19
833,paco21,ph1,300.61332757354563,-0.98252384277151,19
833,pafi1,hema1,8.162827362288285,-1.1317613505631645,19
833,pafi1,ph1,2.260822163910271,-1.051592913556779,19
834,paco21,hema1,46.169625411372685,-1.3371804194976995,19
834,paco21,ph1,316.89710372322145,-1.592889313711457,19
834,pafi1,hema1,15.635107494252358,-1.7766558261725227,19
834,pafi1,ph1,11.276865030195705,-1.5856433946283817,19
835,paco21,hema1,68.96451712765572,-0.905967404365074,19
835,paco21,ph1,301.9080645013589,-1.3692924595506275,19
835,pafi1,hema1,27.331080757523427,-1.26869817139213,19
835,pafi1,ph1,0.1158247545237094,-1.6593702725713766,19
836,paco21,hema1,50.535106220168664,-1.4740692096564685,19
836,paco21,ph1,266.8452357110261,-1.4643502104054944,19
836,pafi1,hema1,19.730329614577418,-1.810236270954251,19
836,pafi1,ph1,0.09825546677606183,-0.6951575004906494,19
837,paco21,hema1,68.92227794003693,-1.1565115054445754,19
837,paco21,ph1,278.4029596506738,-1.1552103903720334,19
837,pafi1,hema1,32.53041922518196,-1.507903644059844,19
837,pafi1,ph1,6.681839833398848,-1.351759084544759,19
838,paco21,hema1,48.42712988549002,-1.5759153285375442,19
838,paco21,ph1,228.16835345660883,-1.5865857642696823,19
838,pafi1,hema1,27.47997117830268,-1.6582227089206742,19
838,pafi1,ph1,0.04429837724920527,-1.463513803803656,19
839,paco21,hema1,67.38441629117972,-1.0628153067053712,19
839,paco21,ph1,421.244712937862,-1.2660731395921532,19
839,pafi1,hema1,9.415123473783233,-1.5757652854438269,19
839,pafi1,ph1,9.080657726956472,-1.17683771423208,19
840,paco21,hema1,53.467953442320194,-1.0709883028697178,19
840,paco21,ph1,277.84177809093677,-1.2715203160550055,19
840,pafi1,hema1,19.80093133056976,-1.3131174181354397,19
840,pafi1,ph1,1.5254847370318254,-1.2256343617167464,19
841,paco21,hema1,52.793003385832,-1.188385149788795,19
841,paco21,ph1,265.3557088216539,-1.349291621835008,19
841,pafi1,hema1,30.984657147407383,-1.406627614265262,19
841,pafi1,ph1,3.274113526813238,-1.163847559543973,19
842,paco21,hema1,46.30757127534241,-1.2108461865793894,19
842,paco21,ph1,395.6584464279787,-1.4974175593604033,19
842,pafi1,hema1,34.313395794083995,-1.6829365356015047,19
842,pafi1,ph1,12.719285970632427,-1.5216427747254901,19
843,paco21,hema1,51.10398841659583,-0.8460475662778679,19
843,paco21,ph1,321.7201182322362,-1.1492052388465044,19
843,pafi1,hema1,39.25935311669835,-1.304926817093993,19
843,pafi1,ph1,3.5105167772446975,-1.0691536662210086,19
844,paco21,hema1,43.73932026453511,-1.2016699545387746,19
844,paco21,ph1,314.1395572416143,-1.4285230656227033,19
844,pafi1,hema1,35.49757741132276,-1.6986874247135981,19
844,pafi1,ph1,1.1629079259251662,-1.4819970377707965,19
845,paco21,hema1,49.33965139371081,-0.8746609904720273,19
845,paco21,ph1,389.4640501237052,-0.9654893592011291,19
845,pafi1,hema1,16.563216541473547,-0.8069376803253706,19
845,pafi1,ph1,0.09901121853398909,-1.3732066939822942,19
846,paco21,hema1,60.9019713825761,-1.0477253048574853,19
846,paco21,ph1,282.330761185915,-1.42851318450247,19
846,pafi1,hema1,37.25258347264925,-1.4907858582402043,19
846,pafi1,ph1,2.9234142953645317,-1.3346367415995113,19
847,paco21,hema1,55.82945687894866,-0.8556001826633655,19
847,paco21,ph1,352.8345762753156,-1.2312311024498037,19
847,pafi1,hema1,34.46401012410191,-1.1873800572428135,19
847,pafi1,ph1,1.4764148428813073,-1.2188568276177674,19
848,paco21,hema1,51.09258720662061,-1.2193174926373118,19
848,paco21,ph1,320.0270075350836,-1.5513298403511093,19
848,pafi1,hema1,25.128548910777006,-1.4015017395443277,19
848,pafi1,ph1,0.1423378191208066,-0.738641875254063,19
849,paco21,hema1,49.21252979096484,-1.254355672714103,19
849,paco21,ph1,394.59141210160413,-1.359938465683693,19
849,pafi1,hema1,35.942078372948195,-1.4452467676909861,19
849,pafi1,ph1,0.050245580449336455,-0.5998139910454238,19
850,paco21,hema1,56.35009500701089,-1.0095698145820113,19
850,paco21,ph1,271.8111536111018,-1.0268178169226199,19
850,pafi1,hema1,20.67081438956811,-1.3034607634726887,19
850,pafi1,ph1,6.577041622382772,-0.9988616493961298,19
851,paco21,hema1,32.81465033732719,-1.485137570899067,19
851,paco21,ph1,298.0915769180109,-1.5709293882567676,19
851,pafi1,hema1,25.026697108715265,-1.9745572407799432,19
851,pafi1,ph1,8.78845240081796,-1.3559949133255758,19
852,paco21,hema1,69.98330268043924,-0.91938373129132,19
852,paco21,ph1,429.7743766087805,-1.2673344488404725,19
852,pafi1,hema1,40.020430658926365,-1.366936363716734,19
852,pafi1,ph1,10.660731707569596,-1.0978324772076526,19
853,paco21,hema1,47.62007609169889,-1.1342061001627852,19
853,paco21,ph1,245.6535460514385,-1.2307872250645682,19
853,pafi1,hema1,24.84874848502857,-1.3545011160938438,19
853,pafi1,ph1,1.8782364497456023,-1.2030897597893833,19
854,paco21,hema1,55.39628493362548,-0.8450880337226562,18
854,paco21,ph1,387.5146724791441,-1.2179905485430507,18
854,pafi1,hema1,18.586149568443034,-1.3964796755176636,18
854,pafi1,ph1,1.2166281337603437,-1.2431323512331833,18
855,paco21,hema1,62.890288825207065,-1.361838499635547,19
855,paco21,ph1,276.180348902564,-1.478159064408952,19
855,pafi1,hema1,10.379622552711988,-1.8039087680095627,19
855,pafi1,ph1,2.4428259393929426,-1.498727252640883,19
856,paco21,hema1,41.949813115642364,-1.222953748356117,19
856,paco21,ph1,399.87353524163984,-1.4577467786485423,19
856,pafi1,hema1,17.32087903049507,-1.2359369588468854,19
856,pafi1,ph1,3.3666528060716066,-1.6685369714843172,19
857,paco21,hema1,42.65197346075607,-0.9631633839503627,19
857,paco21,ph1,362.6408714192943,-1.2788791627135263,19
857,pafi1,hema1,33.99416350616174,-1.413710703706373,19
857,pafi1,ph1,0.39182899159770723,-1.6180348494388632,19
858,paco21,hema1,43.58199226944641,-1.0551953167299146,19
858,paco21,ph1,298.5891605048444,-1.3376106473159812,19
858,pafi1,hema1,17.07746647377007,-1.2358650194396614,19
858,pafi1,ph1,0.12498666449082169,-1.0698571596577258,19
859,paco21,hema1,48.86006090908474,-1.5410045801246326,18
859,paco21,ph1,283.84257377366055,-1.673161210557841,18
859,pafi1,hema1,31.019042951653805,-1.6040636512822026,18
859,pafi1,ph1,3.3699343835583373,-1.78137999172047,18
860,paco21,hema1,35.59812944411189,-0.6673841899555167,19
860,paco21,ph1,282.51481686247115,-1.0293592675386023,19
860,pafi1,hema1,28.732597441339795,-1.2712640588990363,19
860,pafi1,ph1,9.547932224807214,-0.682426705688262,19
861,paco21,hema1,62.516572035346755,-0.8287304219406966,19
861,paco21,ph1,409.4377328415047,-1.199925526267273,19
861,pafi1,hema1,26.261251358113707,-1.2434773568386608,19
861,pafi1,ph1,0.8397647919895493,-1.0580520506791098,19
862,paco21,hema1,39.83666318754632,-1.3210562406275455,18
862,paco21,ph1,384.26386817895536,-1.6011823867498374,18
862,pafi1,hema1,12.311922424321034,-1.4721444736619342,18
862,pafi1,ph1,3.5624780070937527,-1.6174638052205266,18
863,paco21,hema1,40.1687225275165,-1.3946485109165871,19
863,paco21,ph1,204.76702896129498,-1.5201715294839064,19
863,pafi1,hema1,18.579396534231755,-1.5453888843279502,19
863,pafi1,ph1,0.11192821062066827,-1.1573037593590498,19
864,paco21,hema1,60.94389371369114,-1.4767637785989973,18
864,paco21,ph1,306.28664072436175,-1.5617176338068028,18
864,pafi1,hema1,40.70644191588224,-1.5298867114851769,18
864,pafi1,ph1,0.1783474030343026,-1.6164839905930701,18
865,paco21,hema1,69.36921118651243,-0.8478394740975316,18
865,paco21,ph1,408.3041990534252,-0.82937133948133,18
865,pafi1,hema1,36.21615882045295,-1.503014926614462,18
865,pafi1,ph1,8.20363426644792,-0.7352318775188127,18
866,paco21,hema1,41.570570346195666,-1.2205641621704244,19
866,paco21,ph1,380.87769846717396,-1.4640926883028833,19
866,pafi1,hema1,17.793561120579593,-1.3817511184715665,19
866,pafi1,ph1,0.3266017758162967,-1.6325609564765518,19
867,paco21,hema1,54.467474439797684,-1.1349039669890482,18
867,paco21,ph1,430.26605702554446,-1.4023959969150404,18
867,pafi1,hema1,11.870374577695905,-1.460116148462239,18
867,pafi1,ph1,3.8641940653698477,-1.236690529213113,18
868,paco21,hema1,42.94220355359341,-1.8101110783606233,19
868,paco21,ph1,309.55583143674625,-1.9488710186225726,19
868,pafi1,hema1,24.028138045370216,-1.92223329283683,19
868,pafi1,ph1,4.6579092949933685,-1.9355758865726795,19
869,paco21,hema1,56.305721953988915,-1.0098619511772795,19
869,paco21,ph1,237.7227047800225,-1.1772540173255415,19
869,pafi1,hema1,26.26896494623737,-1.3857185802878809,19
869,pafi1,ph1,0.04524982628643747,1.2692270225163047,19
870,paco21,hema1,54.988461613755135,-1.6549694464353915,18
870,paco21,ph1,283.5525755087463,-1.6767415683725044,18
870,pafi1,hema1,34.370271713210904,-1.7642649286400036,18
870,pafi1,ph1,0.8712417994459128,-1.9844668742911407,18
871,paco21,hema1,54.03936850547245,-1.2041199665047593,19
871,paco21,ph1,399.91567854243834,-1.2992123174434127,19
871,pafi1,hema1,22.819718093916087,-1.286587888699425,19
871,pafi1,ph1,8.077992505874244,-1.2923259389171318,19
872,paco21,hema1,49.46666108045855,-1.2985723363352395,18
872,paco21,ph1,259.07041252210695,-1.6210866515821547,18
872,pafi1,hema1,26.029311551100353,-1.9389190255696984,18
872,pafi1,ph1,0.22089074010618767,-1.113352001202868,18
873,paco21,hema1,59.89253504102052,-1.2369992635779752,19
873,paco21,ph1,273.51341291425763,-1.452075349527201,19
873,pafi1,hema1,43.457334840364375,-1.3987915795875072,19
873,pafi1,ph1,2.2834914932285586,-1.449731412435101,19
874,paco21,hema1,54.412816568544734,-1.3793877409809587,19
874,paco21,ph1,430.8536408581036,-1.6699112471260413,19
874,pafi1,hema1,17.55852531419364,-1.7870560304299872,19
874,pafi1,ph1,2.1833537110237553,-1.531643159041036,19
875,paco21,hema1,75.24337203751033,-1.8229218039057005,19
875,paco21,ph1,272.0616745208169,-1.8597472455114672,19
875,pafi1,hema1,31.660788015405238,-2.014914801596134,19
875,pafi1,ph1,6.166849033382902,-1.8571066501128062,19
876,paco21,hema1,58.86228335470293,-1.409996242122586,19
876,paco21,ph1,263.4509475836942,-1.6058066868261882,19
876,pafi1,hema1,21.29910809148955,-1.5085069825896662,19
876,pafi1,ph1,0.17916382755857924,-1.791063226635981,19
877,paco21,hema1,54.10890658757689,-0.8746382082876735,19
877,paco21,ph1,237.92808351830868,-0.9688273484234259,19
877,pafi1,hema1,41.43502733813013,-1.1818934786670656,19
877,pafi1,ph1,0.11538797317174425,-1.8680029701254883,19
878,paco21,hema1,57.88391452729924,-1.1165113834455351,19
878,paco21,ph1,292.54159624090147,-1.2546807311396537,19
878,pafi1,hema1,58.459011131475485,-1.2802407095416357,19
878,pafi1,ph1,20.044398405108044,-1.2664061875498975,19
879,paco21,hema1,44.001522185154144,-1.2368674147575454,19
879,paco21,ph1,432.9306288077097,-1.5215638219628984,19
879,pafi1,hema1,39.92741822236716,-1.6417986076934792,19
879,pafi1,ph1,3.3657660302179213,-1.4572627897644108,19
880,paco21,hema1,41.145846755527025,-1.219950336590145,19
880,paco21,ph1,308.37854993112916,-1.3689549593690222,19
880,pafi1,hema1,18.88379018719905,-1.3928461511081123,19
880,pafi1,ph1,3.787938525648632,-1.3163010513464446,19
881,paco21,hema1,42.138937600363604,-1.639558217015569,19
881,paco21,ph1,291.9924574171087,-1.6112845809511371,19
881,pafi1,hema1,20.881147919043357,-1.680916406954721,19
881,pafi1,ph1,0.41734299682365483,-1.7925693369801907,19
882,paco21,hema1,39.404057163395635,-1.0752856385968432,19
882,paco21,ph1,287.34004721804337,-1.362180532815484,19
882,pafi1,hema1,17.350827787143515,-1.3500618741443662,19
882,pafi1,ph1,7.357118915119121,-1.3295451197415031,19
883,paco21,hema1,70.93395747797128,-1.262602685328643,19
883,paco21,ph1,304.61020140609276,-1.4199976899670157,19
883,pafi1,hema1,31.61573211226704,-1.385037385838314,19
883,pafi1,ph1,0.32658405106723665,-1.4765586834910673,19
884,paco21,hema1,42.45656916678888,-0.6788372359134092,19
884,paco21,ph1,324.7056616276243,-1.0268675511774668,19
884,pafi1,hema1,53.69118482759765,-1.0222094030642006,19
884,pafi1,ph1,1.134966946062241,-0.9790672592330822,19
885,paco21,hema1,65.60417657893615,-1.5652795607640293,19
885,paco21,ph1,289.79767407965016,-1.7267033980274225,19
885,pafi1,hema1,29.54812168655742,-1.6742541263448691,19
885,pafi1,ph1,5.716468244488412,-1.7326814961646444,19
886,paco21,hema1,44.81568395774626,-0.9792508139311213,19
886,paco21,ph1,307.9164501660405,-1.291406258896193,19
886,pafi1,hema1,14.934359591501515,-1.3929625806040056,19
886,pafi1,ph1,3.0449148057484687,-1.1139448533078893,19
887,paco21,hema1,59.340930061395454,-0.6936245963390345,19
887,paco21,ph1,441.6860078130736,-0.8976945995837142,19
887,pafi1,hema1,15.629456883420463,-0.981142560687586,19
887,pafi1,ph1,1.3669142543643655,-0.5872823599334868,19
888,paco21,hema1,63.19984783249812,-0.8965873498381188,19
888,paco21,ph1,260.3177312107905,-1.1879962332843745,19
888,pafi1,hema1,21.31347935580466,-1.8014705204978145,19
888,pafi1,ph1,4.001423345983529,-0.34345184524669403,19
889,paco21,hema1,53.571478036346825,-0.9855852424610033,19
889,paco21,ph1,235.33508686751912,-1.0057409798218884,19
889,pafi1,hema1,19.87925937832288,-1.1755764032690146,19
889,pafi1,ph1,0.7838967855434367,-0.7207127015565428,19
890,paco21,hema1,46.3256670731802,-1.3676026212003822,19
890,paco21,ph1,371.6678682610591,-1.703803209831948,19
890,pafi1,hema1,31.250039459042384,-1.8929123588179166,19
890,pafi1,ph1,0.44497111730928285,-1.1623093790804586,19
891,paco21,hema1,68.86677026539874,-1.5095796897136666,19
891,paco21,ph1,268.2052599645584,-1.7494369959824811,19
891,pafi1,hema1,21.867271876824546,-1.9456481646373784,19
891,pafi1,ph1,3.8430895267867453,-1.5759711265436154,19
892,paco21,hema1,60.35180509957162,-1.248686367019478,19
892,paco21,ph1,374.9210648607271,-1.378286621212594,19
892,pafi1,hema1,29.027149266638595,-1.594257067949173,19
892,pafi1,ph1,0.403110340680976,-2.3198203011534324,19
893,paco21,hema1,59.64275829170443,-1.4592612465965802,19
893,paco21,ph1,390.4126798722259,-1.6366177391974948,19
893,pafi1,hema1,19.89097379804402,-1.8121310416875565,19
893,pafi1,ph1,4.165488969924494,-1.7318195953657378,19
894,paco21,hema1,45.33168569355368,-1.7321091529343107,19
894,paco21,ph1,403.78546663215053,-1.8172042931614647,19
894,pafi1,hema1,17.005400504922896,-2.259662724532894,19
894,pafi1,ph1,0.14991487228294031,-3.985492450981994,19
895,paco21,hema1,47.13739633244357,-1.1922272706740196,19
895,paco21,ph1,298.4777310652438,-1.3831429899942322,19
895,pafi1,hema1,19.495628637474308,-1.4581315568552802,19
895,pafi1,ph1,0.8968327493817657,-1.2920278380952945,19
896,paco21,hema1,47.74220807204002,-0.6347278636858819,19
896,paco21,ph1,420.49820278947726,-1.186731487101614,19
896,pafi1,hema1,20.01517320943973,-1.1908177230070536,19
896,pafi1,ph1,1.400461007295042,-1.1583148502758478,19
897,paco21,hema1,45.03482860725077,-1.3750878954017414,19
897,paco21,ph1,397.4413388129953,-1.5114411074355312,19
897,pafi1,hema1,16.538431135722877,-1.473270146817763,19
897,pafi1,ph1,0.8547429098623404,-1.5335971198679592,19
898,paco21,hema1,64.27853694079755,-1.4766026935019005,19
898,paco21,ph1,317.6081872885884,-1.6880192982640834,19
898,pafi1,hema1,27.349652110848353,-1.838893904666259,19
898,pafi1,ph1,4.7561791767206,-1.6607824886220204,19
899,paco21,hema1,43.09978513668394,-1.1229217250604995,19
899,paco21,ph1,465.47800390791434,-1.4162372152059886,19
899,pafi1,hema1,37.40241627853171,-1.5680521745700182,19
899,pafi1,ph1,3.160642102538794,-1.5587314949259674,19
900,paco21,hema1,60.78223559998752,-1.0983973842833847,19
900,paco21,ph1,280.90602017369986,-1.3528731271141956,19
900,pafi1,hema1,27.579149903537733,-1.42450941740351,19
900,pafi1,ph1,1.029053809308907,-1.2766269036258062,19
901,paco21,hema1,32.235393258342334,-1.0249450444790846,19
901,paco21,ph1,480.88474736593287,-1.1716032012581699,19
901,pafi1,hema1,17.211240138652183,-1.2849219528390923,19
901,pafi1,ph1,9.480373720490366,-1.193568810167188,19
902,paco21,hema1,57.286276953292436,-1.4112973635536843,19
902,paco21,ph1,250.8806187318151,-1.5888587519830992,19
902,pafi1,hema1,32.872161980942415,-1.5044297800544322,19
902,pafi1,ph1,2.7321290909008904,-1.6591485365778127,19
903,paco21,hema1,64.65476532781106,-1.3209481389686695,19
903,paco21,ph1,432.015041994016,-1.5511874004244612,19
903,pafi1,hema1,25.96033000959727,-1.6602695596639734,19
903,pafi1,ph1,1.2587348686827688,-1.201605689815109,19
904,paco21,hema1,51.96533910078864,-1.2911529174089007,19
904,paco21,ph1,247.3081141947837,-1.3787243145157362,19
904,pafi1,hema1,17.543673530962803,-1.6745525468111893,19
904,pafi1,ph1,0.8029607856617693,-1.1176292972212272,19
905,paco21,hema1,67.54507540048074,-1.2436441685725124,19
905,paco21,ph1,400.760677056772,-1.391404989254079,19
905,pafi1,hema1,40.125046583835925,-1.2309731284591408,19
905,pafi1,ph1,1.384918704789121,-1.6779638881698373,19
906,paco21,hema1,50.77323577810931,-0.8442248081436259,19
906,paco21,ph1,305.93690322251126,-1.3002066105022962,19
906,pafi1,hema1,36.73227785317474,-1.3049682324515672,19
906,pafi1,ph1,2.2567788134884257,-1.2941012981577673,19
907,paco21,hema1,45.99560145941157,-1.3655517143481841,19
907,paco21,ph1,319.24606968099687,-1.6782908584322007,19
907,pafi1,hema1,27.387753069954723,-1.7553074873510408,19
907,pafi1,ph1,12.732445402015498,-1.6974628266813958,19
908,paco21,hema1,24.857503684176788,-1.1653902291795426,19
908,paco21,ph1,323.82049776100524,-1.3489518796547022,19
908,pafi1,hema1,18.025020121245685,-1.4876746845743516,19
908,pafi1,ph1,6.86407962982597,-1.3864752600095798,19
909,paco21,hema1,40.389195671856115,-0.8617233641335493,18
909,paco21,ph1,461.9250521461679,-1.21695691157558,18
909,pafi1,hema1,21.560268876629873,-1.7728351051227298,18
909,pafi1,ph1,1.6168139371710704,-0.7187628198072056,18
910,paco21,hema1,43.56586451493973,-1.3069016749574764,19
910,paco21,ph1,284.4641944580891,-1.4291839503864903,19
910,pafi1,hema1,25.456641271823294,-1.4561916433519237,19
910,pafi1,ph1,4.426352400621857,-1.3859294537200162,19
911,paco21,hema1,55.01403618815896,-1.410263314127655,19
911,paco21,ph1,324.85852387401906,-1.578144268050845,19
911,pafi1,hema1,24.796303767963092,-1.6408256219737285,19
911,pafi1,ph1,1.6423108126752923,-1.3977187030262872,19
912,paco21,hema1,52.593289839362164,-0.9135813547924656,19
912,paco21,ph1,435.9024097629934,-0.9506586871958302,19
912,pafi1,hema1,19.175028787845395,-1.2173092191019714,19
912,pafi1,ph1,4.315389807746748,-0.7762696951859931,19
913,paco21,hema1,53.44427618743786,-1.0254616684482727,19
913,paco21,ph1,279.37986574953976,-1.3392715130257444,19
913,pafi1,hema1,34.49188389283344,-1.446935418839065,19
913,pafi1,ph1,0.24784170806706268,-1.7393136889076681,19
914,paco21,hema1,55.72959283704551,-1.460062677808336,18
914,paco21,ph1,391.1171435050463,-1.4992715544147082,18
914,pafi1,hema1,35.61246339068494,-1.8486200135083377,18
914,pafi1,ph1,1.1267512744503603,-0.8767317543452259,18
915,paco21,hema1,61.58577558035836,-0.7390773270162606,19
915,paco21,ph1,304.9778380506968,-0.9416076545594705,19
915,pafi1,hema1,7.418644166974255,-1.2276006237663082,19
915,pafi1,ph1,0.5898852690270664,-0.6780629206780319,19
916,paco21,hema1,67.1125171815638,-1.3729752549196828,19
916,paco21,ph1,321.070638460829,-1.4996729625489134,19
916,pafi1,hema1,28.644506388550585,-1.6938829202773495,19
916,pafi1,ph1,0.8660943632283709,-1.4365751129653352,19
917,paco21,hema1,59.54889228965573,-1.597915198352089,18
917,paco21,ph1,436.15042297378744,-1.6552638281859673,18
917,pafi1,hema1,34.707507747323525,-1.7282687156668008,18
917,pafi1,ph1,1.8620699148863986,-1.639938385977286,18
918,paco21,hema1,48.13092198489012,-1.0381992336697317,19
918,paco21,ph1,232.99715811339095,-1.0433596116286286,19
918,pafi1,hema1,17.440222524013574,-1.2376580633661427,19
918,pafi1,ph1,15.162859030308857,-0.9241006748079604,19
919,paco21,hema1,63.004399603362735,-1.5080167537656637,19
919,paco21,ph1,249.5578699702643,-1.6006394237892576,19
919,pafi1,hema1,23.114871148962102,-1.7712918353200346,19
919,pafi1,ph1,2.145427185354637,-1.4516103584048543,19
920,paco21,hema1,49.69354355483517,-1.0707315629048986,19
920,paco21,ph1,350.52635836530266,-1.2584600782204243,19
920,pafi1,hema1,41.00494500396489,-1.4980039554168696,19
920,pafi1,ph1,8.87684118261925,-0.8358114676206362,19
921,paco21,hema1,32.274122546961415,-0.9283978107596879,19
921,paco21,ph1,407.6426670535056,-1.1365503680626738,19
921,pafi1,hema1,14.514102114806546,-1.1509012172694972,19
921,pafi1,ph1,0.7685526304347529,-0.9838679722336652,19
922,paco21,hema1,59.531170284117756,-0.8297429484743132,19
922,paco21,ph1,278.46638468247386,-1.116644131824706,19
922,pafi1,hema1,29.458969859187164,-0.8835202437300543,19
922,pafi1,ph1,7.729968428166493,-1.2142484179730793,19
923,paco21,hema1,40.510815390067194,-1.2143199617554523,19
923,paco21,ph1,317.6035223780399,-1.260198601030607,19
923,pafi1,hema1,26.631732471834184,-1.5785551030047578,19
923,pafi1,ph1,1.9640181595447017,-1.2977465105597903,19
924,paco21,hema1,54.14199009977724,-1.6722838018297013,19
924,paco21,ph1,263.4661498008039,-1.7388827618771523,19
924,pafi1,hema1,6.9642433892203455,-2.016356616238382,19
924,pafi1,ph1,0.27942177594417456,-2.1606586066724343,19
925,paco21,hema1,41.56346847877209,-1.1670868117123945,19
925,paco21,ph1,290.09948197560885,-1.5099394539998647,19
925,pafi1,hema1,23.363731685934606,-1.6203523056283051,19
925,pafi1,ph1,4.4691873410778005,-1.4677820987115007,19
926,paco21,hema1,45.291270929256235,-1.6158654122113498,19
926,paco21,ph1,237.63595004111284,-1.5908512602002236,19
926,pafi1,hema1,26.590292328276437,-1.5842839496456584,19
926,pafi1,ph1,6.865137914881496,-1.5898768332286444,19
927,paco21,hema1,46.63428381150542,-1.4809968405638756,19
927,paco21,ph1,245.44649751335788,-1.6837801688287237,19
927,pafi1,hema1,14.39601122600871,-1.5294988960431675,19
927,pafi1,ph1,0.2043070879935703,-2.190040967201691,19
928,paco21,hema1,58.54283031461555,-0.9136797606765727,19
928,paco21,ph1,385.12031935778407,-1.128817409480287,19
928,pafi1,hema1,26.265390608536492,-1.2441030738682686,19
928,pafi1,ph1,0.007652492716949332,0.8926373981902616,19
929,paco21,hema1,44.63220333644672,-1.2555396357633586,19
929,paco21,ph1,347.75680262158244,-1.3497694623401448,19
929,pafi1,hema1,23.51914257873308,-1.3962394307482588,19
929,pafi1,ph1,1.4942510584525774,-1.2459659470791118,19
930,paco21,hema1,49.12550125477243,-0.9541109744228423,19
930,paco21,ph1,462.7299645686145,-1.1081048809893692,19
930,pafi1,hema1,42.587776124872406,-1.136297811837818,19
930,pafi1,ph1,0.14895174408704906,-0.48058699309824593,19
931,paco21,hema1,58.015378010789064,-1.2216454904722598,19
931,paco21,ph1,328.3692481703677,-1.2702376535850652,19
931,pafi1,hema1,25.072815136403083,-1.353456632926517,19
931,pafi1,ph1,4.47389530153498,-1.1502899023355464,19
932,paco21,hema1,47.006086962304074,-0.9289043580396208,19
932,paco21,ph1,318.6518214249942,-1.3032175932789638,19
932,pafi1,hema1,32.15073866680182,-1.2196108351587294,19
932,pafi1,ph1,0.7540567744389152,-1.4103513449503606,19
933,paco21,hema1,56.10966794414132,-0.899143598007107,18
933,paco21,ph1,257.606381790086,-1.1322417678863541,18
933,pafi1,hema1,15.01133118500111,-1.5027234025119485,18
933,pafi1,ph1,0.4606956826713057,-0.21885176200716458,18
934,paco21,hema1,40.59517922387662,-1.7455168221742816,19
934,paco21,ph1,358.13325624147643,-1.9441763423945684,19
934,pafi1,hema1,38.04770768852775,-2.0300309285361777,19
934,pafi1,ph1,1.664249076921042,-1.8740127658944885,19
935,paco21,hema1,54.58481835708466,-1.1132350757224225,19
935,paco21,ph1,438.2433264367649,-1.3054605818528995,19
935,pafi1,hema1,31.063578897675278,-1.3921437837261077,19
935,pafi1,ph1,4.099982796423477,-1.2421622563137817,19
936,paco21,hema1,70.3590792388189,-1.192693856081879,19
936,paco21,ph1,303.6815646272572,-1.3875719042980195,19
936,pafi1,hema1,40.30952323852688,-1.1286712284032203,19
936,pafi1,ph1,10.474077411518287,-1.3758061427609507,19
937,paco21,hema1,61.66581460433815,-1.325572992621935,19
937,paco21,ph1,329.4148918501431,-1.5148772059779878,19
937,pafi1,hema1,15.431076896158277,-1.8911757848798663,19
937,pafi1,ph1,3.129470552516874,-1.1885680775504224,19
938,paco21,hema1,28.987735317885775,-1.2812439119850327,19
938,paco21,ph1,311.56637250083827,-1.4390479426125797,19
938,pafi1,hema1,36.033159560679486,-1.5285615243574577,19
938,pafi1,ph1,4.323170877978536,-0.8654678219459746,19
939,paco21,hema1,55.77800858269387,-1.3993553109882089,19
939,paco21,ph1,248.65174267049142,-1.3787081495624325,19
939,pafi1,hema1,42.82096638684424,-1.390982168746959,19
939,pafi1,ph1,5.239077000241178,-1.362635537271878,19
940,paco21,hema1,54.84222498233218,-1.1500838515440166,18
940,paco21,ph1,405.27327805310836,-1.401329318679348,18
940,pafi1,hema1,16.528813319578834,-1.5175035610909122,18
940,pafi1,ph1,4.243424836172077,-1.342894944212348,18
941,paco21,hema1,68.16312771532078,-1.1653930396697207,19
941,paco21,ph1,425.94442326079775,-1.4616814237051998,19
941,pafi1,hema1,27.441131441075537,-1.5841269058798109,19
941,pafi1,ph1,0.07621910316364074,0.230262224731644,19
942,paco21,hema1,42.910238381879225,-1.2721607454437935,19
942,paco21,ph1,421.3450689828374,-1.2493307712083648,19
942,pafi1,hema1,14.108540221647775,-1.2782308609000637,19
942,pafi1,ph1,0.14129242489013083,-1.2875815658283583,19
943,paco21,hema1,81.51275863970288,-1.1904617517383833,19
943,paco21,ph1,458.060982560983,-1.3044941830103722,19
943,pafi1,hema1,4.565917509948811,-1.1483921652915612,19
943,pafi1,ph1,0.8891047696023338,-1.460513686624716,19
944,paco21,hema1,37.64287368182689,-1.1832169025851358,18
944,paco21,ph1,391.9830398387318,-1.6935783553443862,18
944,pafi1,hema1,16.67779171320121,-1.5104694105542418,18
944,pafi1,ph1,2.4528024329401985,-1.7761019269830034,18
945,paco21,hema1,57.371447615993524,-1.0697476520242866,19
945,paco21,ph1,282.01733580062677,-1.2802374593483883,19
945,pafi1,hema1,28.750229913030772,-1.2965087739317274,19
945,pafi1,ph1,2.4195544957010777,-1.2734520528575113,19
946,paco21,hema1,50.02136032690343,-0.958733024196347,19
946,paco21,ph1,371.0217283843146,-1.318065738596733,19
946,pafi1,hema1,16.8504842555395,-1.5093541389062008,19
946,pafi1,ph1,1.430519031304103,-1.2124426945797269,19
947,paco21,hema1,39.50871659937537,-0.900363441556253,19
947,paco21,ph1,441.9408543735244,-1.2276579347635328,19
947,pafi1,hema1,13.83497772837512,-1.2556481101152335,19
947,pafi1,ph1,1.2291666081715054,-1.0971775766022378,19
948,paco21,hema1,51.93013379999238,-0.40929715988754967,19
948,paco21,ph1,481.1922758841573,-0.5862413663963547,19
948,pafi1,hema1,31.88230494564158,-0.8342666689019684,19
948,pafi1,ph1,2.4378755615417886,-0.6197008044442381,19
949,paco21,hema1,75.90168958884819,-1.2702149270995247,19
949,paco21,ph1,302.9363217233068,-1.410303407093591,19
949,pafi1,hema1,5.267499124004645,-0.6366868873084308,19
949,pafi1,ph1,0.8304264646914985,-1.821074382297127,19
950,paco21,hema1,67.83003109882279,-1.0082500869672084,19
950,paco21,ph1,413.45871022860183,-1.100402169518613,19
950,pafi1,hema1,23.794268565979106,-1.2698562755283416,19
950,pafi1,ph1,2.0641911739392187,-0.9757306480496373,19
951,paco21,hema1,41.77581596790301,-0.9238177543478743,19
951,paco21,ph1,393.4947825793472,-1.2433846701451075,19
951,pafi1,hema1,16.26058653082011,-1.2472018161048015,19
951,pafi1,ph1,3.902761000283868,-1.2383302363837942,19
952,paco21,hema1,33.79281548839529,-1.0016897610790991,19
952,paco21,ph1,365.0855246925621,-1.3649165445166895,19
952,pafi1,hema1,15.141540759234951,-1.8135524313933824,19
952,pafi1,ph1,5.6086080292856195,-1.385040575209655,19
953,paco21,hema1,66.47938649413038,-1.0457567119349809,19
953,paco21,ph1,303.0359624825516,-1.3517763937459581,19
953,pafi1,hema1,17.230430596583417,-1.9238010416552758,19
953,pafi1,ph1,7.75293133811041,-0.6518206153664826,19
954,paco21,hema1,44.73027515963711,-1.1656615014905385,19
954,paco21,ph1,293.4337566337789,-1.530997356314147,19
954,pafi1,hema1,19.83141685321729,-1.6189683887327428,19
954,pafi1,ph1,1.09688608211222,-1.621682169682181,19
955,paco21,hema1,53.73083240968409,-1.4938228463112242,19
955,paco21,ph1,354.71031537885733,-1.64793178445072,19
955,pafi1,hema1,33.922950553024705,-1.9001998435805132,19
955,pafi1,ph1,11.45536625196552,-1.6978441999757858,19
956,paco21,hema1,48.61541620101794,-1.3389171665247817,19
956,paco21,ph1,426.40341280005487,-1.426229958475668,19
956,pafi1,hema1,14.552863861442544,-1.5212274624051372,19
956,pafi1,ph1,14.073282789997563,-1.4388025150137411,19
957,paco21,hema1,42.85852349165239,-1.0038976830052397,19
957,paco21,ph1,279.8624758622264,-1.097504131619558,19
957,pafi1,hema1,26.132521218170684,-1.0896487122845466,19
957,pafi1,ph1,11.685799743411618,-1.0715961902755706,19
958,paco21,hema1,47.401472236681215,-0.9442395587980587,19
958,paco21,ph1,302.57036698618896,-1.348140097938684,19
958,pafi1,hema1,30.664414861981555,-1.2875614968689317,19
958,pafi1,ph1,2.462576935195401,-1.3647899889711606,19
959,paco21,hema1,61.607499598194096,-0.9260669081817723,19
959,paco21,ph1,380.02002592483075,-1.1725573634250825,19
959,pafi1,hema1,35.82508996105139,-1.2360234282254097,19
959,pafi1,ph1,5.663860573036385,-0.8586181394524107,19
960,paco21,hema1,56.43425750733224,-0.9253675690696725,19
960,paco21,ph1,423.4239875814453,-1.1788315268730525,19
960,pafi1,hema1,51.977181901590285,-1.1787997142144513,19
960,pafi1,ph1,2.3120589801928904,-1.1660164461767857,19
961,paco21,hema1,49.04974136106931,-1.3744634006062242,19
961,paco21,ph1,393.6167135361533,-1.6040093103872841,19
961,pafi1,hema1,26.277996856739982,-1.6607252287851089,19
961,pafi1,ph1,0.4140112119442879,-1.349181093790829,19
962,paco21,hema1,52.49621446084554,-1.5431428080421452,18
962,paco21,ph1,329.21606173317235,-1.7306572684651453,18
962,pafi1,hema1,24.281820266878825,-1.8710898672529512,18
962,pafi1,ph1,2.2482545046458537,-1.8905492823934988,18
963,paco21,hema1,70.50852225847368,-1.6733110338970405,18
963,paco21,ph1,433.1620148263544,-2.0493943485521218,18
963,pafi1,hema1,20.774968195424496,-2.0604114253441725,18
963,pafi1,ph1,0.08807130792641696,-1.849176731299491,18
964,paco21,hema1,46.629587365274524,-1.4178569757941817,19
964,paco21,ph1,415.77022750063605,-1.5758308927010798,19
964,pafi1,hema1,20.429647594135012,-1.2504680229164697,19
964,pafi1,ph1,6.95761708948392,-1.5705211285108123,19
965,paco21,hema1,56.89192031622253,-1.4366760420175764,19
965,paco21,ph1,405.45319613193084,-1.6376276738225033,19
965,pafi1,hema1,19.607646552955824,-1.7817314248610812,19
965,pafi1,ph1,2.3149533661324475,-1.4856171433849885,19
966,paco21,hema1,56.78927574618027,-1.2350757943430553,19
966,paco21,ph1,239.05165953335813,-1.280630796982472,19
966,pafi1,hema1,44.56368036251636,-1.494648801909509,19
966,pafi1,ph1,3.425110377512893,-0.7424214858719785,19
967,paco21,hema1,51.819596874650394,-1.0959545305451808,18
967,paco21,ph1,362.1283167904208,-1.313787000066734,18
967,pafi1,hema1,19.766897881321032,-1.55378711641648,18
967,pafi1,ph1,0.2739722920757441,0.35832009734867687,18
968,paco21,hema1,36.62114777438709,-1.2162137415358774,18
968,paco21,ph1,425.90111409964453,-1.479327783355408,18
968,pafi1,hema1,26.57603428224535,-1.456097829619689,18
968,pafi1,ph1,2.9797753188202902,-1.443983649126226,18
969,paco21,hema1,72.14617511569884,-1.2953788852606243,19
969,paco21,ph1,339.2111722649798,-1.4641559891605267,19
969,pafi1,hema1,31.806754613986524,-1.5989035962277123,19
969,pafi1,ph1,8.177898257931313,-1.2815529322575399,19
970,paco21,hema1,69.76873499606972,-0.805362465432273,18
970,paco21,ph1,236.0023075256414,-1.0328420324203966,18
970,pafi1,hema1,27.513894855197382,-1.0326640515851988,18
970,pafi1,ph1,0.038102992898055826,-1.0333989603870732,18
971,paco21,hema1,55.430798778788116,-0.951832967404072,19
971,paco21,ph1,360.792031625738,-1.1035060038116078,19
971,pafi1,hema1,58.117531569884484,-1.2578512253903944,19
971,pafi1,ph1,0.8348587081864218,-1.2355145227877775,19
972,paco21,hema1,56.68779396571185,-1.2961921429859025,18
972,paco21,ph1,375.7510946794531,-1.436871831033559,18
972,pafi1,hema1,36.58307999664774,-1.5208174719557075,18
972,pafi1,ph1,0.446556385816503,-1.8485065575956232,18
973,paco21,hema1,58.58083705883398,-1.043546338151555,19
973,paco21,ph1,314.4186874553102,-1.1630417049539938,19
973,pafi1,hema1,33.73589493883877,-1.097596477551894,19
973,pafi1,ph1,2.9037961108275505,-1.2042083058765567,19
974,paco21,hema1,56.53786993107931,-1.2255116682437879,19
974,paco21,ph1,299.32017780479373,-1.3896630558810101,19
974,pafi1,hema1,30.77195997696398,-1.5457083780100864,19
974,pafi1,ph1,4.679459174089621,-1.2790780196532754,19
975,paco21,hema1,47.07774795650046,-1.092983578212021,19
975,paco21,ph1,398.4552046790623,-1.2646961262377658,19
975,pafi1,hema1,22.453005025946613,-1.224703478536917,19
975,pafi1,ph1,5.315181369578766,-1.264835016759874,19
976,paco21,hema1,63.54810263773221,-1.1414841717423359,19
976,paco21,ph1,445.57036498754275,-1.3883632467027796,19
976,pafi1,hema1,23.281387272668272,-1.3662074016009693,19
976,pafi1,ph1,0.025615799667703918,-1.4355260900045947,19
977,paco21,hema1,36.98690946318349,-0.9036805107980743,19
977,paco21,ph1,445.1665337783119,-1.3064179861031247,19
977,pafi1,hema1,27.11849968874094,-1.4957234502580448,19
977,pafi1,ph1,3.2699245190100608,-1.483284974761645,19
978,paco21,hema1,54.201419907914214,-1.2506800153137834,19
978,paco21,ph1,209.11694661554958,-1.1806645038832193,19
978,pafi1,hema1,8.13444686602679,-1.3114005300417568,19
978,pafi1,ph1,16.24883486195406,-1.1008466549174367,19
979,paco21,hema1,55.54483043343217,-1.7128462795166497,19
979,paco21,ph1,260.57585895024545,-1.8397333863533158,19
979,pafi1,hema1,28.830838375515732,-2.13156245968498,19
979,pafi1,ph1,3.0605289687935358,-1.8113878839757727,19
980,paco21,hema1,43.60408388873483,-1.2880341662022639,19
980,paco21,ph1,252.72387410424452,-1.5089576349163825,19
980,pafi1,hema1,24.311290865235783,-1.7476937603118834,19
980,pafi1,ph1,0.21411572433448908,-0.3916448358546879,19
981,paco21,hema1,60.23015776850934,-1.1537316709929084,19
981,paco21,ph1,274.77537624872974,-1.2601069393437188,19
981,pafi1,hema1,14.124683586242767,-1.5597117022064788,19
981,pafi1,ph1,0.3891881355566756,-1.4197581534655717,19
982,paco21,hema1,44.46070000555467,-1.285988134674105,19
982,paco21,ph1,242.129120006818,-1.4002304562114307,19
982,pafi1,hema1,37.14612972783807,-1.6599624557457466,19
982,pafi1,ph1,0.5226102025273706,-0.5995801716808113,19
983,paco21,hema1,65.31003055562749,-1.3378742572852758,19
983,paco21,ph1,219.57267707790427,-1.4522290411345613,19
983,pafi1,hema1,51.578050299074185,-1.5700349940709102,19
983,pafi1,ph1,3.767456641227027,-1.2358015237127875,19
984,paco21,hema1,26.418881175444852,-1.1426949507969244,19
984,paco21,ph1,425.83247363652515,-1.412549407315822,19
984,pafi1,hema1,22.924925932493032,-1.512200387238461,19
984,pafi1,ph1,4.17881686618611,-1.2049356104447064,19
985,paco21,hema1,40.267495905187445,-1.1139862347869973,19
985,paco21,ph1,367.69681045223575,-1.555970879727666,19
985,pafi1,hema1,22.91669411860837,-1.5691388039388356,19
985,pafi1,ph1,0.20116114656623071,-1.624414814320476,19
986,paco21,hema1,53.37432618745218,-0.996230287691594,19
986,paco21,ph1,252.00350895861573,-1.1799673860828086,19
986,pafi1,hema1,22.84123882706285,-1.1835144521133536,19
986,pafi1,ph1,6.737945985529584,-1.1814815676117651,19
987,paco21,hema1,61.00068402111793,-1.3300933197357248,19
987,paco21,ph1,290.54335770797377,-1.3741053437935125,19
987,pafi1,hema1,35.43424862383737,-1.4379414202752137,19
987,pafi1,ph1,0.015937069423523572,-0.01542232012205958,19
988,paco21,hema1,41.04863901864709,-0.8791620028412068,19
988,paco21,ph1,389.08091132066096,-1.1812561827153596,19
988,pafi1,hema1,33.768644006603736,-1.2423366959847446,19
988,pafi1,ph1,5.329930321796631,-1.0537080178727052,19
989,paco21,hema1,90.02806384839803,-1.0566212464096638,19
989,paco21,ph1,336.23237979543495,-1.3252554300749833,19
989,pafi1,hema1,17.823754128364254,-1.2037648372250105,19
989,pafi1,ph1,9.406466597195502,-1.352656861973378,19
990,paco21,hema1,51.28217399550848,-1.3683027327803872,19
990,paco21,ph1,388.44360926122636,-1.5842974711641378,19
990,pafi1,hema1,32.7469272849952,-2.0777771854479985,19
990,pafi1,ph1,9.837184161165935,-1.7192176731249171,19
991,paco21,hema1,69.77002176888156,-1.4659933938509864,18
991,paco21,ph1,321.04236225009777,-1.496866648824978,18
991,pafi1,hema1,54.59788757552131,-1.4656509393160542,18
991,pafi1,ph1,6.053391787023318,-1.5189538800296005,18
992,paco21,hema1,55.779715923380415,-0.668959194366683,19
992,paco21,ph1,257.63470655917416,-0.8015668286744502,19
992,pafi1,hema1,36.3010086600976,-1.0675413647752559,19
992,pafi1,ph1,3.973209815303211,-0.7142729061442443,19
993,paco21,hema1,48.3303457440856,-1.595811611134822,18
993,paco21,ph1,192.18830401318263,-1.778849488913309,18
993,pafi1,hema1,19.825081584366256,-2.073289399114804,18
993,pafi1,ph1,0.6295668205980383,-1.8198474571910797,18
994,paco21,hema1,70.36505884695327,-1.102366533490367,19
994,paco21,ph1,327.657011368697,-1.2787310210129912,19
994,pafi1,hema1,29.284482057589422,-1.2690510394323544,19
994,pafi1,ph1,7.977431066537715,-1.2706458828430138,19
995,paco21,hema1,45.24664528892373,-1.2508190706217956,19
995,paco21,ph1,267.6651452305415,-1.4778206034756003,19
995,pafi1,hema1,32.46968000918796,-1.5010234129166755,19
995,pafi1,ph1,0.0001992906737053808,-1.0448885806032269,19
996,paco21,hema1,37.4835144982836,-1.7203261030033712,19
996,paco21,ph1,265.5903135246526,-1.6095341143472097,19
996,pafi1,hema1,30.845571017246133,-1.8128829981880445,19
996,pafi1,ph1,0.7203227145965317,-1.1812667409737672,19
997,paco21,hema1,76.9316885719791,-1.5436945830782498,19
997,paco21,ph1,481.4356168969346,-1.6050611504806098,19
997,pafi1,hema1,37.293900719026816,-1.6852286794649847,19
997,pafi1,ph1,11.39955832769972,-1.5441783062780425,19
998,paco21,hema1,77.04117994806448,-0.9122859502233086,19
998,paco21,ph1,329.6410698403807,-1.2694505239252372,19
998,pafi1,hema1,36.922769344151654,-1.205619761421841,19
998,pafi1,ph1,4.156671116191402,-1.27841669206769,19
999,paco21,hema1,42.06680635993247,-0.864865091630439,19
999,paco21,ph1,293.0370725323337,-1.0996014955613147,19
999,pafi1,hema1,28.485883072064965,-1.140766476959369,19
999,pafi1,ph1,4.317631543661132,-1.074356547951074,19
1000,paco21,hema1,56.97842061679451,-1.3897800230795403,19
1000,paco21,ph1,237.740879747485,-1.3748407023062985,19
1000,pafi1,hema1,6.135872275551515,-1.9169195969651598,19
1000,pafi1,ph1,0.0017969617253328842,10.213381140597997,19
1001,paco21,hema1,44.2920676923217,-1.2166522423467532,18
1001,paco21,ph1,290.8333745274337,-1.3268191944693606,18
1001,pafi1,hema1,26.447976076723517,-1.4843026374429273,18
1001,pafi1,ph1,5.994439843870888,-1.4080500646718188,18
1002,paco21,hema1,26.83118683300668,-1.1765834603021494,19
1002,paco21,ph1,285.7651014333793,-1.430323035199853,19
1002,pafi1,hema1,55.13430544452717,-1.5969135116282696,19
1002,pafi1,ph1,7.9380483625575,-1.321388736529777,19
1003,paco21,hema1,59.0431745192761,-1.0856332058781761,19
1003,paco21,ph1,471.3642372791063,-1.4412561871006704,19
1003,pafi1,hema1,41.03347341281991,-1.3710823976210442,19
1003,pafi1,ph1,5.698445664230585,-1.4194323673616174,19
1004,paco21,hema1,33.90256087435414,-1.2535277636678708,19
1004,paco21,ph1,352.5904680322662,-1.5997089243984153,19
1004,pafi1,hema1,27.540046129548088,-1.4466641275210497,19
1004,pafi1,ph1,0.0009375700788579667,-13.78752640428833,19
1005,paco21,hema1,57.7973709779555,-0.932972231807414,19
1005,paco21,ph1,202.29809196379207,-1.2873071248551406,19
1005,pafi1,hema1,25.57104987792677,-0.9031451871325026,19
1005,pafi1,ph1,7.401443250048415,-1.4848242290910643,19
1006,paco21,hema1,60.62917197767738,-1.142296610963808,19
1006,paco21,ph1,393.5549212300388,-1.3936557712906144,19
1006,pafi1,hema1,23.936795463306854,-1.506543135934015,19
1006,pafi1,ph1,2.247717041624793,-0.5100737038247527,19
1007,paco21,hema1,34.6338308574592,-1.0301806593001561,19
1007,paco21,ph1,249.31372469900404,-1.368338044324191,19
1007,pafi1,hema1,47.56882748315522,-1.4180875664280264,19
1007,pafi1,ph1,2.9314742210635925,-1.2003093585407887,19
1008,paco21,hema1,61.35375777844867,-1.0452779818197115,19
1008,paco21,ph1,248.2381221034094,-1.0319687643836257,19
1008,pafi1,hema1,16.677367722727297,-1.1096994726813538,19
1008,pafi1,ph1,1.5537725520211239,-0.8309257900898059,19
1009,paco21,hema1,64.88991937705107,-1.0959639520272542,18
1009,paco21,ph1,308.56684059388596,-1.164183046484225,18
1009,pafi1,hema1,30.17384847922627,-1.3616303222461053,18
1009,pafi1,ph1,0.15515981017694142,-1.1005386459476323,18
1010,paco21,hema1,47.11959267417054,-1.145315694298984,19
1010,paco21,ph1,436.34758163988,-1.4792369795067128,19
1010,pafi1,hema1,51.30117279168741,-1.3054473252928533,19
1010,pafi1,ph1,0.2337963932151288,-2.102199699864262,19
1011,paco21,hema1,38.8568225685153,-1.00484471052552,19
1011,paco21,ph1,259.6335706126874,-1.0875297806892443,19
1011,pafi1,hema1,22.24290554373294,-1.146385795678186,19
1011,pafi1,ph1,4.892922294429083,-1.068009566737285,19
1012,paco21,hema1,70.08930414699694,-0.829917846336994,19
1012,paco21,ph1,432.7180661461032,-1.0001944225611656,19
1012,pafi1,hema1,32.33770212599907,-1.0840962927152944,19
1012,pafi1,ph1,2.0769232110523514,-0.8572664742648165,19
1013,paco21,hema1,25.24959261685848,-0.5934859987973715,19
1013,paco21,ph1,389.57811230986954,-0.8248209060810777,19
1013,pafi1,hema1,11.004035152208566,-1.1081888859684939,19
1013,pafi1,ph1,2.159806086377522,-0.4999979438458217,19
1014,paco21,hema1,44.4480076146203,-1.310651900202085,19
1014,paco21,ph1,377.18253266117887,-1.5885052609605899,19
1014,pafi1,hema1,17.209375005822597,-1.363879928152741,19
1014,pafi1,ph1,0.8907037822548566,-1.3848364098751633,19
1015,paco21,hema1,55.91932307946292,-1.2741408681008985,19
1015,paco21,ph1,248.87004075954883,-1.428768070808373,19
1015,pafi1,hema1,31.36169156440967,-1.5700815782665707,19
1015,pafi1,ph1,7.345109813672839,-1.4541322129462477,19
1016,paco21,hema1,47.033735990526424,-0.9566102601558105,19
1016,paco21,ph1,370.0016774863678,-1.0949568091725754,19
1016,pafi1,hema1,20.63304707360858,-1.1545021710969254,19
1016,pafi1,ph1,6.733555127285371,-1.0667229725983025,19
1017,paco21,hema1,59.214536210439746,-1.1772138069844975,19
1017,paco21,ph1,232.6303578602021,-1.3817053994499509,19
1017,pafi1,hema1,27.208856086405053,-1.3295534706088392,19
1017,pafi1,ph1,0.23032188770655593,-1.1572351684891242,19
1018,paco21,hema1,43.219630258794766,-1.347627316768735,18
1018,paco21,ph1,303.0726800761841,-1.5787082316678733,18
1018,pafi1,hema1,14.647530037313613,-1.6665470259257755,18
1018,pafi1,ph1,0.10878069156367377,-1.5806866529626935,18
1019,paco21,hema1,48.68181486757737,-1.325900942364508,19
1019,paco21,ph1,375.29299404290606,-1.6761603921105992,19
1019,pafi1,hema1,21.806773941775027,-1.7658301797612237,19
1019,pafi1,ph1,0.002007236691004592,-1.2556142925997473,19
1020,paco21,hema1,47.00994879368769,-1.1527668664398112,19
1020,paco21,ph1,402.5782285264296,-1.2677472772286464,19
1020,pafi1,hema1,34.12255786198759,-1.3043604962929234,19
1020,pafi1,ph1,1.5100315186423174,-1.0934695535122319,19
1021,paco21,hema1,46.26346619094155,-1.0721318709550445,19
1021,paco21,ph1,424.8594011505801,-1.1623145153608883,19
1021,pafi1,hema1,37.10882202035713,-1.1352222601191342,19
1021,pafi1,ph1,0.5404516369885304,-1.138474770667504,19
1022,paco21,hema1,49.66235082376747,-0.730041902821008,19
1022,paco21,ph1,292.22169776478654,-1.0430456348740111,19
1022,pafi1,hema1,13.13493746080521,-1.6407854436799372,19
1022,pafi1,ph1,2.071613068175549,-0.8332125346292506,19
1023,paco21,hema1,31.276535380880322,-1.1804004409334539,19
1023,paco21,ph1,288.25610914663713,-1.2792609750999426,19
1023,pafi1,hema1,15.101656452649078,-1.3704552871041822,19
1023,pafi1,ph1,0.6063775145815951,-0.9494928710546761,19
1024,paco21,hema1,36.83903050902809,-0.9303731716735232,19
1024,paco21,ph1,384.6065544023196,-1.0619944419936154,19
1024,pafi1,hema1,17.04073985609645,-1.2465329969322452,19
1024,pafi1,ph1,3.4166523718477952,-1.0443256731288253,19
1025,paco21,hema1,69.79817034435212,-1.3654559809789655,19
1025,paco21,ph1,305.8317599110054,-1.522628571642878,19
1025,pafi1,hema1,22.71690396343055,-1.6781315891159878,19
1025,pafi1,ph1,1.6039161206118404,-1.554709362223086,19
1026,paco21,hema1,52.20215361720561,-1.4596518510824323,19
1026,paco21,ph1,284.9697324270986,-1.7546695773913898,19
1026,pafi1,hema1,42.64945208521125,-1.726435533585772,19
1026,pafi1,ph1,4.138264744195778,-1.7530982218418893,19
1027,paco21,hema1,46.83151898160136,-1.4550694136467164,19
1027,paco21,ph1,394.11610185495135,-1.828345884457661,19
1027,pafi1,hema1,17.111518848577138,-1.9521792429849498,19
1027,pafi1,ph1,0.40211180117906564,-1.6898395143987852,19
1028,paco21,hema1,34.49571830344722,-1.1829419810132604,19
1028,paco21,ph1,429.4647941011134,-1.6056591763523465,19
1028,pafi1,hema1,12.163798165205062,-1.2352314122903565,19
1028,pafi1,ph1,5.812071618620931,-1.616629403912067,19
1029,paco21,hema1,71.00907967090568,-1.36767003338589,19
1029,paco21,ph1,430.6072283904452,-1.365253423159491,19
1029,pafi1,hema1,44.416845408593204,-1.6266163159816551,19
1029,pafi1,ph1,2.198005995744585,-1.0512331534077481,19
1030,paco21,hema1,42.88571299055909,-0.3512885711045435,19
1030,paco21,ph1,235.89337190491182,-0.8896824153105573,19
1030,pafi1,hema1,23.66127200957387,-0.751177338487523,19
1030,pafi1,ph1,6.2441776301852645,-0.9220446224014578,19
1031,paco21,hema1,43.616495013225155,-1.1936996897218652,19
1031,paco21,ph1,246.8229456294953,-1.2240290221904366,19
1031,pafi1,hema1,14.117786410577654,-1.4757988120284857,19
1031,pafi1,ph1,4.105678492840947,-1.179906884906961,19
1032,paco21,hema1,54.92181835600172,-1.2381762363851676,19
1032,paco21,ph1,316.6237774684378,-1.5015337057147131,19
1032,pafi1,hema1,17.437336966565965,-2.1138698376458716,19
1032,pafi1,ph1,0.028351400116497835,1.6508751679595848,19
1033,paco21,hema1,48.71113764970019,-0.4759386445502793,19
1033,paco21,ph1,301.86364294428955,-1.035849972343888,19
1033,pafi1,hema1,24.97632226818792,-1.2555617161729717,19
1033,pafi1,ph1,0.8982699106461656,-0.5757133190918738,19
1034,paco21,hema1,50.75625800097336,-1.3373502963485715,19
1034,paco21,ph1,287.1445382825329,-1.666921953585398,19
1034,pafi1,hema1,22.6795156745746,-1.6523298199838172,19
1034,pafi1,ph1,2.9385457438023512,-1.666246586783322,19
1035,paco21,hema1,49.04804470061683,-1.5122886869448169,19
1035,paco21,ph1,318.01292620324494,-1.6314814852484534,19
1035,pafi1,hema1,17.965804350318905,-1.9423742779637667,19
1035,pafi1,ph1,8.592285631121754,-1.65973383320239,19
1036,paco21,hema1,37.045140443804996,-0.9035535269027749,19
1036,paco21,ph1,397.8718121880604,-1.064810904637592,19
1036,pafi1,hema1,32.357496698446006,-1.091259323213764,19
1036,pafi1,ph1,10.016157123588552,-0.8172197364794243,19
1037,paco21,hema1,29.0740796114236,-1.4126018105988527,19
1037,paco21,ph1,412.5034885971601,-1.5658074340614219,19
1037,pafi1,hema1,44.192663800452216,-1.779009767634588,19
1037,pafi1,ph1,7.650245638997866,-1.4906865435738097,19
1038,paco21,hema1,46.63836464574637,-1.331860585845529,18
1038,paco21,ph1,251.20444438414413,-1.334699536583301,18
1038,pafi1,hema1,39.395780466157106,-1.567136370164371,18
1038,pafi1,ph1,0.07301558573999793,-0.21603897458252785,18
1039,paco21,hema1,45.21252090938693,-1.0563733075255848,19
1039,paco21,ph1,323.47485589237846,-1.1975654415318622,19
1039,pafi1,hema1,18.159632543757866,-1.2382993022397553,19
1039,pafi1,ph1,2.124123400656988,-1.1295799067714527,19
1040,paco21,hema1,59.50636876347345,-1.5560236287821965,19
1040,paco21,ph1,265.24505971390505,-1.7484320239434459,19
1040,pafi1,hema1,23.757534117688145,-2.0128507509787292,19
1040,pafi1,ph1,3.490247048740917,-1.5699387361982902,19
1041,paco21,hema1,60.1002023553875,-1.472555094599052,18
1041,paco21,ph1,436.4967639181891,-1.6259608410825361,18
1041,pafi1,hema1,36.66311794241885,-1.594812407490122,18
1041,pafi1,ph1,2.9037990060993835,-1.6308687405191633,18
1042,paco21,hema1,61.9073049938695,-1.639370195869171,19
1042,paco21,ph1,455.09284699646395,-1.8373116852561342,19
1042,pafi1,hema1,18.678605097431618,-1.8535516139159203,19
1042,pafi1,ph1,15.298285658244,-1.859184098713596,19
1043,paco21,hema1,72.42486405953554,-1.3846366136778272,19
1043,paco21,ph1,250.29848506503967,-1.4852721240590905,19
1043,pafi1,hema1,13.251945971352827,-1.5299881225197707,19
1043,pafi1,ph1,1.6506369268531709,-1.2113049420011108,19
1044,paco21,hema1,78.29684230267002,-1.263630763405838,19
1044,paco21,ph1,226.75252189720732,-1.3400652440183403,19
1044,pafi1,hema1,48.225443319854705,-1.4589352013178942,19
1044,pafi1,ph1,0.21745106103215744,-1.9084291615341362,19
1045,paco21,hema1,49.48415320296833,-0.5379607935940102,19
1045,paco21,ph1,269.47723802493374,-0.6927580489036462,19
1045,pafi1,hema1,28.868317937791108,-0.7323915697308093,19
1045,pafi1,ph1,1.3508735050504384,-0.6588198769738018,19
1046,paco21,hema1,43.45399411232382,-1.0477299258277943,19
1046,paco21,ph1,289.19192858204406,-1.346492073868702,19
1046,pafi1,hema1,13.506377841353777,-1.5853289149145102,19
1046,pafi1,ph1,0.16666052543065055,-1.5614753818096452,19
1047,paco21,hema1,49.11960838529886,-1.3565447404975144,19
1047,paco21,ph1,229.7560543177249,-1.5227501763535278,19
1047,pafi1,hema1,12.026406351008303,-1.5876892284762512,19
1047,pafi1,ph1,0.06972571293845817,-0.7447241925054922,19
1048,paco21,hema1,48.53334818760478,-0.9384650763542437,19
1048,paco21,ph1,270.2409632669545,-1.1188943206852742,19
1048,pafi1,hema1,17.79689660374323,-1.2129703440808868,19
1048,pafi1,ph1,0.1893263611824095,-0.6305547191986887,19
1049,paco21,hema1,80.49154696526108,-0.8003563701065537,19
1049,paco21,ph1,435.6295559662627,-0.9831558564394328,19
1049,pafi1,hema1,24.219729788121988,-1.1292073137167251,19
1049,pafi1,ph1,1.3802012233161982,-0.9878435565540554,19
1050,paco21,hema1,58.5187940590432,-1.0108117634276217,18
1050,paco21,ph1,362.3117083768103,-1.4112200619337476,18
1050,pafi1,hema1,40.11065720542992,-1.3513494046658043,18
1050,pafi1,ph1,1.5650770828054807,-1.344604696298578,18
1051,paco21,hema1,48.553279921524556,-1.262052972684826,19
1051,paco21,ph1,311.3379102124007,-1.398764995765044,19
1051,pafi1,hema1,21.49884204623112,-1.598959302625635,19
1051,pafi1,ph1,4.152626373363917,-1.2188547151306823,19
1052,paco21,hema1,57.042100568301336,-0.8510968716529949,19
1052,paco21,ph1,304.20236875147066,-1.0443479078434927,19
1052,pafi1,hema1,22.849085159648514,-0.8799129353855915,19
1052,pafi1,ph1,8.339492271029075,-1.11477415789624,19
1053,paco21,hema1,50.078710670922234,-1.1000474071388961,18
1053,paco21,ph1,415.4319126156333,-1.2214488098735197,18
1053,pafi1,hema1,30.971586578758117,-1.4595178658356414,18
1053,pafi1,ph1,5.852910079303742,-1.1105280121226337,18
1054,paco21,hema1,71.36573842918055,-1.3589928359380428,19
1054,paco21,ph1,307.7486986204984,-1.5536831956276873,19
1054,pafi1,hema1,37.99693154341512,-1.6548584990794857,19
1054,pafi1,ph1,3.0691082750664633,-1.2446566870248492,19
1055,paco21,hema1,34.905905531865194,-1.0450722888349258,19
1055,paco21,ph1,309.91909744295225,-1.0083353532655794,19
1055,pafi1,hema1,13.600118484269354,-1.9587077401281405,19
1055,pafi1,ph1,0.8218115346664389,-1.1029781790353512,19
1056,paco21,hema1,68.50799695104715,-1.5112010597374406,19
1056,paco21,ph1,304.52141778720943,-1.67995368139173,19
1056,pafi1,hema1,32.66067506312293,-2.0228843861753183,19
1056,pafi1,ph1,8.819550405434246,-1.562349779389589,19
1057,paco21,hema1,40.48246302025997,-1.1399791422103183,19
1057,paco21,ph1,317.3337133849435,-1.224372112443709,19
1057,pafi1,hema1,28.905813539177995,-1.2632968341601347,19
1057,pafi1,ph1,7.9358211007344766,-1.1985302824469382,19
1058,paco21,hema1,51.38035949798564,-0.8719635492515855,19
1058,paco21,ph1,334.254255305638,-1.1633107657999542,19
1058,pafi1,hema1,48.22508165748963,-1.1097286564913276,19
1058,pafi1,ph1,3.4055608503403034,-1.1603482448570757,19
1059,paco21,hema1,59.39084712964277,-1.0147752110407071,19
1059,paco21,ph1,336.3975565083187,-1.2831917088071145,19
1059,pafi1,hema1,22.624599493962954,-1.2429551353500086,19
1059,pafi1,ph1,4.289053096395616,-1.2807739445994082,19
1060,paco21,hema1,47.91637080356642,-1.0562889728659974,19
1060,paco21,ph1,245.8451964260939,-1.0729907386354067,19
1060,pafi1,hema1,31.039068225242996,-1.1333940209380997,19
1060,pafi1,ph1,1.4023531727084086,-1.0168879416736871,19
1061,paco21,hema1,53.241934421883506,-0.8543540345438826,19
1061,paco21,ph1,400.97582871558683,-0.9684259237341184,19
1061,pafi1,hema1,15.891931290480674,-0.9381203269148609,19
1061,pafi1,ph1,11.567800099961687,-0.9676434584288919,19
1062,paco21,hema1,50.17726131214075,-0.6281111532320812,19
1062,paco21,ph1,252.60304036195512,-1.0694676827598353,19
1062,pafi1,hema1,27.51100836813375,-1.29881890722331,19
1062,pafi1,ph1,3.489309714192564,-0.9683272090640646,19
1063,paco21,hema1,31.763917138544954,-1.308248704243283,19
1063,paco21,ph1,497.1780256953167,-1.5772560367124506,19
1063,pafi1,hema1,22.783193427634984,-1.46872212177605,19
1063,pafi1,ph1,7.755154463663486,-1.5918866065577364,19
1064,paco21,hema1,59.37383216644987,-1.3828822263302991,19
1064,paco21,ph1,293.40986117139784,-1.4984719843257042,19
1064,pafi1,hema1,9.571055149759644,-1.4939787961735262,19
1064,pafi1,ph1,7.612444310274176,-1.4705421004267096,19
1065,paco21,hema1,24.241434564575723,-1.0715563705017657,19
1065,paco21,ph1,312.02599992991384,-1.2426954596632818,19
1065,pafi1,hema1,16.81581342482811,-1.6991146081318433,19
1065,pafi1,ph1,10.952685679248695,-0.9318216615271866,19
1066,paco21,hema1,62.0712096145572,-1.022355715759239,19
1066,paco21,ph1,315.89479678647825,-1.0763710142440346,19
1066,pafi1,hema1,28.828379890235606,-1.1999544108634785,19
1066,pafi1,ph1,0.0008791017469034495,-9.693126027055124,19
1067,paco21,hema1,60.71767675484905,-1.602419045814234,19
1067,paco21,ph1,286.25180299914996,-1.6523032180141695,19
1067,pafi1,hema1,12.655694247560245,-1.734251609459458,19
1067,pafi1,ph1,0.17969143585477781,-1.2152846269540487,19
1068,paco21,hema1,69.86341167949226,-1.0967459009043732,18
1068,paco21,ph1,192.76132666885678,-1.1557295078916607,18
1068,pafi1,hema1,61.8001341605146,-1.241937350783782,18
1068,pafi1,ph1,0.8987541711515235,-0.7825926098597498,18
1069,paco21,hema1,58.94198180175754,-1.2896879961741092,18
1069,paco21,ph1,314.32880306586077,-1.4171493353775717,18
1069,pafi1,hema1,15.269128098194322,-1.2514363589379802,18
1069,pafi1,ph1,3.5307993310363472,-1.461407476049188,18
1070,paco21,hema1,61.99368251576355,-1.2541053221168326,19
1070,paco21,ph1,335.2152230823084,-1.4192210662911275,19
1070,pafi1,hema1,21.751254005789757,-1.3409604112147866,19
1070,pafi1,ph1,0.2113087665283041,-1.813390916175177,19
1071,paco21,hema1,61.20291856391717,-0.7420361933317748,18
1071,paco21,ph1,435.2072847132526,-1.0542774086641111,18
1071,pafi1,hema1,32.36510971898647,-1.0468690811679389,18
1071,pafi1,ph1,1.8528968790579314,-1.0302095206702044,18
1072,paco21,hema1,54.99661554651877,-1.4422839870653545,19
1072,paco21,ph1,432.592561208421,-1.4532734937326564,19
1072,pafi1,hema1,39.00848784884627,-1.668078179377677,19
1072,pafi1,ph1,5.964976905303098,-1.3573962573257696,19
1073,paco21,hema1,26.61692907924151,-0.9440680890327409,19
1073,paco21,ph1,393.6648713349342,-1.163021711035215,19
1073,pafi1,hema1,13.742533213317198,-1.1130794137516395,19
1073,pafi1,ph1,1.4666103464830902,-1.1696540211454287,19
1074,paco21,hema1,47.49693595414808,-1.2102527298587566,19
1074,paco21,ph1,263.4021642716912,-1.2462035837036107,19
1074,pafi1,hema1,11.200743523086544,-1.0404766823938918,19
1074,pafi1,ph1,0.6859711322904439,-1.4811470207168753,19
1075,paco21,hema1,53.02035395019507,-1.2086466691939517,19
1075,paco21,ph1,272.78310952807857,-1.45829922136336,19
1075,pafi1,hema1,28.83187059300822,-1.579177008452543,19
1075,pafi1,ph1,6.833327195155977,-1.4095562950352416,19
1076,paco21,hema1,66.45056318684782,-1.3895834190672425,19
1076,paco21,ph1,380.12396010990443,-1.7277884887100137,19
1076,pafi1,hema1,16.550358514880013,-1.405962854376014,19
1076,pafi1,ph1,3.9889095470373963,-1.909246997913194,19
1077,paco21,hema1,49.36169096698486,-1.3026160708269008,19
1077,paco21,ph1,286.91082994028505,-1.5474979312490214,19
1077,pafi1,hema1,25.45059427875754,-1.5775329432173069,19
1077,pafi1,ph1,1.3844725790998844,-1.4791232747029317,19
1078,paco21,hema1,63.31217868277258,-0.8982888960938725,19
1078,paco21,ph1,261.25576672346466,-1.1174488300063736,19
1078,pafi1,hema1,66.36409152175973,-1.1694547166728657,19
1078,pafi1,ph1,12.17789256637216,-0.8689118003043927,19
1079,paco21,hema1,52.90506746346908,-1.850665297482722,19
1079,paco21,ph1,317.14411702357745,-2.007487615139607,19
1079,pafi1,hema1,26.376292685914997,-2.201417371973961,19
1079,pafi1,ph1,6.415343063128293,-1.707069281393568,19
1080,paco21,hema1,31.199037965011016,-1.1312259242649056,18
1080,paco21,ph1,334.6955565319263,-1.248151605676797,18
1080,pafi1,hema1,22.79862216025361,-1.5909169264624239,18
1080,pafi1,ph1,6.314103883231474,-1.0893121140744582,18
1081,paco21,hema1,46.935558600203954,-0.9190595053947812,19
1081,paco21,ph1,246.2953208752194,-1.0980678934658752,19
1081,pafi1,hema1,51.832570120980904,-1.04721779436703,19
1081,pafi1,ph1,0.3442294516907986,-1.2582438607460615,19
1082,paco21,hema1,66.02121358717217,-1.024324264097179,19
1082,paco21,ph1,413.4073401548512,-1.1110550375919435,19
1082,pafi1,hema1,32.050321090939995,-1.1460509315598042,19
1082,pafi1,ph1,0.002273957453112953,0.7357836980043332,19
1083,paco21,hema1,63.343176032176814,-1.2999348840009628,19
1083,paco21,ph1,457.5640432583403,-1.5167136350584407,19
1083,pafi1,hema1,31.755041344083416,-1.4802686468945043,19
1083,pafi1,ph1,2.2747312456783866,-1.5067016834758502,19
1084,paco21,hema1,41.30612813032155,-1.1231916991823712,19
1084,paco21,ph1,417.60364175926185,-1.3490225782219967,19
1084,pafi1,hema1,31.798910630360755,-1.3488978783962486,19
1084,pafi1,ph1,1.5206611060535944,-1.3319832371927518,19
1085,paco21,hema1,36.558289759802285,-0.99950206945526,19
1085,paco21,ph1,289.5647060215288,-1.3738205674782336,19
1085,pafi1,hema1,30.56160676552353,-1.6640626670359733,19
1085,pafi1,ph1,6.3393130047822615,-1.4241956987226057,19
1086,paco21,hema1,57.74329929255831,-1.1701400306472722,19
1086,paco21,ph1,311.69296477134725,-1.370184607190188,19
1086,pafi1,hema1,28.60635988589669,-1.390798072531643,19
1086,pafi1,ph1,6.204021966297765,-1.382605133183801,19
1087,paco21,hema1,59.36966011635827,-1.1883546276917194,19
1087,paco21,ph1,304.2783121501743,-1.2822429829822257,19
1087,pafi1,hema1,16.616365039822306,-1.3145729336208487,19
1087,pafi1,ph1,0.0047226720620603575,-1.0562816699311748,19
1088,paco21,hema1,44.732438235648424,-1.4033027836985643,19
1088,paco21,ph1,301.91896654933623,-1.5515481546318273,19
1088,pafi1,hema1,14.023170212570896,-1.834770931941331,19
1088,pafi1,ph1,4.5502179817403245,-1.1553972058396387,19
1089,paco21,hema1,53.19866774845532,-0.9973453576337856,19
1089,paco21,ph1,390.7523262752013,-1.2362521836487266,19
1089,pafi1,hema1,12.716646607230642,-1.1259032861263822,19
1089,pafi1,ph1,0.06411456852741855,-1.4245701643427093,19
1090,paco21,hema1,44.65444310002144,-0.7503464851938442,19
1090,paco21,ph1,394.385477691017,-0.9027057694593075,19
1090,pafi1,hema1,14.83115282716579,-1.195558214130736,19
1090,pafi1,ph1,0.2755647646624861,0.3059720222662856,19
1091,paco21,hema1,55.26545887889649,-0.958171176194801,19
1091,paco21,ph1,304.5364452867864,-1.1202361017367002,19
1091,pafi1,hema1,26.883219019234147,-1.1641648433246958,19
1091,pafi1,ph1,0.6909770026575206,-0.9513665568905079,19
1092,paco21,hema1,36.826036602653446,-1.0940943978517563,19
1092,paco21,ph1,287.74308470812224,-1.3614215695060135,19
1092,pafi1,hema1,18.171605103307954,-1.6349820786632172,19
1092,pafi1,ph1,8.564164230574516,-1.5557988158325324,19
1093,paco21,hema1,35.489838221250636,-1.4316997522130483,19
1093,paco21,ph1,217.40100442586606,-1.340818518668796,19
1093,pafi1,hema1,10.59864754926453,-1.4594123258416414,19
1093,pafi1,ph1,9.255068829336462e-06,75.67949475631286,19
1094,paco21,hema1,39.80248062136497,-0.6789331752125194,19
1094,paco21,ph1,315.0916707404301,-0.946678870711302,19
1094,pafi1,hema1,31.83020925260991,-0.9375758136479992,19
1094,pafi1,ph1,1.2894577028922367,-0.9408826567173794,19
1095,paco21,hema1,37.134826025227284,-0.9875033447311323,18
1095,paco21,ph1,240.43340894630492,-1.3258979774041548,18
1095,pafi1,hema1,11.264848283203538,-1.151680340857619,18
1095,pafi1,ph1,2.2305988148151723,-1.3194463304932027,18
1096,paco21,hema1,54.92825537584847,-1.332391989128483,19
1096,paco21,ph1,252.8748503701729,-1.5248947962016586,19
1096,pafi1,hema1,19.87147937783422,-1.5692033184088274,19
1096,pafi1,ph1,4.273796458461625,-1.5649860118706065,19
1097,paco21,hema1,44.57284743589041,-0.4728009107016921,19
1097,paco21,ph1,391.7480249154384,-0.9801198706427173,19
1097,pafi1,hema1,25.516413141936066,-0.9755529772589481,19
1097,pafi1,ph1,0.05224129777295467,-1.2405328229122794,19
1098,paco21,hema1,60.74933950614397,-1.1437879730989673,19
1098,paco21,ph1,378.74735328568386,-1.238157812512527,19
1098,pafi1,hema1,20.151909075073974,-1.3516087667781578,19
1098,pafi1,ph1,1.0838133292800296,-0.7497791189709765,19
1099,paco21,hema1,45.63776194458003,-1.330219341491341,18
1099,paco21,ph1,405.66456205770504,-1.4151346130780451,18
1099,pafi1,hema1,30.540563733480905,-1.463438096608373,18
1099,pafi1,ph1,4.468161973346314,-1.284592679570987,18
1100,paco21,hema1,53.97980874542908,-1.2720590608714517,19
1100,paco21,ph1,249.39580459527625,-1.3001525308152753,19
1100,pafi1,hema1,31.228565299338754,-1.4875812600161606,19
1100,pafi1,ph1,1.7225925594101499,-1.2055967802651204,19
1101,paco21,hema1,53.00871560033963,-1.3364538340034924,18
1101,paco21,ph1,262.9131524919455,-1.2152742813822133,18
1101,pafi1,hema1,16.292168287392176,-1.1763815916470761,18
1101,pafi1,ph1,1.3614898806249847,-1.2594474735718888,18
1102,paco21,hema1,63.34409082551736,-1.383446307579761,19
1102,paco21,ph1,367.67768915812485,-1.4629076939328263,19
1102,pafi1,hema1,19.9616220376959,-1.5501884092184532,19
1102,pafi1,ph1,2.483477240832277,-1.3073525978196836,19
1103,paco21,hema1,57.99170198930965,-1.2324936225352576,19
1103,paco21,ph1,295.7261128179065,-1.3689451902032375,19
1103,pafi1,hema1,27.95332240292157,-1.2765892252793956,19
1103,pafi1,ph1,5.648803610093804,-1.3581988238746097,19
1104,paco21,hema1,62.04196529123405,-1.5434459872833761,19
1104,paco21,ph1,292.6770897326159,-1.498905909020094,19
1104,pafi1,hema1,39.90894636321738,-1.525105315347632,19
1104,pafi1,ph1,1.1180958867757218,-1.4280647936174968,19
1105,paco21,hema1,38.466946642214204,-0.7869156084766732,19
1105,paco21,ph1,394.47254778335275,-1.00847033730452,19
1105,pafi1,hema1,6.63938523562735,-0.6653573538445999,19
1105,pafi1,ph1,8.949795825904735,-1.043876120605553,19
1106,paco21,hema1,44.813594181220324,-1.2889174625452302,19
1106,paco21,ph1,346.5851232409433,-1.7012321579635705,19
1106,pafi1,hema1,37.54523606438406,-1.5287175699136024,19
1106,pafi1,ph1,3.7374798125209483,-1.7891572617497096,19
1107,paco21,hema1,65.05306318395688,-1.1677879626787395,19
1107,paco21,ph1,332.9505407870171,-1.2788924005745508,19
1107,pafi1,hema1,28.03101076066089,-1.3639004428441217,19
1107,pafi1,ph1,2.1009165517793984,-0.8086769615208307,19
1108,paco21,hema1,62.666386260115154,-0.9166590892963983,19
1108,paco21,ph1,392.82560867282075,-1.0970323219675047,19
1108,pafi1,hema1,18.702213640633566,-1.273044164346515,19
1108,pafi1,ph1,7.264369750985242,-1.0057374271640698,19
1109,paco21,hema1,55.573464815888926,-1.6186483747862461,19
1109,paco21,ph1,312.9070988235164,-1.9621315410957987,19
1109,pafi1,hema1,20.791313958764952,-2.293779344956557,19
1109,pafi1,ph1,3.265617284737562,-1.8450018989601182,19
1110,paco21,hema1,66.53651451216615,-1.0057239688460726,19
1110,paco21,ph1,396.6242579604751,-1.1641527800022462,19
1110,pafi1,hema1,18.229336606010836,-1.4882505477519277,19
1110,pafi1,ph1,3.9160007467219473,-1.289678621238239,19
1111,paco21,hema1,39.49731860055649,-1.3255817664312306,19
1111,paco21,ph1,382.4293439256501,-1.5071627031587553,19
1111,pafi1,hema1,38.85587658732325,-1.6326769551705906,19
1111,pafi1,ph1,2.086541093217191,-1.2564955847707402,19
1112,paco21,hema1,42.078283513351586,-0.8148659034325824,18
1112,paco21,ph1,244.04076115606875,-1.1171629587188319,18
1112,pafi1,hema1,30.48426270952392,-1.4150960060504492,18
1112,pafi1,ph1,0.7400436380844562,-1.0354766575112024,18
1113,paco21,hema1,56.6988051061666,-0.8458350373915655,19
1113,paco21,ph1,350.74967585014093,-1.0563702299613178,19
1113,pafi1,hema1,41.57047591441074,-1.2567623166508235,19
1113,pafi1,ph1,1.7587732048723144,-0.47475889913179775,19
1114,paco21,hema1,46.3739775906299,-0.6600791329983383,19
1114,paco21,ph1,316.27418449959686,-0.9026544838969423,19
1114,pafi1,hema1,14.569336186246492,-1.022590096886949,19
1114,pafi1,ph1,0.007044145223824614,1.0349396314643462,19
1115,paco21,hema1,55.292106771190504,-1.1098573173524722,19
1115,paco21,ph1,303.1032702235723,-1.301225794057498,19
1115,pafi1,hema1,27.32716451926618,-1.464706491238426,19
1115,pafi1,ph1,0.5298038579510981,-1.8142696595817007,19
1116,paco21,hema1,65.8781123682524,-1.2276717939875854,19
1116,paco21,ph1,238.92003149886264,-1.380922540855397,19
1116,pafi1,hema1,35.90409408964556,-1.554305748264748,19
1116,pafi1,ph1,4.827403582591617,-1.0149986377389941,19
1117,paco21,hema1,45.749013964540936,-1.4659722840729397,19
1117,paco21,ph1,303.022247762421,-1.503321555911802,19
1117,pafi1,hema1,18.237903471905696,-1.6781075772134024,19
1117,pafi1,ph1,0.12319910065404958,-1.5017883747382965,19
1118,paco21,hema1,32.393287799844245,-1.281219474399905,19
1118,paco21,ph1,397.0084606449908,-1.4481803268936593,19
1118,pafi1,hema1,17.486036115946273,-1.79240816116183,19
1118,pafi1,ph1,0.6950620271177653,-0.5419962513687915,19
1119,paco21,hema1,44.10854925176755,-0.9649182334076531,19
1119,paco21,ph1,293.8528208524233,-1.1253204746511645,19
1119,pafi1,hema1,35.067110662728304,-1.228293486817324,19
1119,pafi1,ph1,0.6414236434740852,-1.258896241576896,19
1120,paco21,hema1,55.418622601669185,-0.9741261929932632,19
1120,paco21,ph1,379.52895886338615,-1.2574008795084273,19
1120,pafi1,hema1,32.32216172484725,-1.3397458419931452,19
1120,pafi1,ph1,2.962491461110518,-1.166388304139314,19
1121,paco21,hema1,87.14419518619275,-1.6886135042212223,19
1121,paco21,ph1,295.5700381909508,-1.7622592454317343,19
1121,pafi1,hema1,51.068277299643455,-1.8212155209303216,19
1121,pafi1,ph1,7.637934611317501,-1.7158493798467,19
1122,paco21,hema1,29.378116118545595,-1.568403464743437,19
1122,paco21,ph1,196.68022528332966,-1.6137355784853211,19
1122,pafi1,hema1,20.13763613490975,-1.661926213388351,19
1122,pafi1,ph1,0.9630378533237075,-1.5149789475449893,19
1123,paco21,hema1,36.516035269764686,-1.3302181308519516,19
1123,paco21,ph1,305.63435750310396,-1.716596896333804,19
1123,pafi1,hema1,23.671112625695066,-1.8849440381009255,19
1123,pafi1,ph1,0.3990498241733289,-1.6292759979512723,19
1124,paco21,hema1,51.4676731900715,-1.1601470936147849,19
1124,paco21,ph1,258.60282494184764,-1.2330508330114585,19
1124,pafi1,hema1,23.679356169233092,-1.2049865015906571,19
1124,pafi1,ph1,1.751405089427173,-1.2744176307824355,19
1125,paco21,hema1,49.14880036253179,-1.598192297783448,18
1125,paco21,ph1,440.7119693741004,-1.5195114367031575,18
1125,pafi1,hema1,17.514564250404963,-1.5971501633269007,18
1125,pafi1,ph1,0.986083333029086,-1.4076451155254994,18
1126,paco21,hema1,49.3375422477575,-1.1594191493146724,19
1126,paco21,ph1,315.1063353410341,-1.3314519756838012,19
1126,pafi1,hema1,42.78087915862051,-1.446745818090399,19
1126,pafi1,ph1,0.07118170846722002,0.9688284711798233,19
1127,paco21,hema1,53.05621215329327,-1.268779185972584,19
1127,paco21,ph1,338.02629526090846,-1.5914568687276038,19
1127,pafi1,hema1,22.72246675825606,-1.6626640713361627,19
1127,pafi1,ph1,0.6239593424958148,-1.25653011186706,19
1128,paco21,hema1,56.62267228523346,-0.8713209023058267,19
1128,paco21,ph1,379.3174231006318,-1.0588085417805146,19
1128,pafi1,hema1,38.046560178928004,-1.379759370217342,19
1128,pafi1,ph1,6.221844312374865,-1.0610442451741153,19
1129,paco21,hema1,49.77659003056627,-1.308271606008013,19
1129,paco21,ph1,247.25694301264218,-1.5052396410876236,19
1129,pafi1,hema1,23.333199237192428,-1.4453020013130033,19
1129,pafi1,ph1,0.19297080348013787,-1.5318573427398456,19
1130,paco21,hema1,50.27688548018793,-1.499288202871389,19
1130,paco21,ph1,461.07765470891457,-1.6765579319901294,19
1130,pafi1,hema1,35.63420504979766,-1.841482801366558,19
1130,pafi1,ph1,2.367869495585363,-1.0560306999923508,19
1131,paco21,hema1,66.00162690515478,-1.3856768107458546,19
1131,paco21,ph1,243.68386703427856,-1.5239617362862896,19
1131,pafi1,hema1,29.433478674809415,-1.4925743747428357,19
1131,pafi1,ph1,3.9620637277816173,-1.5266041564023531,19
1132,paco21,hema1,18.66943602325788,-0.40006742580513416,18
1132,paco21,ph1,395.18017827651323,-0.9790660655418899,18
1132,pafi1,hema1,17.61083609143207,-0.9702840984516485,18
1132,pafi1,ph1,3.376472430446319,-0.864457105242081,18
1133,paco21,hema1,57.39039074182251,-0.9795285410805502,19
1133,paco21,ph1,442.4977814177911,-1.3434030841541575,19
1133,pafi1,hema1,39.50523947424025,-1.2878846674006648,19
1133,pafi1,ph1,2.561783185179557,-1.3532995046722913,19
1134,paco21,hema1,60.821932823659395,-1.3109583225405175,19
1134,paco21,ph1,288.77698426407295,-1.340561923301996,19
1134,pafi1,hema1,30.63148545757459,-1.615331437970805,19
1134,pafi1,ph1,0.9932576720369953,0.5007565146584805,19
1135,paco21,hema1,74.30630921773474,-1.4288332739178422,19
1135,paco21,ph1,265.59892339527886,-1.5613245212256681,19
1135,pafi1,hema1,50.752157937837346,-1.4616814521699228,19
1135,pafi1,ph1,1.9251851616172404,-1.6762694603829398,19
1136,paco21,hema1,63.29196720357774,-0.8197978642096689,19
1136,paco21,ph1,281.3942739840764,-1.0036034060205634,19
1136,pafi1,hema1,33.559175648843194,-1.2171629797961077,19
1136,pafi1,ph1,2.937198215148659,-0.8232542427094423,19
1137,paco21,hema1,71.43774505809183,-1.2952388038086344,19
1137,paco21,ph1,437.6282222636824,-1.397075132141491,19
1137,pafi1,hema1,16.286523472424097,-1.6596734594513882,19
1137,pafi1,ph1,4.215252518707666,-1.2375337646638866,19
1138,paco21,hema1,33.16217875570607,-0.8717183629156583,19
1138,paco21,ph1,399.784628680291,-1.2709000828567145,19
1138,pafi1,hema1,9.465936048117237,-1.3409085040576139,19
1138,pafi1,ph1,0.11710408086139638,-0.41076859876765354,19
1139,paco21,hema1,42.35384306846132,-1.2524387371892916,19
1139,paco21,ph1,367.19756385153875,-1.5719808347618913,19
1139,pafi1,hema1,29.64950667897524,-1.6407581300285354,19
1139,pafi1,ph1,5.511364066914237,-1.4354010668442316,19
1140,paco21,hema1,67.12256919512609,-1.6015091444390372,19
1140,paco21,ph1,280.3388494458991,-1.8394550530773883,19
1140,pafi1,hema1,30.566221227654545,-2.106658133206966,19
1140,pafi1,ph1,2.4384588721308726,-1.8228208974480862,19
1141,paco21,hema1,59.80468284168293,-0.9299281873955081,19
1141,paco21,ph1,304.83020039823435,-1.2473502826933447,19
1141,pafi1,hema1,24.009520552174376,-1.1183274142456747,19
1141,pafi1,ph1,3.3447283821232263,-1.2869239011621867,19
1142,paco21,hema1,66.4872956437958,-1.251478848250722,19
1142,paco21,ph1,422.64939922458296,-1.5590950761773605,19
1142,pafi1,hema1,12.500807454695535,-1.9714378027332675,19
1142,pafi1,ph1,1.5299019766571205,-1.1541735521275338,19
1143,paco21,hema1,57.85063418548983,-1.6615752244827673,19
1143,paco21,ph1,309.46518865068043,-1.8396777305351297,19
1143,pafi1,hema1,39.275977151108165,-1.822242237119197,19
1143,pafi1,ph1,1.626190778836444,-1.8421662467233277,19
1144,paco21,hema1,48.11335121195788,-0.2517970439959829,18
1144,paco21,ph1,211.65448728410325,-0.5437750541818301,18
1144,pafi1,hema1,17.01390806942757,-0.6569988054630579,18
1144,pafi1,ph1,12.650903164480837,-0.41856685878583244,18
1145,paco21,hema1,52.300918406366385,-1.7333317123576615,19
1145,paco21,ph1,333.1542468994518,-1.7406726067829226,19
1145,pafi1,hema1,26.447003340525168,-1.759002007657654,19
1145,pafi1,ph1,4.979182126336063,-1.7378929868962176,19
1146,paco21,hema1,43.81825759095181,-1.438206962559127,19
1146,paco21,ph1,300.00265643696775,-1.451987805847829,19
1146,pafi1,hema1,16.113815730030275,-1.6516493562597911,19
1146,pafi1,ph1,1.3775655969735092,-1.507483235332656,19
1147,paco21,hema1,92.11473675708037,-1.415178680494902,19
1147,paco21,ph1,433.12540343268813,-1.4634182073757502,19
1147,pafi1,hema1,28.83994027933658,-1.6583633169339085,19
1147,pafi1,ph1,0.879527221894816,-1.816002955421123,19
1148,paco21,hema1,61.413895009606435,-0.994593726882082,19
1148,paco21,ph1,402.9591879469359,-1.2222629086560806,19
1148,pafi1,hema1,33.69632630547635,-1.1761483822067933,19
1148,pafi1,ph1,1.3622867438436113,-1.2456052544439793,19
1149,paco21,hema1,47.81797368922424,-0.8272610758022365,19
1149,paco21,ph1,357.7190272773976,-0.9631085581265736,19
1149,pafi1,hema1,30.45613503392205,-1.0662832417646788,19
1149,pafi1,ph1,23.949411705568775,-0.8846708119858969,19
1150,paco21,hema1,64.06541161509413,-1.0847100933773428,18
1150,paco21,ph1,240.63149273687876,-1.1204638420670718,18
1150,pafi1,hema1,38.339874705586745,-1.2039378917908812,18
1150,pafi1,ph1,11.89581892951693,-1.129539747740567,18
1151,paco21,hema1,40.732017608396134,-1.4936942505363824,18
1151,paco21,ph1,452.117631998737,-1.4483841034987912,18
1151,pafi1,hema1,27.33938717948888,-1.7082165907433096,18
1151,pafi1,ph1,2.489733522992749,-1.6147522202692495,18
1152,paco21,hema1,64.33592113891176,-1.1421977036272077,19
1152,paco21,ph1,244.40531007424934,-1.217628300557065,19
1152,pafi1,hema1,10.874126339422489,-1.5390649058023567,19
1152,pafi1,ph1,4.5619719096744715,-1.101897746734418,19
1153,paco21,hema1,45.51303039855421,-0.9479624251711567,19
1153,paco21,ph1,327.7713613973704,-1.0765710950523475,19
1153,pafi1,hema1,14.28670926820936,-1.2112118406254562,19
1153,pafi1,ph1,0.38840122710747177,-1.382626139344414,19
1154,paco21,hema1,23.86803456142855,-1.188857749201791,19
1154,paco21,ph1,196.25376310302102,-1.440318273351984,19
1154,pafi1,hema1,37.02421260543283,-1.5882388828166198,19
1154,pafi1,ph1,0.4098678933111867,-1.1120345500175772,19
1155,paco21,hema1,62.062589613429765,-1.1536512867382382,19
1155,paco21,ph1,326.01430541816313,-1.2217718925604963,19
1155,pafi1,hema1,28.721378569098576,-1.2811639404834325,19
1155,pafi1,ph1,4.007969392445292,-1.1885079168750439,19
1156,paco21,hema1,44.11078178166892,-1.3087543617387885,19
1156,paco21,ph1,221.1035626370227,-1.529201937498814,19
1156,pafi1,hema1,36.21470487097439,-1.3548807185995926,19
1156,pafi1,ph1,1.1275249910590939,-1.5967159136962013,19
1157,paco21,hema1,64.05954077663662,-1.2916799232652285,19
1157,paco21,ph1,426.6066953336822,-1.4751575412024263,19
1157,pafi1,hema1,35.00151615162111,-1.3662275821220715,19
1157,pafi1,ph1,3.95987367929513,-1.5344288612023844,19
1158,paco21,hema1,58.81516899631638,-0.9181889064047437,19
1158,paco21,ph1,320.83858257684966,-1.3103792494513697,19
1158,pafi1,hema1,43.56478692070673,-1.3351203446173203,19
1158,pafi1,ph1,10.866131582841302,-0.9934521406719725,19
1159,paco21,hema1,61.422158174166285,-1.0490774208596516,19
1159,paco21,ph1,200.43310690202074,-1.066393239969163,19
1159,pafi1,hema1,20.77639609084911,-0.885545435193751,19
1159,pafi1,ph1,1.7891644721008373,-1.5743078653004479,19
1160,paco21,hema1,53.348687257193895,-0.9013004780240012,18
1160,paco21,ph1,322.10678138037724,-0.9720565114360178,18
1160,pafi1,hema1,31.540067130056798,-1.2588508964931553,18
1160,pafi1,ph1,6.374641797821474,-1.1174210966247942,18
1161,paco21,hema1,55.30064662471885,-1.289778247963381,18
1161,paco21,ph1,304.5546409883869,-1.5641013100588355,18
1161,pafi1,hema1,48.36728827480351,-1.6461534031052347,18
1161,pafi1,ph1,0.00010832821239710796,-51.91781996532587,18
1162,paco21,hema1,78.34715852449696,-1.0087130679495477,18
1162,paco21,ph1,217.70821353639175,-1.0081501787484741,18
1162,pafi1,hema1,28.06730990542366,-1.0125952287927964,18
1162,pafi1,ph1,6.085663850097779,-1.009793210771186,18
1163,paco21,hema1,60.332977647005094,-1.1685050849489764,19
1163,paco21,ph1,225.9419447445306,-1.4366689734113582,19
1163,pafi1,hema1,22.572122042975394,-1.6949527127123887,19
1163,pafi1,ph1,0.0074293820700558665,-6.531146864268142,19
1164,paco21,hema1,53.14715020901252,-1.2064709047588682,19
1164,paco21,ph1,313.5719174649641,-1.2357063402449193,19
1164,pafi1,hema1,33.75416398160651,-1.40727653824397,19
1164,pafi1,ph1,0.010622766162621622,3.0345100642077822,19
1165,paco21,hema1,47.46539894704468,-1.0191476676326197,19
1165,paco21,ph1,299.00957381681275,-1.0103208398229013,19
1165,pafi1,hema1,25.6571096839474,-1.0373203012325458,19
1165,pafi1,ph1,9.495217993073606,-1.0021640681852446,19
1166,paco21,hema1,38.709064757131834,-0.6848295260356644,19
1166,paco21,ph1,303.64672525320356,-0.9670707361458757,19
1166,pafi1,hema1,17.89242206757084,-1.379392860750091,19
1166,pafi1,ph1,0.9125830259785007,-0.6610433198024586,19
1167,paco21,hema1,55.64666126576271,-0.9968637134231696,18
1167,paco21,ph1,320.5799157359104,-1.2449413735253634,18
1167,pafi1,hema1,34.55910952346973,-0.9275442014679396,18
1167,pafi1,ph1,3.920421769200128,-1.3812354477503976,18
1168,paco21,hema1,26.683162836940312,-1.1599441610288206,19
1168,paco21,ph1,415.4745120770714,-1.695753818461222,19
1168,pafi1,hema1,18.007893265288324,-2.1599163228151674,19
1168,pafi1,ph1,0.3997976505662739,-1.309525073090621,19
1169,paco21,hema1,29.991414382808742,-1.1320233334687353,19
1169,paco21,ph1,298.1364746050047,-1.4594050656995001,19
1169,pafi1,hema1,9.14947962152198,-1.5168741841390219,19
1169,pafi1,ph1,0.1900940886733483,-1.6548275268631991,19
1170,paco21,hema1,57.43453091771395,-0.8253438552970768,19
1170,paco21,ph1,248.9928166462223,-0.8774384078548212,19
1170,pafi1,hema1,31.88794945422276,-1.2542023196159382,19
1170,pafi1,ph1,9.014584169530556,-0.6189330337103063,19
1171,paco21,hema1,63.9837756467849,-1.0832105033229324,19
1171,paco21,ph1,395.75258267676486,-1.2943565773559593,19
1171,pafi1,hema1,44.435360157131406,-1.3110836092469313,19
1171,pafi1,ph1,5.878260279332896,-1.2531579213442907,19
1172,paco21,hema1,49.767720038661494,-0.8454864016078414,19
1172,paco21,ph1,414.62240865871684,-1.1180688921813495,19
1172,pafi1,hema1,19.55555357878348,-1.2441420053378511,19
1172,pafi1,ph1,5.309419850739728,-0.8384092099181333,19
1173,paco21,hema1,55.6162609050335,-1.2821336070623197,19
1173,paco21,ph1,290.2448069753124,-1.4334554697204565,19
1173,pafi1,hema1,17.271056621250136,-1.3797133768606429,19
1173,pafi1,ph1,3.05125940228604,-1.4557607516872708,19
1174,paco21,hema1,32.56895746955613,-1.2047131113331482,18
1174,paco21,ph1,446.0726356638242,-1.3239832295217384,18
1174,pafi1,hema1,19.139437728470742,-1.38537687844082,18
1174,pafi1,ph1,2.7903292070043615,-1.0555769655332272,18
1175,paco21,hema1,68.21043164406954,-1.1939663669773284,18
1175,paco21,ph1,378.1967918926557,-1.3848208111911693,18
1175,pafi1,hema1,30.82103473709484,-1.5180132314585981,18
1175,pafi1,ph1,2.103627321385247,-1.37596657987658,18
1176,paco21,hema1,44.8031415056832,-1.0204322039938187,19
1176,paco21,ph1,427.60176878309994,-1.1046432153307995,19
1176,pafi1,hema1,18.85975691207989,-1.194208510175182,19
1176,pafi1,ph1,0.9131125009315648,-0.9909160496041953,19
1177,paco21,hema1,47.237990836032836,-0.980002145207129,18
1177,paco21,ph1,397.3621712066088,-1.2989267025088835,18
1177,pafi1,hema1,33.366907240494704,-1.3780013908463775,18
1177,pafi1,ph1,0.345690618982623,-0.9666900103103837,18
1178,paco21,hema1,52.00246190992347,-1.2143839518071708,19
1178,paco21,ph1,399.18404728413844,-1.4187336846957632,19
1178,pafi1,hema1,42.61155808317482,-1.6186580362644036,19
1178,pafi1,ph1,0.7639247444057349,-1.0322954038710752,19
1179,paco21,hema1,54.00600194178412,-0.8901313845036849,19
1179,paco21,ph1,436.6494000574649,-1.3652185970484148,19
1179,pafi1,hema1,16.824237575679113,-1.1169030380895977,19
1179,pafi1,ph1,1.091253551852036,-1.4482345791772169,19
1180,paco21,hema1,51.20339144473905,-0.8282460114126975,19
1180,paco21,ph1,315.43968211192185,-1.1346457212842178,19
1180,pafi1,hema1,26.626770100092354,-1.1908553373956474,19
1180,pafi1,ph1,4.830607092391376,-1.0868949174307438,19
1181,paco21,hema1,56.35235506627979,-1.2577018896108476,19
1181,paco21,ph1,322.5835232183837,-1.2869842671422418,19
1181,pafi1,hema1,30.291041607885024,-1.3651868070715405,19
1181,pafi1,ph1,2.896591324471642,-1.1281766948439762,19
1182,paco21,hema1,68.30842001363925,-1.3462472514748405,19
1182,paco21,ph1,448.92048866138543,-1.4535580302792235,19
1182,pafi1,hema1,16.526046906573995,-1.4812464905305422,19
1182,pafi1,ph1,5.827014742410949,-1.4193869716800325,19
1183,paco21,hema1,58.49470746334111,-0.9925265381970352,19
1183,paco21,ph1,456.8274067050414,-1.175355895617548,19
1183,pafi1,hema1,23.148119451350333,-1.0050064999617416,19
1183,pafi1,ph1,2.8630719556204345,-1.2817145099897849,19
1184,paco21,hema1,72.50879074128683,-1.2068333768707347,19
1184,paco21,ph1,226.5284511318319,-1.682316977147681,19
1184,pafi1,hema1,14.273916579740948,-1.8406820964874673,19
1184,pafi1,ph1,4.439208711314157,-1.3883608230764415,19
1185,paco21,hema1,67.46399171143055,-1.5847508383011684,19
1185,paco21,ph1,392.9588705598643,-1.645753977878577,19
1185,pafi1,hema1,43.49059972667886,-1.655210932765328,19
1185,pafi1,ph1,9.178467698223654,-1.626304795148708,19
1186,paco21,hema1,60.4411133999662,-1.567285427022006,19
1186,paco21,ph1,344.1792560055129,-1.6037800143982774,19
1186,pafi1,hema1,14.479522086420886,-1.7800816629780805,19
1186,pafi1,ph1,3.9634805221473783,-1.4827116150508703,19
1187,paco21,hema1,51.65325550617678,-1.0097205467447234,19
1187,paco21,ph1,482.61945398522823,-1.0323955276405614,19
1187,pafi1,hema1,14.806617368578939,-1.6183598725066628,19
1187,pafi1,ph1,2.5984588079342315,-0.8292011483802545,19
1188,paco21,hema1,39.31126742788414,-1.2425147481674466,19
1188,paco21,ph1,263.48714883195044,-1.0380333026397597,19
1188,pafi1,hema1,24.090349877484762,-1.1755499920951156,19
1188,pafi1,ph1,0.056987298225556794,-1.037614828155119,19
1189,paco21,hema1,49.00829158481915,-0.7079863451421132,19
1189,paco21,ph1,390.0271609957269,-1.1253334213305834,19
1189,pafi1,hema1,18.882480944023378,-0.9397679840259157,19
1189,pafi1,ph1,2.225669653555545,-1.2940054738612643,19
1190,paco21,hema1,28.157131321698607,-0.9373847718614031,19
1190,paco21,ph1,341.91203922531486,-1.5200457671699037,19
1190,pafi1,hema1,10.24477024392492,-1.328518975319424,19
1190,pafi1,ph1,0.5650157896340725,-1.6522003029226344,19
1191,paco21,hema1,56.674411276682925,-1.1457223429535004,19
1191,paco21,ph1,336.0852869115477,-1.3622786117675085,19
1191,pafi1,hema1,8.773693273309066,-1.2587032642008287,19
1191,pafi1,ph1,1.5867010585660157,-1.4134176738971154,19
1192,paco21,hema1,37.632387193451116,-0.900701494385643,19
1192,paco21,ph1,435.29426935173063,-1.2030410728389056,19
1192,pafi1,hema1,38.11377173417801,-1.3812173464337185,19
1192,pafi1,ph1,2.7101244158844366,-0.8276847419816244,19
1193,paco21,hema1,65.1718377345976,-0.7975277914130061,19
1193,paco21,ph1,263.4597276147766,-1.1079093872558365,19
1193,pafi1,hema1,35.272540664146206,-1.5098188180220051,19
1193,pafi1,ph1,5.062072596908112,-0.39079214847532273,19
1194,paco21,hema1,51.51997445778546,-1.2173314627243532,19
1194,paco21,ph1,314.17789868866254,-1.4985867391162546,19
1194,pafi1,hema1,42.713217921012614,-1.2974285687307183,19
1194,pafi1,ph1,1.3169301467329755,-2.0010618048799094,19
1195,paco21,hema1,53.52440489248341,-1.2748372897819462,18
1195,paco21,ph1,261.23441805659877,-1.293998081895919,18
1195,pafi1,hema1,24.31585683584778,-1.9437864931032547,18
1195,pafi1,ph1,0.28272274617475524,0.6150058015999014,18
1196,paco21,hema1,62.34440504902188,-1.1205659815180904,19
1196,paco21,ph1,452.302646148571,-1.2645371540107826,19
1196,pafi1,hema1,49.11467679471238,-1.305626239816024,19
1196,pafi1,ph1,0.00367909078421476,-2.4367042969928883,19
1197,paco21,hema1,39.12407066899913,-0.8710656876328929,18
1197,paco21,ph1,296.627713440387,-0.9749588159699057,18
1197,pafi1,hema1,6.3805721431714915,-1.1930290141051114,18
1197,pafi1,ph1,1.2609736925929484,-1.1507373769842975,18
1198,paco21,hema1,58.2333600803925,-1.8261414414538455,19
1198,paco21,ph1,233.3994880763629,-1.8476216277705328,19
1198,pafi1,hema1,28.058079759946718,-1.9251873022405153,19
1198,pafi1,ph1,1.4024844566909744,-1.62101208309051,19
1199,paco21,hema1,51.91613453637333,-1.030505668041576,19
1199,paco21,ph1,358.90980117318884,-1.1588866121046397,19
1199,pafi1,hema1,31.694863717351407,-1.34362580847172,19
1199,pafi1,ph1,1.2014912239563575,-1.3711541385095498,19
1200,paco21,hema1,41.71917327326669,-0.7402473673866675,19
1200,paco21,ph1,299.95399742117644,-1.1724947035117568,19
1200,pafi1,hema1,34.07767670375323,-1.251726130208304,19
1200,pafi1,ph1,0.8712624405245003,-0.824912203538147,19
1201,paco21,hema1,53.9712467403593,-1.0759305725698247,19
1201,paco21,ph1,245.25214370101085,-1.374633476280871,19
1201,pafi1,hema1,22.627910749589656,-1.6957333646856123,19
1201,pafi1,ph1,0.2852730123472523,-0.0033813139341073465,19
1202,paco21,hema1,38.75514367174454,-1.4725973954982594,19
1202,paco21,ph1,374.9071500290737,-1.5398901121959465,19
1202,pafi1,hema1,25.403975421792815,-1.7002165852601405,19
1202,pafi1,ph1,0.5794071032380808,-1.7254653771530875,19
1203,paco21,hema1,70.03213252069827,-0.9147211123472807,19
1203,paco21,ph1,409.7180881582199,-1.141956249386661,19
1203,pafi1,hema1,26.393207745521664,-1.1362856518144508,19
1203,pafi1,ph1,0.2922219585289189,-1.1056193502127114,19
1204,paco21,hema1,45.63525424890204,-1.172454109268477,19
1204,paco21,ph1,285.02599334466606,-1.3573084168216332,19
1204,pafi1,hema1,29.257563435072175,-1.321727333616327,19
1204,pafi1,ph1,4.724335013751662,-1.3605084438996433,19
1205,paco21,hema1,36.762656296325744,-0.7237705266526671,19
1205,paco21,ph1,403.72803640398365,-0.9678176638008017,19
1205,pafi1,hema1,40.642011310514654,-0.9460820237752319,19
1205,pafi1,ph1,0.027250393124507798,-0.6851230365297402,19
1206,paco21,hema1,59.44471038460488,-1.0852013323689726,19
1206,paco21,ph1,285.9123655438236,-1.23562172282688,19
1206,pafi1,hema1,41.461911392402435,-1.4029396726514618,19
1206,pafi1,ph1,0.0015835900410803923,3.6145768258155164,19
1207,paco21,hema1,46.60461692547754,-1.2642741584408737,18
1207,paco21,ph1,314.58102370432715,-1.330216818174109,18
1207,pafi1,hema1,19.73513424095416,-1.6996990143591557,18
1207,pafi1,ph1,2.1600015388888932e-06,196.45427648179117,18
1208,paco21,hema1,25.91858469521826,-1.065803388339005,19
1208,paco21,ph1,331.58337396792507,-1.2815031245324593,19
1208,pafi1,hema1,12.000092106926099,-0.9164708426576504,19
1208,pafi1,ph1,3.814114501923585,-1.357541373915416,19
1209,paco21,hema1,53.32632881165574,-0.947093329179941,19
1209,paco21,ph1,298.0254198917476,-1.1996047339955194,19
1209,pafi1,hema1,15.197848262421335,-1.2774244784119042,19
1209,pafi1,ph1,1.6973616657565087,-1.2558066099296736,19
1210,paco21,hema1,73.44755344132231,-0.9621713980409936,18
1210,paco21,ph1,477.0594502569358,-1.2036605462040122,18
1210,pafi1,hema1,21.50502754972256,-1.256309011275784,18
1210,pafi1,ph1,0.3667385237301806,-0.9205243106389459,18
1211,paco21,hema1,44.66488265790961,-1.0407810103693034,19
1211,paco21,ph1,403.9053950774822,-1.3088403239975384,19
1211,pafi1,hema1,17.876510563935987,-1.2160330405694206,19
1211,pafi1,ph1,0.27109145119178635,-1.5511864345192745,19
1212,paco21,hema1,43.59010729656394,-0.7023104857995117,19
1212,paco21,ph1,300.8501927264145,-0.8830368498432543,19
1212,pafi1,hema1,11.058932369255746,-0.8995342827092213,19
1212,pafi1,ph1,0.21787479059699952,-0.8586202571822839,19
1213,paco21,hema1,35.88658998933376,-1.1705343220076734,19
1213,paco21,ph1,375.6617067443483,-1.1791894182319844,19
1213,pafi1,hema1,14.884401740616182,-1.3247468216369789,19
1213,pafi1,ph1,0.14980363541919686,-0.9117179980022007,19
1214,paco21,hema1,33.7512056222842,-0.9100475604340563,19
1214,paco21,ph1,320.6871540542726,-1.064855808269805,19
1214,pafi1,hema1,26.11873484402386,-1.1485189605266815,19
1214,pafi1,ph1,0.8252929534591397,-0.6505485442067327,19
1215,paco21,hema1,49.16356408702625,-1.2793855041472066,19
1215,paco21,ph1,292.4347939554673,-1.3336183883445478,19
1215,pafi1,hema1,28.30265162886648,-1.6327922414153682,19
1215,pafi1,ph1,0.3110035758126322,-0.09024690357047696,19
1216,paco21,hema1,52.15178476387504,-1.0737543847417443,19
1216,paco21,ph1,319.6752802016143,-1.1679094806257129,19
1216,pafi1,hema1,26.532183059011693,-1.2559561689164858,19
1216,pafi1,ph1,12.613534960871704,-1.1184955543085484,19
1217,paco21,hema1,41.21633222403676,-0.6939331173807456,19
1217,paco21,ph1,279.01418363820994,-0.5727420158228849,19
1217,pafi1,hema1,7.457840874259464,-0.6633654890048064,19
1217,pafi1,ph1,4.147273058982153,-0.5670433415729891,19
1218,paco21,hema1,46.70590137173053,-1.1239107309672964,19
1218,paco21,ph1,480.53752776889024,-1.6357348856608263,19
1218,pafi1,hema1,36.79119738899297,-1.6489202877511238,19
1218,pafi1,ph1,1.0526487996221587,-1.446673497839149,19
1219,paco21,hema1,52.69724753260368,-0.5227059708854349,19
1219,paco21,ph1,406.78202973634046,-0.8139202978840739,19
1219,pafi1,hema1,21.712542923190526,-0.9846379680766237,19
1219,pafi1,ph1,5.03253123885594,-0.6989862252228746,19
1220,paco21,hema1,32.83492186964578,-1.4826799292479478,19
1220,paco21,ph1,211.9339082985655,-1.5077066337610416,19
1220,pafi1,hema1,16.83513625314711,-1.5442119249205024,19
1220,pafi1,ph1,4.606092964198112,-1.3340902815108515,19
1221,paco21,hema1,64.36196350893393,-1.3395991312802935,18
1221,paco21,ph1,345.55063506372585,-1.5221713371609134,18
1221,pafi1,hema1,21.627553598435686,-1.5349701192823204,18
1221,pafi1,ph1,5.257475844578513,-1.4400209882434354,18
1222,paco21,hema1,68.34728993484697,-1.3621578198649447,19
1222,paco21,ph1,337.95431110736865,-1.5809867432244546,19
1222,pafi1,hema1,11.003535267351099,-2.015104445299545,19
1222,pafi1,ph1,0.05007560032146962,-0.3569123029813094,19
1223,paco21,hema1,57.12487074261027,-1.5102206880435411,19
1223,paco21,ph1,421.11695222091976,-1.4614434014892694,19
1223,pafi1,hema1,36.3449551872053,-1.6125240727961216,19
1223,pafi1,ph1,4.419895809041074,-1.1954795275468422,19
1224,paco21,hema1,70.96014054928293,-1.2473651093667888,19
1224,paco21,ph1,292.039625767132,-1.303996903563134,19
1224,pafi1,hema1,25.45217916733959,-1.5034115461744055,19
1224,pafi1,ph1,16.476242254278553,-1.2774570817167605,19
1225,paco21,hema1,50.344676376282266,-1.4104149362363418,18
1225,paco21,ph1,265.1498755406481,-1.7018117660187408,18
1225,pafi1,hema1,39.14686568956242,-1.9666254787487016,18
1225,pafi1,ph1,1.6918946100057568,-1.3499422464255069,18
1226,paco21,hema1,66.21991146451393,-1.2243884446802855,18
1226,paco21,ph1,363.85128098737374,-1.3337235441767852,18
1226,pafi1,hema1,18.559780962541645,-1.610246986533553,18
1226,pafi1,ph1,2.8582827640277455,-1.331837219036741,18
1227,paco21,hema1,57.50074823608644,-0.9079365079025663,19
1227,paco21,ph1,314.523534295272,-1.4370333120614343,19
1227,pafi1,hema1,13.059968594232323,-1.6858827904722216,19
1227,pafi1,ph1,0.3618737950767603,-0.9776889545778519,19
1228,paco21,hema1,50.299658612426875,-0.9786350569780816,19
1228,paco21,ph1,299.71020290048216,-1.0250464047982975,19
1228,pafi1,hema1,14.560996091060684,-1.30020901202473,19
1228,pafi1,ph1,0.4670482202715349,-0.5738662014444879,19
1229,paco21,hema1,50.42625762675106,-1.030702408785794,19
1229,paco21,ph1,275.2553506238634,-1.1073965195675575,19
1229,pafi1,hema1,38.396733208928545,-1.2198081297876902,19
1229,pafi1,ph1,7.922122744548388,-1.0078428644550805,19
1230,paco21,hema1,56.02260566156236,-0.3765006906619297,19
1230,paco21,ph1,305.6658716800785,-0.5929827406941218,19
1230,pafi1,hema1,35.623830631476395,-0.6229572475000758,19
1230,pafi1,ph1,1.6649692868964916,-0.5339344063770476,19
1231,paco21,hema1,49.31276826962337,-0.6783132762219152,18
1231,paco21,ph1,321.8802729020106,-0.7393010131135934,18
1231,pafi1,hema1,49.097286345982816,-0.6091887723018604,18
1231,pafi1,ph1,1.078692515188343,-0.8103116716108129,18
1232,paco21,hema1,47.629343766152,-1.1701132098039004,19
1232,paco21,ph1,298.38332422065685,-1.3672241033562442,19
1232,pafi1,hema1,31.667983356997887,-1.3392315017822671,19
1232,pafi1,ph1,1.199273879666786,-1.356419884467105,19
1233,paco21,hema1,50.14244399685719,-1.2383599373998593,19
1233,paco21,ph1,453.0237531383185,-1.414313608937601,19
1233,pafi1,hema1,18.478705789536367,-1.2065005188935294,19
1233,pafi1,ph1,8.757853154096015,-1.3132075801793242,19
1234,paco21,hema1,63.02046046301823,-0.7469163668883791,19
1234,paco21,ph1,320.19013489930194,-1.2228002850006403,19
1234,pafi1,hema1,45.901129908079334,-1.275719316215372,19
1234,pafi1,ph1,2.329682027780245,-0.6160868375154115,19
1235,paco21,hema1,37.46725981855045,-1.5750504934082394,19
1235,paco21,ph1,231.64872222132047,-1.6216261930664617,19
1235,pafi1,hema1,22.085428942658755,-1.931835509233958,19
1235,pafi1,ph1,2.1806271779886854,-1.3524825987680267,19
1236,paco21,hema1,48.19254503183084,-1.5362514940922158,19
1236,paco21,ph1,387.3624038594102,-1.7121666496719468,19
1236,pafi1,hema1,11.939661152457461,-2.518614533539559,19
1236,pafi1,ph1,6.114190493445501,-1.5562133791281365,19
1237,paco21,hema1,84.72257741749152,-1.460137996358545,19
1237,paco21,ph1,319.9874392491723,-1.4235869092152118,19
1237,pafi1,hema1,23.9187151927803,-1.6218656132577727,19
1237,pafi1,ph1,0.26309733605772156,-1.2697943839812251,19
1238,paco21,hema1,29.570554184527328,-0.9713384547261245,19
1238,paco21,ph1,276.90885695526003,-1.148265073087695,19
1238,pafi1,hema1,37.300293286050675,-1.1186632573142934,19
1238,pafi1,ph1,10.180412032369992,-1.1521289923371105,19
1239,paco21,hema1,56.72722059146647,-1.1618682223712575,18
1239,paco21,ph1,431.2983964158713,-1.4561568869998904,18
1239,pafi1,hema1,60.09498093530671,-1.2951046467559315,18
1239,pafi1,ph1,9.275717601365535,-1.5736640221375073,18
1240,paco21,hema1,31.537397801694066,-1.2943098291357926,19
1240,paco21,ph1,401.3756575772714,-1.764368786241216,19
1240,pafi1,hema1,24.80736330373504,-1.8453298583574371,19
1240,pafi1,ph1,6.433913239488011,-1.638452878205707,19
1241,paco21,hema1,50.48433020758891,-0.7684853130366257,19
1241,paco21,ph1,311.04478860483346,-0.961745487504036,19
1241,pafi1,hema1,27.697505134337998,-1.04984102509961,19
1241,pafi1,ph1,0.23827498311907575,-0.5014170691154758,19
1242,paco21,hema1,43.73103225905064,-1.1706692501631475,19
1242,paco21,ph1,326.03234444079175,-1.4646953946287087,19
1242,pafi1,hema1,42.50208949389673,-1.544852369109964,19
1242,pafi1,ph1,2.7686721149675084,-1.1440802012319198,19
1243,paco21,hema1,47.80676849304597,-1.5368439332772366,19
1243,paco21,ph1,438.30043887945163,-1.683536536827797,19
1243,pafi1,hema1,21.402521709554666,-1.7730781620063636,19
1243,pafi1,ph1,2.270583463880384,-1.474162518006057,19
1244,paco21,hema1,66.86534331175352,-1.5688228269469575,19
1244,paco21,ph1,279.2875215865456,-1.8038747541283549,19
1244,pafi1,hema1,20.540642991573986,-1.8699171770871115,19
1244,pafi1,ph1,0.39041966077096135,-1.650053764752657,19
1245,paco21,hema1,71.12783721300312,-1.1464373029656463,19
1245,paco21,ph1,310.75783628009907,-1.331467383330437,19
1245,pafi1,hema1,34.73636914044051,-1.289778134726909,19
1245,pafi1,ph1,9.443352447026523,-1.324640440932176,19
1246,paco21,hema1,89.83148444318711,-1.3328026392793866,19
1246,paco21,ph1,420.09422544878214,-1.4313868771487173,19
1246,pafi1,hema1,15.91282346278456,-1.7030672667521007,19
1246,pafi1,ph1,1.1197668688116444,-0.8269273359386395,19
1247,paco21,hema1,62.65757879798266,-1.060736058503431,19
1247,paco21,ph1,317.68478650056716,-1.1721039847339783,19
1247,pafi1,hema1,42.725434683965894,-1.1831128797595907,19
1247,pafi1,ph1,2.0551238002753403,-1.1213701874089457,19
1248,paco21,hema1,41.28377285118297,-0.8703273366973406,19
1248,paco21,ph1,238.3860746988485,-1.0910905549251908,19
1248,pafi1,hema1,27.997482316747394,-1.3876343453481021,19
1248,pafi1,ph1,0.32411616017271794,0.24270169456489432,19
1249,paco21,hema1,63.61473722046856,-1.2632603398477478,19
1249,paco21,ph1,393.3130956997708,-1.3467406736974674,19
1249,pafi1,hema1,15.57094802359942,-1.3134541583436858,19
1249,pafi1,ph1,1.9004817709174158,-1.3276028767773564,19
1250,paco21,hema1,48.08616617647963,-1.1543285850636584,19
1250,paco21,ph1,269.47166261120117,-1.2580310258992358,19
1250,pafi1,hema1,34.854661919186704,-1.563835302496305,19
1250,pafi1,ph1,1.163299106086926,-1.0453407768439527,19
1251,paco21,hema1,24.130529635854593,-0.4905349566969941,19
1251,paco21,ph1,509.19891231390756,-0.9965916573798512,19
1251,pafi1,hema1,21.20212352995271,-1.346737156711719,19
1251,pafi1,ph1,9.335710586395736,-0.826678617459259,19
1252,paco21,hema1,54.756718862012605,-1.3706065452868699,18
1252,paco21,ph1,210.5418898039303,-1.5481887863794626,18
1252,pafi1,hema1,15.541410505245949,-1.3624189604606762,18
1252,pafi1,ph1,3.5035309028301307,-1.7388109065506796,18
1253,paco21,hema1,49.5485573256418,-1.0837687409194008,18
1253,paco21,ph1,454.0053971626093,-1.41364433765345,18
1253,pafi1,hema1,30.929585335272158,-1.4158408460117469,18
1253,pafi1,ph1,3.533068132458134,-1.4113484019864828,18
1254,paco21,hema1,61.238505973315426,-1.7014412304049586,19
1254,paco21,ph1,399.34320339628124,-1.8195723936544106,19
1254,pafi1,hema1,40.56386188286547,-1.8828590527989064,19
1254,pafi1,ph1,4.067908869970814,-1.8496264770860409,19
1255,paco21,hema1,44.33498703335049,-1.137665558977164,19
1255,paco21,ph1,326.7067063717177,-1.3959242332189543,19
1255,pafi1,hema1,13.624574475081028,-1.612391990166499,19
1255,pafi1,ph1,0.4652076155755191,-1.3519555179619134,19
1256,paco21,hema1,35.52835831999109,-1.2706562996574462,19
1256,paco21,ph1,395.0034748278342,-1.8677131640665336,19
1256,pafi1,hema1,18.243461172765414,-1.6033513216476853,19
1256,pafi1,ph1,0.23920947528043338,-2.09967959511876,19
1257,paco21,hema1,54.348120820137446,-1.0712428325395456,19
1257,paco21,ph1,323.354880102342,-1.2743485065250997,19
1257,pafi1,hema1,42.82782292544599,-1.2863511300278367,19
1257,pafi1,ph1,3.7103682689048725,-1.27842860026427,19
1258,paco21,hema1,50.64648733303051,-1.1983025106638199,19
1258,paco21,ph1,326.8733010973245,-1.5282402805481259,19
1258,pafi1,hema1,18.594533881976073,-1.7065175514747666,19
1258,pafi1,ph1,8.791994265973145,-1.3335359177991766,19
1259,paco21,hema1,42.343156277090216,-1.3925799120734643,19
1259,paco21,ph1,401.0268259790004,-1.553246366084677,19
1259,pafi1,hema1,21.381989658577773,-1.2908726572506772,19
1259,pafi1,ph1,5.715635969485067,-1.7634748936982716,19
1260,paco21,hema1,42.04469203159443,-1.3461720861157653,19
1260,paco21,ph1,328.81150801665433,-1.664043720464055,19
1260,pafi1,hema1,31.819655858825513,-1.4381211276932235,19
1260,pafi1,ph1,0.6911693076249932,-1.7353766855012653,19
1261,paco21,hema1,51.919684450897876,-1.0089325081041494,18
1261,paco21,ph1,402.158390275753,-1.2021289486184386,18
1261,pafi1,hema1,25.29817514031054,-1.1953462589341883,18
1261,pafi1,ph1,7.620649069596965,-1.1887400936872479,18
1262,paco21,hema1,28.8377864298098,-1.2574863325175032,18
1262,paco21,ph1,333.55792334626375,-1.5326370120776642,18
1262,pafi1,hema1,31.54808144565674,-1.7433465736093299,18
1262,pafi1,ph1,1.5178686966988348,-0.6078091509864652,18
1263,paco21,hema1,44.70579128352286,-1.0852053014800727,19
1263,paco21,ph1,273.4775814947518,-1.1980433666689847,19
1263,pafi1,hema1,20.222947773591677,-1.254689411145568,19
1263,pafi1,ph1,1.1214911637348828,-1.0576662200789706,19
1264,paco21,hema1,45.13057910551225,-0.896281872820134,19
1264,paco21,ph1,389.3496856743826,-1.0753655896896643,19
1264,pafi1,hema1,29.073843608245276,-1.0980188628115966,19
1264,pafi1,ph1,1.6562065255806673,-1.0739769359837252,19
1265,paco21,hema1,67.52438033906185,-0.9918679700138577,19
1265,paco21,ph1,311.24225080145794,-1.0384807324299756,19
1265,pafi1,hema1,32.57376160277754,-1.1404649375131877,19
1265,pafi1,ph1,0.09632966917164244,-2.5046769020879314,19
1266,paco21,hema1,53.605203115480606,-1.561687769539182,19
1266,paco21,ph1,317.98461570030975,-1.7492313636815466,19
1266,pafi1,hema1,20.405393846069355,-1.651632705528784,19
1266,pafi1,ph1,9.245841639258922,-1.7801904745324566,19
1267,paco21,hema1,40.38555658248199,-1.189538204459339,19
1267,paco21,ph1,342.4701647171423,-1.3246498433465472,19
1267,pafi1,hema1,36.73140903571883,-1.3158819372741843,19
1267,pafi1,ph1,4.4588632325978805,-1.3011751898243789,19
1268,paco21,hema1,40.10519504679725,-0.6741733741754873,19
1268,paco21,ph1,231.9491728304189,-1.0062792398460456,19
1268,pafi1,hema1,21.264673033133512,-1.3239273185616045,19
1268,pafi1,ph1,0.0879562383804349,3.5714069315199057,19
1269,paco21,hema1,54.172135756957246,-1.7808259214445834,19
1269,paco21,ph1,307.0893279031947,-2.0731557625300123,19
1269,pafi1,hema1,64.35058199532637,-2.1228530239774557,19
1269,pafi1,ph1,6.531229794411861,-1.9199020672316234,19
1270,paco21,hema1,46.38835535712637,-1.4736493072712642,19
1270,paco21,ph1,293.9344559723154,-1.574714650384302,19
1270,pafi1,hema1,18.086508782959662,-1.5093666383887614,19
1270,pafi1,ph1,0.09083288354816724,-1.3372089327557075,19
1271,paco21,hema1,70.92899676333845,-1.493481033796311,19
1271,paco21,ph1,269.0025727126374,-1.5999960595353524,19
1271,pafi1,hema1,11.697555304267999,-1.909252041289707,19
1271,pafi1,ph1,0.017379587444508147,-1.7604732449190001,19
1272,paco21,hema1,40.76678865040619,-1.1811084007933397,19
1272,paco21,ph1,390.61736613624583,-1.545595008039951,19
1272,pafi1,hema1,28.576953729392297,-1.6576815760978965,19
1272,pafi1,ph1,0.7413098965435618,-1.6168090284469394,19
1273,paco21,hema1,32.076496053612686,-0.7480998986207141,19
1273,paco21,ph1,402.2138372288981,-1.100770126893822,19
1273,pafi1,hema1,21.717676933735483,-1.2395811345636838,19
1273,pafi1,ph1,22.900162188010103,-1.0330824025284253,19
1274,paco21,hema1,64.89699570653937,-1.573926008560805,18
1274,paco21,ph1,226.89507474831106,-1.671018808559957,18
1274,pafi1,hema1,13.76807317769962,-1.7546188124483664,18
1274,pafi1,ph1,2.927997083305733,-1.456875871345713,18
1275,paco21,hema1,62.58465664678414,-1.2965239406238993,19
1275,paco21,ph1,409.68979120563336,-1.4473623875977246,19
1275,pafi1,hema1,22.045677986331846,-1.5692876234836821,19
1275,pafi1,ph1,8.125293514938635,-1.3204932125007722,19
1276,paco21,hema1,92.68433476490468,-1.0491441001990909,18
1276,paco21,ph1,264.1662353226051,-1.3179651153323049,18
1276,pafi1,hema1,25.704035324014704,-1.3796412903218576,18
1276,pafi1,ph1,7.028246100714207,-1.2245485664483493,18
1277,paco21,hema1,31.5153881092387,-1.1203366137997102,18
1277,paco21,ph1,412.84913176917036,-1.442177967362331,18
1277,pafi1,hema1,17.65469005170569,-1.6813222923306657,18
1277,pafi1,ph1,2.341899179657264,-1.4667872103430137,18
1278,paco21,hema1,49.93686285909157,-1.037227040157397,19
1278,paco21,ph1,361.5873155952043,-1.3801129301392554,19
1278,pafi1,hema1,27.17723162271742,-1.2562145385723327,19
1278,pafi1,ph1,13.808711704638101,-1.3964914036291856,19
1279,paco21,hema1,49.98867564394467,-1.1522827347401916,19
1279,paco21,ph1,333.6148693058625,-1.2403174852795884,19
1279,pafi1,hema1,26.16105763901618,-1.3519501793688635,19
1279,pafi1,ph1,5.945383388783522,-1.2517000680943073,19
1280,paco21,hema1,45.61482378555825,-1.0188411047058885,19
1280,paco21,ph1,405.01872050548394,-1.2456466384594787,19
1280,pafi1,hema1,42.99700957612595,-1.3705111846529912,19
1280,pafi1,ph1,1.5213284453655316,-0.32388625143609545,19
1281,paco21,hema1,73.2497065629279,-1.0937584866397292,19
1281,paco21,ph1,275.15545828533715,-1.405943599737374,19
1281,pafi1,hema1,32.78406026940896,-1.3884001336127145,19
1281,pafi1,ph1,2.773412454769857,-1.40232660753523,19
1282,paco21,hema1,55.1130332055751,-1.2452434694618264,18
1282,paco21,ph1,410.056337151694,-1.567139328827148,18
1282,pafi1,hema1,23.300001396372753,-1.5250767217121068,18
1282,pafi1,ph1,5.717747338801788,-1.5480044932922425,18
1283,paco21,hema1,40.31498346839352,-1.206169402129546,18
1283,paco21,ph1,394.6999244831203,-1.4310147819407057,18
1283,pafi1,hema1,23.80586456284185,-1.4516000524717318,18
1283,pafi1,ph1,0.5979787659977603,-1.4397674580503088,18
1284,paco21,hema1,52.8207902123049,-1.0268079166245665,19
1284,paco21,ph1,224.66959401343883,-1.1685655492947018,19
1284,pafi1,hema1,18.11594257641837,-1.4939313148103677,19
1284,pafi1,ph1,0.1444061263896725,0.026464757421606547,19
1285,paco21,hema1,71.23300513866582,-1.0276352573456848,19
1285,paco21,ph1,305.866111938345,-1.1017855102114686,19
1285,pafi1,hema1,44.984239383292454,-1.1390869621196433,19
1285,pafi1,ph1,0.16199846811558527,-1.0937330763896664,19
1286,paco21,hema1,41.351610098932476,-1.3663181085152059,19
1286,paco21,ph1,388.3357683622694,-1.4007631691390858,19
1286,pafi1,hema1,22.44090985792105,-1.5467557975466926,19
1286,pafi1,ph1,8.925371988395378,-1.3242710296999958,19
1287,paco21,hema1,49.12647179492704,-1.3808358627418897,19
1287,paco21,ph1,421.66940621583535,-1.577943357455981,19
1287,pafi1,hema1,21.543377286849708,-1.5188091632494396,19
1287,pafi1,ph1,0.08814909751686313,-1.5239780224428818,19
1288,paco21,hema1,58.87098039989341,-1.0914997664187331,19
1288,paco21,ph1,348.6505546451559,-1.3432554481712717,19
1288,pafi1,hema1,23.322664065067375,-1.550669423062059,19
1288,pafi1,ph1,2.7261051546425024,-1.2425270380105986,19
1289,paco21,hema1,50.93974369714741,-0.8779344079886077,19
1289,paco21,ph1,264.8091007505589,-1.1920528449581147,19
1289,pafi1,hema1,29.907526001531195,-1.3808127327690034,19
1289,pafi1,ph1,5.473786764112179,-0.9932766293595203,19
1290,paco21,hema1,63.916356344642345,-1.2906905144608714,19
1290,paco21,ph1,291.6402728536783,-1.4397794719942656,19
1290,pafi1,hema1,27.506708733877534,-1.703778043786165,19
1290,pafi1,ph1,0.13198104530002536,-0.13383066252576156,19
1291,paco21,hema1,48.77556142334823,-1.1442143166882175,19
1291,paco21,ph1,234.20897793016778,-1.308712405177494,19
1291,pafi1,hema1,18.120874898754945,-1.7724701992510246,19
1291,pafi1,ph1,1.0226463091774232,-1.2767615570779165,19
1292,paco21,hema1,50.016702424576266,-0.8793667317234212,19
1292,paco21,ph1,250.94158946961386,-1.0640890384816224,19
1292,pafi1,hema1,33.72710107005173,-1.110264236416299,19
1292,pafi1,ph1,1.946461704615705,-0.859900974183304,19
1293,paco21,hema1,44.78384753285099,-1.207042877369874,19
1293,paco21,ph1,230.56966396457074,-1.2625061702540512,19
1293,pafi1,hema1,29.102418219054872,-1.44744211769797,19
1293,pafi1,ph1,1.7650543859620649,-1.278783473047649,19
1294,paco21,hema1,71.02268134736018,-0.9436830649977528,19
1294,paco21,ph1,328.0356215639704,-1.017583092966416,19
1294,pafi1,hema1,15.79418485986264,-0.8039533976239719,19
1294,pafi1,ph1,2.8018442879218948,-1.4306594821750724,19
1295,paco21,hema1,47.031887096802784,-0.9944287381567587,19
1295,paco21,ph1,262.55699144343293,-1.0847980846135676,19
1295,pafi1,hema1,25.241361119105438,-0.9176847871699205,19
1295,pafi1,ph1,1.5914555609552894,-1.2918118033755872,19
1296,paco21,hema1,43.53812109979565,-1.4485636833143485,19
1296,paco21,ph1,247.36197426241466,-1.4613931072163606,19
1296,pafi1,hema1,14.306239572048597,-1.8604236322860452,19
1296,pafi1,ph1,5.430299380581491,-1.3093844021628234,19
1297,paco21,hema1,52.39218556863689,-1.2566073542973752,19
1297,paco21,ph1,307.25711869842576,-1.3733220560790227,19
1297,pafi1,hema1,32.345433935973034,-1.539578461193212,19
1297,pafi1,ph1,1.078604791900677,-1.18918498326116,19
1298,paco21,hema1,53.82630409178043,-1.317173220607881,19
1298,paco21,ph1,258.81344605380554,-1.3844454561557715,19
1298,pafi1,hema1,41.26244426683776,-1.543569132058315,19
1298,pafi1,ph1,6.973993752395287,-1.2682862087159934,19
1299,paco21,hema1,65.09364879010549,-0.9339045474503959,19
1299,paco21,ph1,310.9433718009823,-1.1571709721943177,19
1299,pafi1,hema1,13.73758637807012,-1.116006720146097,19
1299,pafi1,ph1,0.5233472053105691,-1.0495890726590835,19
1300,paco21,hema1,52.89709580868097,-0.7024533559811915,19
1300,paco21,ph1,302.2511456058629,-0.8771005274486854,19
1300,pafi1,hema1,35.646041997649974,-1.0313909930738516,19
1300,pafi1,ph1,4.419170364088786,-0.6803942819386848,19
1301,paco21,hema1,51.51092153153485,-1.0569887979607566,19
1301,paco21,ph1,409.35887467162087,-1.3013880576011359,19
1301,pafi1,hema1,24.790807577442596,-1.1391465793284874,19
1301,pafi1,ph1,7.064323887548153,-1.391655435940062,19
1302,paco21,hema1,56.673161721060964,-1.0243114391887476,19
1302,paco21,ph1,327.8227101677614,-1.3135646690711529,19
1302,pafi1,hema1,21.09487074936745,-1.4597579281047979,19
1302,pafi1,ph1,1.5016028235268328,-1.3714063429739087,19
1303,paco21,hema1,46.66443075767348,-1.0673092543292209,18
1303,paco21,ph1,381.0975407865988,-1.2109562945978116,18
1303,pafi1,hema1,29.36547005152025,-1.5332092776085242,18
1303,pafi1,ph1,0.0024780774636032742,-20.805176901581174,18
1304,paco21,hema1,39.92825655598325,-1.3015089946763556,19
1304,paco21,ph1,256.27525042140655,-1.6647988822458735,19
1304,pafi1,hema1,17.745981596324835,-1.8152482205936424,19
1304,pafi1,ph1,4.935605287716959,-1.396919522395521,19
1305,paco21,hema1,54.97334194794554,-1.1918955709290437,19
1305,paco21,ph1,429.0077822274192,-1.4131966164081335,19
1305,pafi1,hema1,42.672084004271866,-1.6053880989317761,19
1305,pafi1,ph1,0.0005149620235039237,12.876429763707412,19
1306,paco21,hema1,52.04549805073396,-1.3287780317002047,19
1306,paco21,ph1,307.9292360228714,-1.6457984818445914,19
1306,pafi1,hema1,50.65512320329159,-1.6899191527806101,19
1306,pafi1,ph1,0.055845333503837004,-0.482267656550308,19
1307,paco21,hema1,63.422595502755996,-1.094023640127993,19
1307,paco21,ph1,320.1880468642413,-1.1204223903208956,19
1307,pafi1,hema1,38.446765551066505,-1.0843614704922337,19
1307,pafi1,ph1,1.5766829629925383,-1.1942334122321416,19
1308,paco21,hema1,67.17109165532598,-0.9236600159593179,19
1308,paco21,ph1,218.01775253461594,-1.046516889695083,19
1308,pafi1,hema1,24.992201200174815,-1.1010490569255063,19
1308,pafi1,ph1,0.04637483196243829,-1.0525796993964325,19
1309,paco21,hema1,70.37599546977621,-0.9625335521382057,19
1309,paco21,ph1,443.49615155314046,-1.2496507852236285,19
1309,pafi1,hema1,44.08514180799791,-1.4518849687242417,19
1309,pafi1,ph1,0.4289095732222903,-0.706789465705336,19
1310,paco21,hema1,67.58838185597374,-1.3663666232342393,19
1310,paco21,ph1,461.1234919733362,-1.5138253843373572,19
1310,pafi1,hema1,35.531649593125024,-1.578141217216821,19
1310,pafi1,ph1,10.518767696823764,-1.4826954177919907,19
1311,paco21,hema1,56.01205829403565,-0.9346145658861718,19
1311,paco21,ph1,247.35018374566135,-1.322551933239205,19
1311,pafi1,hema1,40.61785283617652,-1.1529553722201002,19
1311,pafi1,ph1,0.3033360370623916,-1.5985388358462131,19
1312,paco21,hema1,54.632465062272864,-1.0321748413175829,18
1312,paco21,ph1,293.44726455840186,-1.1254668717038638,18
1312,pafi1,hema1,26.487166491915005,-0.8152132210729431,18
1312,pafi1,ph1,1.5474818628570404,-1.7533657308444919,18
1313,paco21,hema1,47.772124281615596,-1.3769701219720534,19
1313,paco21,ph1,318.2450981754286,-1.511616747085948,19
1313,pafi1,hema1,16.697160464918774,-1.7813305697007344,19
1313,pafi1,ph1,0.27403528468836347,-0.49181275368514055,19
1314,paco21,hema1,63.616418426968956,-1.1768986024252253,19
1314,paco21,ph1,321.0642506791664,-1.3162418056657903,19
1314,pafi1,hema1,24.6815924238231,-1.546799245061303,19
1314,pafi1,ph1,3.475764768139505,-1.352393145449457,19
1315,paco21,hema1,53.0486847568734,-0.9003783281937704,19
1315,paco21,ph1,363.3928751198319,-1.134000055176497,19
1315,pafi1,hema1,26.13395034308372,-1.2780289547468393,19
1315,pafi1,ph1,5.768870658661447,-0.8579238183145952,19
1316,paco21,hema1,45.987301529873506,-1.3941777907650283,18
1316,paco21,ph1,361.6349948706499,-1.7016021198135003,18
1316,pafi1,hema1,6.245418672682154,-1.832271296508225,18
1316,pafi1,ph1,0.5723682577377022,-1.769023626775507,18
1317,paco21,hema1,47.28825852561661,-0.7189934167800484,18
1317,paco21,ph1,415.13705440797406,-1.3294241186679954,18
1317,pafi1,hema1,11.660587685035047,-1.3250794345016228,18
1317,pafi1,ph1,1.229022522973731,-1.2792347898743317,18
1318,paco21,hema1,60.70367770415092,-1.164560963278781,19
1318,paco21,ph1,216.85621718063047,-1.2671183501689687,19
1318,pafi1,hema1,22.24254354042335,-1.4617894262362658,19
1318,pafi1,ph1,0.4011946666622687,-0.8804732213043982,19
1319,paco21,hema1,41.07623428596746,-1.0695478506527185,19
1319,paco21,ph1,309.1106428205638,-1.374640963655206,19
1319,pafi1,hema1,27.314089220198216,-1.6512995513560553,19
1319,pafi1,ph1,0.17669063706313176,0.1621334142178167,19
1320,paco21,hema1,54.1876740969316,-1.2333939970756036,19
1320,paco21,ph1,255.46574412729498,-1.4758251454222244,19
1320,pafi1,hema1,16.350856703614195,-1.5606425070357213,19
1320,pafi1,ph1,4.583792687234537,-1.2856366550512648,19
1321,paco21,hema1,63.30938696727734,-0.739750081704637,19
1321,paco21,ph1,225.7944462910219,-0.9094102025558701,19
1321,pafi1,hema1,14.212321713919696,-1.0742030013120842,19
1321,pafi1,ph1,4.261466213520475,-0.848972232744763,19
1322,paco21,hema1,49.27609418485227,-1.1916792975743424,18
1322,paco21,ph1,252.52134762572587,-1.3282899761919167,18
1322,pafi1,hema1,18.477395505836093,-1.2010651905663494,18
1322,pafi1,ph1,0.00034390596909739384,-6.550830566617679,18
1323,paco21,hema1,58.1578611377583,-1.3400737067971296,19
1323,paco21,ph1,334.46765463978704,-1.6204902355094406,19
1323,pafi1,hema1,21.873283479404314,-1.4449218624155347,19
1323,pafi1,ph1,10.759814797275261,-1.668855427937913,19
1324,paco21,hema1,50.16100141238094,-1.3387990645032963,19
1324,paco21,ph1,322.48852767767374,-1.5070709866928553,19
1324,pafi1,hema1,22.9469030983397,-1.7485232037445926,19
1324,pafi1,ph1,13.493900735093815,-1.466520704597949,19
1325,paco21,hema1,54.598713369955775,-0.9237101259732055,19
1325,paco21,ph1,368.09018735223833,-1.1853499695013407,19
1325,pafi1,hema1,22.189335244652042,-1.181133672059505,19
1325,pafi1,ph1,8.821385965812782,-1.1614216236812573,19
1326,paco21,hema1,78.01133110180741,-1.4550564941303432,19
1326,paco21,ph1,243.07513394489828,-1.6442253078704387,19
1326,pafi1,hema1,26.872572829927343,-1.7978856624436956,19
1326,pafi1,ph1,0.24526532329349993,-0.8660502124730729,19
1327,paco21,hema1,37.78337377156051,-0.6331729952619046,19
1327,paco21,ph1,414.6889726107517,-1.1940784249872878,19
1327,pafi1,hema1,23.254881973462354,-1.4752672763100323,19
1327,pafi1,ph1,6.768414460966638,-1.022677948113907,19
1328,paco21,hema1,59.03576954199319,-0.6590102183514452,19
1328,paco21,ph1,313.48877520323845,-1.000067668062469,19
1328,pafi1,hema1,32.67774635938798,-1.0238792785637003,19
1328,pafi1,ph1,1.2148283050953481,-0.9079199484685849,19
1329,paco21,hema1,40.46816367695927,-1.364478603735754,19
1329,paco21,ph1,250.07506200894338,-1.5961601023230887,19
1329,pafi1,hema1,32.50381519040653,-1.599366623187428,19
1329,pafi1,ph1,3.1540116985794056,-1.5977377217896591,19
1330,paco21,hema1,78.58320200686127,-0.9633866301786683,19
1330,paco21,ph1,270.40881991986487,-1.2050947785777215,19
1330,pafi1,hema1,36.07736935632117,-1.098626696729343,19
1330,pafi1,ph1,7.568177992865563,-1.2558700621786998,19
1331,paco21,hema1,54.21399192928468,-1.4625939645908907,19
1331,paco21,ph1,224.4665467502875,-1.7053901264814544,19
1331,pafi1,hema1,32.53453560489382,-1.8236236218412019,19
1331,pafi1,ph1,0.14403106002270696,-1.732973216099165,19
1332,paco21,hema1,39.43568579494309,-1.0934659692118145,19
1332,paco21,ph1,323.25224197337747,-1.5294123504410178,19
1332,pafi1,hema1,22.6003052960981,-1.5041770218160366,19
1332,pafi1,ph1,2.3203518314210476,-1.4715576895795768,19
1333,paco21,hema1,67.66789979543921,-0.9660643304773446,19
1333,paco21,ph1,324.2430515711849,-1.0604662965005245,19
1333,pafi1,hema1,22.913734957435295,-1.2603252884874845,19
1333,pafi1,ph1,13.989552590705305,-0.8271809592501851,19
1334,paco21,hema1,50.78360679642533,-1.0469798886941872,18
1334,paco21,ph1,321.56623944565615,-1.3741158104865432,18
1334,pafi1,hema1,13.628453841442152,-1.54419101641921,18
1334,pafi1,ph1,5.89424011102525,-1.2385598714569854,18
1335,paco21,hema1,60.90726624143644,-1.3450330672770783,19
1335,paco21,ph1,425.9224992125533,-1.563705989175763,19
1335,pafi1,hema1,27.565387617332362,-1.6886397507767374,19
1335,pafi1,ph1,8.1058203235661,-1.543722821610899,19
1336,paco21,hema1,57.35180823790601,-0.7134278981875287,19
1336,paco21,ph1,332.36102854023477,-1.0099436949159983,19
1336,pafi1,hema1,28.96988871571273,-0.9431318644254891,19
1336,pafi1,ph1,9.045798825040723,-1.0112684726930083,19
1337,paco21,hema1,45.41194407149482,-0.9490171444452538,19
1337,paco21,ph1,418.6127398876522,-1.197131968853489,19
1337,pafi1,hema1,28.817418805531812,-1.1069063792064073,19
1337,pafi1,ph1,9.186797336849041,-1.1959378112789851,19
1338,paco21,hema1,69.44705481700089,-1.1861584387631254,18
1338,paco21,ph1,224.03433096025682,-1.2997028035222666,18
1338,pafi1,hema1,36.15600678148046,-1.37531171384141,18
1338,pafi1,ph1,1.2069745795457432,-1.2352672823101958,18
1339,paco21,hema1,54.62530611976894,-1.8097416464582947,19
1339,paco21,ph1,316.98983426779796,-1.972550332739363,19
1339,pafi1,hema1,34.76220877758265,-2.2313342601281443,19
1339,pafi1,ph1,4.423808045600625,-1.95881315184225,19
1340,paco21,hema1,38.541240338754854,-1.1236289895612637,18
1340,paco21,ph1,396.3797415894151,-1.4302703297903854,18
1340,pafi1,hema1,36.110138282090816,-1.5947749902706476,18
1340,pafi1,ph1,0.06764124012159559,0.8449849808229565,18
1341,paco21,hema1,37.42240673627762,-0.7704562866516186,18
1341,paco21,ph1,308.65424665494106,-0.9958204897845742,18
1341,pafi1,hema1,25.447510904183023,-1.2114615562296698,18
1341,pafi1,ph1,3.8999449770784955,-0.8862268772115297,18
1342,paco21,hema1,54.82814468809002,-1.6667440459406788,19
1342,paco21,ph1,306.967517480018,-1.8843061877236997,19
1342,pafi1,hema1,30.13263757258583,-1.833135441792353,19
1342,pafi1,ph1,3.521009338972685,-1.8772658811450966,19
1343,paco21,hema1,76.29921251770004,-1.7606263892530665,19
1343,paco21,ph1,246.45733683822024,-1.8756493176114928,19
1343,pafi1,hema1,33.915262243289845,-1.9127969300053689,19
1343,pafi1,ph1,0.2779954925526319,-1.8550919110976156,19
1344,paco21,hema1,57.17941383135204,-0.8275628198100978,19
1344,paco21,ph1,274.3998569563847,-1.2272629108730204,19
1344,pafi1,hema1,9.466213669647983,-1.5503982596141521,19
1344,pafi1,ph1,1.3528730448919772,-1.0883452587384954,19
1345,paco21,hema1,38.09770237523948,-0.6337825811478602,19
1345,paco21,ph1,417.045393630409,-0.9232219706339243,19
1345,pafi1,hema1,29.953338973653572,-1.1221520461695338,19
1345,pafi1,ph1,1.9089314562736366,-1.0587046721333835,19
1346,paco21,hema1,43.37096801639912,-1.8087392307458565,18
1346,paco21,ph1,422.34154852839157,-1.8806825438509414,18
1346,pafi1,hema1,33.72358866682746,-1.6808965441737354,18
1346,pafi1,ph1,9.115103058438663,-1.9223854138057965,18
1347,paco21,hema1,48.979997454397434,-1.0009822638420038,19
1347,paco21,ph1,414.33363371229524,-1.177522297632578,19
1347,pafi1,hema1,32.65766710891241,-1.309318092996374,19
1347,pafi1,ph1,2.583649977414795,-0.6640401493500929,19
1348,paco21,hema1,70.38688561991576,-1.8379245363721497,19
1348,paco21,ph1,266.05291824870784,-1.9479826693857465,19
1348,pafi1,hema1,30.179177519253916,-1.9475405414440405,19
1348,pafi1,ph1,0.0586886506344861,-1.7652050777684134,19
1349,paco21,hema1,30.055346776904017,-1.376691478887098,19
1349,paco21,ph1,345.1157637130411,-1.4967654441530769,19
1349,pafi1,hema1,23.616186784842753,-1.76117253824597,19
1349,pafi1,ph1,3.77844500385263,-1.117437436775108,19
1350,paco21,hema1,44.2405247903586,-1.5188889947102149,19
1350,paco21,ph1,250.37348246403317,-1.5455474921999919,19
1350,pafi1,hema1,18.52589357304037,-1.775448489326222,19
1350,pafi1,ph1,1.2239928597293046,-1.0814725975795065,19
1351,paco21,hema1,48.48883072377839,-0.7957706212382464,18
1351,paco21,ph1,399.5317507366707,-1.650378606564428,18
1351,pafi1,hema1,19.98876750686772,-2.258215702584251,18
1351,pafi1,ph1,0.006360520976270601,-12.51868141021,18
1352,paco21,hema1,97.84149958431598,-1.3956029855824867,19
1352,paco21,ph1,263.5139596884952,-1.3396351336535715,19
1352,pafi1,hema1,44.2080343021058,-1.6530782593407476,19
1352,pafi1,ph1,4.595617234515169,-1.1643797930684014,19
1353,paco21,hema1,44.87440146941305,-1.4067059807025244,19
1353,paco21,ph1,212.95468143241374,-1.4678813762200242,19
1353,pafi1,hema1,16.830118941334682,-1.6229672931345749,19
1353,pafi1,ph1,0.5987218395216355,-1.4260600267646777,19
1354,paco21,hema1,51.335547777177055,-1.3560755068487536,18
1354,paco21,ph1,332.44177633850495,-1.5228590767832513,18
1354,pafi1,hema1,21.370952175738044,-1.66648862298542,18
1354,pafi1,ph1,2.2076863601419197,-1.3527561315089631,18
1355,paco21,hema1,37.876584302171175,-1.078171795117969,19
1355,paco21,ph1,329.3130600889062,-1.3027746118865895,19
1355,pafi1,hema1,19.08210735360824,-1.3758557816234525,19
1355,pafi1,ph1,1.5371983640791986,-1.2330560631148928,19
1356,paco21,hema1,60.093202174933495,-0.7131545613945445,19
1356,paco21,ph1,254.1339109344246,-0.9166257949311234,19
1356,pafi1,hema1,29.553374903125185,-0.9640357859382628,19
1356,pafi1,ph1,0.8594086811642593,-0.6705423294635542,19
1357,paco21,hema1,38.14979212233235,-0.7167231021389011,19
1357,paco21,ph1,295.529268654311,-1.0908781167233623,19
1357,pafi1,hema1,21.767303273975628,-1.0254726589133825,19
1357,pafi1,ph1,4.606703980806014,-1.0978021792701882,19
1358,paco21,hema1,44.52790020777987,-1.6124843626309595,19
1358,paco21,ph1,411.1956380940734,-1.6147397475553018,19
1358,pafi1,hema1,26.20193803642216,-2.1031250603014344,19
1358,pafi1,ph1,2.0076778987724655,-1.0554521844398743,19
1359,paco21,hema1,71.51279032767255,-1.5000385536679113,18
1359,paco21,ph1,270.7156882764572,-1.5721994420683123,18
1359,pafi1,hema1,44.61995606186145,-1.5330773291048194,18
1359,pafi1,ph1,1.2857352067009937,-1.6541518544457972,18
1360,paco21,hema1,60.000515923578284,-0.537974496470367,18
1360,paco21,ph1,372.47374445559103,-0.6734261108469652,18
1360,pafi1,hema1,15.481392795218193,-0.9013687140648132,18
1360,pafi1,ph1,0.8811824184208543,-0.7647261522322663,18
1361,paco21,hema1,74.60782079783073,-1.237236623837142,19
1361,paco21,ph1,347.33331891037636,-1.2777418581874909,19
1361,pafi1,hema1,22.6670033421162,-1.3855795479963153,19
1361,pafi1,ph1,9.762634723040064,-1.2298476407725485,19
1362,paco21,hema1,23.18955388709298,-0.8674981146587697,18
1362,paco21,ph1,277.9023763904389,-1.5394943916778814,18
1362,pafi1,hema1,28.69940224288388,-1.4231092503914327,18
1362,pafi1,ph1,6.421950230919576,-1.5659462149053398,18
1363,paco21,hema1,71.15655033708497,-0.8957706253334654,19
1363,paco21,ph1,420.61048354105185,-1.4412616054830916,19
1363,pafi1,hema1,22.39717505355045,-1.5288833867900533,19
1363,pafi1,ph1,8.564384029024913,-1.4345095858959307,19
1364,paco21,hema1,73.12164160812306,-1.3705661469508847,19
1364,paco21,ph1,364.79075702143723,-1.4728273099086384,19
1364,pafi1,hema1,33.69273153430521,-1.5683733618122295,19
1364,pafi1,ph1,0.11265239411971449,-0.9619428527534435,19
1365,paco21,hema1,54.460253552203824,-1.1171040326100106,19
1365,paco21,ph1,389.6019738761796,-1.4049170987725905,19
1365,pafi1,hema1,25.360251964232535,-1.5347188388363213,19
1365,pafi1,ph1,4.0201459877171075,-1.3094231078271066,19
1366,paco21,hema1,44.518843942193215,-1.2729558946074342,19
1366,paco21,ph1,330.1559746373557,-1.37863043669145,19
1366,pafi1,hema1,27.813716553917065,-1.5184810997997864,19
1366,pafi1,ph1,7.455204749447167,-1.1769705716102024,19
1367,paco21,hema1,72.5251431571711,-1.2458880944487842,19
1367,paco21,ph1,419.11320038381785,-1.3038385970767166,19
1367,pafi1,hema1,27.592072868070225,-1.3497990271832492,19
1367,pafi1,ph1,3.0337791155213605,-1.246628841478439,19
1368,paco21,hema1,53.04709278359944,-1.7715217200773323,18
1368,paco21,ph1,366.9416876114901,-1.7380536668718412,18
1368,pafi1,hema1,21.180895575626764,-1.7394690266568635,18
1368,pafi1,ph1,3.2746174413371114,-1.7381258730744091,18
1369,paco21,hema1,38.94766112485146,-1.7627919237088052,19
1369,paco21,ph1,219.87767587751745,-1.763734879707995,19
1369,pafi1,hema1,17.472700887225095,-1.8559010241648077,19
1369,pafi1,ph1,0.40291848749925613,-1.2215021388730638,19
1370,paco21,hema1,76.45726565070034,-1.6936826011721753,18
1370,paco21,ph1,416.2080993766255,-1.8096720001008704,18
1370,pafi1,hema1,20.27452522277684,-1.822667241423673,18
1370,pafi1,ph1,0.8773313392478229,-1.797422736406464,18
1371,paco21,hema1,42.268078167287534,-1.21378762450694,19
1371,paco21,ph1,394.95038004309697,-1.4129814589842054,19
1371,pafi1,hema1,27.784633718804596,-1.281552859327322,19
1371,pafi1,ph1,0.005876698571276377,-5.303584684615026,19
1372,paco21,hema1,45.08980144925111,-1.1028626785100764,19
1372,paco21,ph1,326.98728767172474,-1.2591933111256763,19
1372,pafi1,hema1,23.13001513377787,-1.746129880697785,19
1372,pafi1,ph1,3.1866511844230914,-1.1388240682741222,19
1373,paco21,hema1,46.62459003245432,-1.3696978198152372,19
1373,paco21,ph1,312.18808800340025,-1.3936472105688869,19
1373,pafi1,hema1,26.304846850532815,-1.6925630981183855,19
1373,pafi1,ph1,5.246941907986306,-1.1044280962375854,19
1374,paco21,hema1,64.24550525747831,-1.2428153164505973,19
1374,paco21,ph1,330.5181780764433,-1.3293778251094333,19
1374,pafi1,hema1,29.573414272202072,-1.3072608720552166,19
1374,pafi1,ph1,0.8126215669048249,-1.3594273351346045,19
1375,paco21,hema1,44.30622054730659,-1.282298268695629,18
1375,paco21,ph1,377.3091978461936,-1.553201020690651,18
1375,pafi1,hema1,47.39001559456381,-1.539791981885219,18
1375,pafi1,ph1,2.8502629821125685,-1.5366438036430883,18
1376,paco21,hema1,53.55092730760944,-1.337701179764182,19
1376,paco21,ph1,336.6280449024374,-1.5546172241413312,19
1376,pafi1,hema1,36.480379187958995,-1.7653510970554982,19
1376,pafi1,ph1,9.664213789250985,-1.6095415407715077,19
1377,paco21,hema1,52.404622510306126,-1.6587415420277634,19
1377,paco21,ph1,290.93077538448273,-1.5381092040398887,19
1377,pafi1,hema1,34.65883193197837,-1.6723499430057955,19
1377,pafi1,ph1,1.594150440552205,-1.2365716481280677,19
1378,paco21,hema1,60.95904492939599,-1.1826398944798073,19
1378,paco21,ph1,442.9918964260188,-1.344396907992397,19
1378,pafi1,hema1,11.06992499878607,-1.2751714887518115,19
1378,pafi1,ph1,0.8292667884150223,-1.3884807435471096,19
1379,paco21,hema1,61.57952755299934,-0.8443368725806317,19
1379,paco21,ph1,251.85840677003634,-1.133852399687216,19
1379,pafi1,hema1,28.525013943240612,-0.8590612811004574,19
1379,pafi1,ph1,4.335144749373659,-1.1876117447400691,19
1380,paco21,hema1,30.395499287948727,-0.4303474003965945,19
1380,paco21,ph1,258.76357615539786,-0.8850536689917989,19
1380,pafi1,hema1,14.080826702038056,-0.5140816571686776,19
1380,pafi1,ph1,4.831211369837254,-0.8383046846406181,19
1381,paco21,hema1,49.99966498882594,-1.468032096942118,19
1381,paco21,ph1,299.99857207719884,-1.5948305949564932,19
1381,pafi1,hema1,18.73375835007787,-1.6834247627738925,19
1381,pafi1,ph1,2.328331647659499,-1.4602775834738162,19
1382,paco21,hema1,46.379772374161426,-1.0562039352359496,19
1382,paco21,ph1,339.59024807171227,-1.1395384528532948,19
1382,pafi1,hema1,29.389094501369776,-1.6307224801610964,19
1382,pafi1,ph1,0.8173603812910591,0.6288545688896067,19
1383,paco21,hema1,58.38027692478476,-1.4525513542172726,19
1383,paco21,ph1,263.4605906283467,-1.242387303970942,19
1383,pafi1,hema1,47.71346015732067,-1.296382958670561,19
1383,pafi1,ph1,4.202793830361385,-1.2050660151958041,19
1384,paco21,hema1,71.25788782503658,-1.0418077847241576,19
1384,paco21,ph1,252.449417185401,-1.3177486476915008,19
1384,pafi1,hema1,13.983275410782165,-1.6990426195162562,19
1384,pafi1,ph1,7.23409788377366,-1.4103884760605432,19
1385,paco21,hema1,30.071141076395012,-0.9356021362188799,19
1385,paco21,ph1,339.18577831378724,-1.1521288052672218,19
1385,pafi1,hema1,24.723424162969614,-1.3907618615435349,19
1385,pafi1,ph1,9.258062689521989,-1.1319057419479979,19
1386,paco21,hema1,54.747718409808165,-1.6097321645679108,19
1386,paco21,ph1,257.784260027441,-1.6982321978314778,19
1386,pafi1,hema1,30.960285128515064,-1.6698350871789969,19
1386,pafi1,ph1,0.5663956284051425,-1.7478879594070693,19
1387,paco21,hema1,41.830479117629096,-1.009556054157057,19
1387,paco21,ph1,366.2455698792467,-0.98241480149584,19
1387,pafi1,hema1,25.12769901776731,-1.01116079111384,19
1387,pafi1,ph1,0.016846207151466328,-0.4287992042303072,19
1388,paco21,hema1,33.63969519721586,-0.8519631698750869,19
1388,paco21,ph1,431.692561560102,-1.0442791065528256,19
1388,pafi1,hema1,21.44112190840503,-1.1507895392017458,19
1388,pafi1,ph1,0.501057975511997,-0.6546577019611944,19
1389,paco21,hema1,43.93051833436608,-0.9950925420638178,19
1389,paco21,ph1,268.81196102482255,-1.3409906922781405,19
1389,pafi1,hema1,22.837260298616936,-1.1019783379396515,19
1389,pafi1,ph1,7.116844693160597,-1.1936682974564319,19
1390,paco21,hema1,64.44858881313134,-1.1248203970900186,19
1390,paco21,ph1,264.810166588561,-1.2426331186908801,19
1390,pafi1,hema1,45.34865949343845,-1.4882680445305523,19
1390,pafi1,ph1,6.204510186159511,-1.1490570217453493,19
1391,paco21,hema1,58.87824089539408,-1.4651952430825526,19
1391,paco21,ph1,310.3954494160388,-1.5859519473675483,19
1391,pafi1,hema1,11.452716152783887,-1.6545190405131702,19
1391,pafi1,ph1,4.06465240433611,-1.4981801814614906,19
1392,paco21,hema1,30.043038201316755,-1.2382152487581681,19
1392,paco21,ph1,239.75678935520128,-1.3585926030746298,19
1392,pafi1,hema1,8.5020623950678,-1.676927867088916,19
1392,pafi1,ph1,0.6482322953358692,-1.3418564490039753,19
1393,paco21,hema1,31.258608813060444,-0.6745302189787965,19
1393,paco21,ph1,300.5234976072111,-0.9100267656577123,19
1393,pafi1,hema1,38.60540104504033,-1.058105494529318,19
1393,pafi1,ph1,0.5200580248654378,-0.8437767809877758,19
1394,paco21,hema1,38.62715952205394,-1.3948357529337172,19
1394,paco21,ph1,302.2607342802313,-1.5202459525254592,19
1394,pafi1,hema1,6.089677480590033,-1.7052620558519294,19
1394,pafi1,ph1,3.6215908204443954,-1.6107913049266755,19
1395,paco21,hema1,38.30291688105859,-0.9381345511910979,19
1395,paco21,ph1,345.8116779347539,-1.3942832756507024,19
1395,pafi1,hema1,20.43229992476469,-1.407488700599154,19
1395,pafi1,ph1,2.397940025342342,-1.405156791266113,19
1396,paco21,hema1,48.50478775044621,-1.233727045549339,19
1396,paco21,ph1,301.08635499051866,-1.2204150329601904,19
1396,pafi1,hema1,22.84817633730247,-1.2741719119098542,19
1396,pafi1,ph1,0.0015868098698255506,-2.0902586802218424,19
1397,paco21,hema1,41.59758054646238,-1.6332786983320167,19
1397,paco21,ph1,272.30269149083324,-1.6132268623390933,19
1397,pafi1,hema1,21.86886727670931,-1.6484584513899276,19
1397,pafi1,ph1,0.01810412582120197,-2.2480123380529973,19
1398,paco21,hema1,71.59240864754148,-1.3698082144963661,19
1398,paco21,ph1,284.92251022728254,-1.5121329856772887,19
1398,pafi1,hema1,32.68190056910704,-1.6808233752381834,19
1398,pafi1,ph1,0.29954763301827825,-0.4461411822645404,19
1399,paco21,hema1,55.02499841453542,-0.9858982961621126,19
1399,paco21,ph1,476.49755147417096,-1.304551659900429,19
1399,pafi1,hema1,33.04814913404851,-1.3084418000948437,19
1399,pafi1,ph1,11.04967955169739,-1.2820310315901715,19
1400,paco21,hema1,45.81870586200943,-1.0681883755708155,19
1400,paco21,ph1,425.6980905741276,-1.2821979685784088,19
1400,pafi1,hema1,41.64107614205926,-1.3562725502177573,19
1400,pafi1,ph1,10.923411315616892,-1.2715758971142914,19
1401,paco21,hema1,48.77781461350717,-1.1701385833862787,19
1401,paco21,ph1,295.19455504922655,-1.2949740794765505,19
1401,pafi1,hema1,34.43970025587492,-1.1744845223810945,19
1401,pafi1,ph1,0.5415208400172241,-1.4243857470628773,19
1402,paco21,hema1,61.62594969783618,-1.7512392244534136,19
1402,paco21,ph1,290.4476344881211,-1.9476803813110708,19
1402,pafi1,hema1,41.52640931079358,-2.0260691464533953,19
1402,pafi1,ph1,6.91092635911423,-1.7619147381993085,19
1403,paco21,hema1,28.61263683642074,-1.1846830658177254,19
1403,paco21,ph1,371.29977402831037,-1.6134247044169445,19
1403,pafi1,hema1,18.653177606416268,-1.7901034105635638,19
1403,pafi1,ph1,0.8965218987943266,-1.1894619055754925,19
1404,paco21,hema1,44.25077437463646,-1.4486772262010512,18
1404,paco21,ph1,286.68051076640796,-1.7532230763583736,18
1404,pafi1,hema1,7.015109843175618,-2.1867074893217158,18
1404,pafi1,ph1,1.8609953591797095,-1.3416921878093824,18
1405,paco21,hema1,64.21960696623083,-0.7017298763126556,18
1405,paco21,ph1,331.0897500776177,-0.9453274890436651,18
1405,pafi1,hema1,24.160663853316326,-0.8383344126310585,18
1405,pafi1,ph1,4.204454450252931,-1.0372328238057953,18
1406,paco21,hema1,47.863673229940915,-1.2058042454383209,19
1406,paco21,ph1,321.8983644081288,-1.3296036551355113,19
1406,pafi1,hema1,15.393865830352471,-1.3288221860535065,19
1406,pafi1,ph1,5.264414989788169,-1.3196132121945636,19
1407,paco21,hema1,46.31877892592867,-1.1039390212116056,19
1407,paco21,ph1,312.1296320286548,-1.2308630719243527,19
1407,pafi1,hema1,37.85206199302267,-1.1294968607814635,19
1407,pafi1,ph1,0.4753948791446879,-1.6398256002141425,19
1408,paco21,hema1,42.81451659253518,-1.135813554515494,19
1408,paco21,ph1,435.92095115757604,-1.4010173575706857,19
1408,pafi1,hema1,15.879236138316259,-1.4208985283246032,19
1408,pafi1,ph1,1.6320698390213906,-1.4123584113618501,19
1409,paco21,hema1,35.24233283104827,-1.102414147787961,19
1409,paco21,ph1,397.0084169822762,-1.1280838914208369,19
1409,pafi1,hema1,19.33918839889416,-1.1478448741822411,19
1409,pafi1,ph1,1.1480934866913404,-1.0241576210661236,19
1410,paco21,hema1,39.5499907700575,-0.9895746353604414,19
1410,paco21,ph1,400.2587274108298,-1.2099392078413205,19
1410,pafi1,hema1,26.76003712791417,-1.2600777871447106,19
1410,pafi1,ph1,0.2532304622698906,-1.2809633416460806,19
1411,paco21,hema1,57.09516845339885,-0.9678824270696635,19
1411,paco21,ph1,411.8418440612592,-1.1512519204735108,19
1411,pafi1,hema1,27.713203806781816,-1.2730989457386315,19
1411,pafi1,ph1,2.909928874751199,-0.7781543196718758,19
1412,paco21,hema1,36.948758940865076,-1.235823395902297,19
1412,paco21,ph1,353.0870206223891,-1.510014560742638,19
1412,pafi1,hema1,35.46787516115987,-1.503100956443049,19
1412,pafi1,ph1,0.4508437303186099,-1.2010610101517227,19
1413,paco21,hema1,51.96223007646972,-1.2928584875855496,19
1413,paco21,ph1,251.22646309856356,-1.4345370672580937,19
1413,pafi1,hema1,16.436091356546196,-1.678553845540492,19
1413,pafi1,ph1,4.981114057709924,-1.4886313793143273,19
1414,paco21,hema1,52.318407441693495,-1.190143340145863,19
1414,paco21,ph1,373.00413963899035,-1.3985438192471813,19
1414,pafi1,hema1,20.60551951709685,-1.3286959293917076,19
1414,pafi1,ph1,1.1072048724253762,-1.4547140757765495,19
1415,paco21,hema1,64.47978534448887,-1.3732276507708792,19
1415,paco21,ph1,432.9049484528418,-1.5481636367280907,19
1415,pafi1,hema1,20.292622520243693,-1.763279374559564,19
1415,pafi1,ph1,5.004232786262046,-1.4744264253928165,19
1416,paco21,hema1,34.236962739928195,-0.6633599370921928,19
1416,paco21,ph1,298.1381901537168,-1.0705403620414493,19
1416,pafi1,hema1,8.918212725075058,-0.9431016067228768,19
1416,pafi1,ph1,2.0005704438110037,-1.1120100031901805,19
1417,paco21,hema1,46.28355698335088,-0.48130244911380443,19
1417,paco21,ph1,393.5166063145587,-0.9948981099276052,19
1417,pafi1,hema1,20.915011979839186,-1.0888334291640955,19
1417,pafi1,ph1,0.1575187595306371,-0.9169117762333296,19
1418,paco21,hema1,62.51180031343346,-1.2887011824042411,19
1418,paco21,ph1,409.3603755800685,-1.5891990268069929,19
1418,pafi1,hema1,34.098251052578604,-1.4100503016157604,19
1418,pafi1,ph1,1.729831739937534,-1.6919271649729217,19
1419,paco21,hema1,50.237016344413526,-1.2073902579106532,19
1419,paco21,ph1,310.5360769267452,-1.4660790508801642,19
1419,pafi1,hema1,24.9252328755103,-1.577710610399186,19
1419,pafi1,ph1,0.8644029604645286,-1.500128547149556,19
1420,paco21,hema1,55.19311715350914,-1.1897655389484703,19
1420,paco21,ph1,328.91137996145557,-1.30907020370402,19
1420,pafi1,hema1,24.73711795342556,-1.3421774929175687,19
1420,pafi1,ph1,7.509515419079248,-1.3150763405041845,19
1421,paco21,hema1,53.992177174161974,-0.5827600205814165,19
1421,paco21,ph1,263.8109082441876,-0.8851458949840958,19
1421,pafi1,hema1,28.998734754746977,-0.9456896556814873,19
1421,pafi1,ph1,6.162960822582363,-0.8572787557436483,19
1422,paco21,hema1,38.53086900427541,-0.5939952400178836,19
1422,paco21,ph1,284.97147575366256,-1.0168893108928243,19
1422,pafi1,hema1,26.768749958247042,-1.1095826730107825,19
1422,pafi1,ph1,0.8533197829291553,-0.8190412690061096,19
1423,paco21,hema1,77.15276589847274,-1.411245355688363,19
1423,paco21,ph1,222.4718078694771,-1.5083362571231398,19
1423,pafi1,hema1,27.68669550479365,-1.4815294863486257,19
1423,pafi1,ph1,9.312863409303313,-1.4820702285958562,19
1424,paco21,hema1,78.7153926803005,-1.122472811946313,19
1424,paco21,ph1,394.4859059761948,-1.2967290131589648,19
1424,pafi1,hema1,13.789000827862218,-1.4023208167691132,19
1424,pafi1,ph1,13.220848041273841,-1.2964342881028263,19
1425,paco21,hema1,24.27442769482585,-1.0079253675112771,18
1425,paco21,ph1,323.8920491555412,-1.0820556895181426,18
1425,pafi1,hema1,29.71032752941797,-0.9744787756827875,18
1425,pafi1,ph1,9.729943988912943,-1.1176561444129063,18
1426,paco21,hema1,60.42734479619758,-1.5166271685687291,18
1426,paco21,ph1,346.9802105596717,-1.6646608026741267,18
1426,pafi1,hema1,13.650690781300147,-1.8332851064599123,18
1426,pafi1,ph1,0.5164784517477732,-1.7274629283050538,18
1427,paco21,hema1,41.12671434324785,-1.6352301910554035,19
1427,paco21,ph1,270.2421803303391,-1.5600155363600927,19
1427,pafi1,hema1,26.906469177990743,-1.5526530484868193,19
1427,pafi1,ph1,4.246231650489897,-1.5598882173463686,19
1428,paco21,hema1,68.08123728809915,-0.9137243892501269,19
1428,paco21,ph1,232.6701272921111,-1.0328946870742655,19
1428,pafi1,hema1,24.015312716915428,-1.1531186755134557,19
1428,pafi1,ph1,0.6816758519775696,-1.0595508096591761,19
1429,paco21,hema1,55.70610763452206,-1.7370816237425466,19
1429,paco21,ph1,321.4543771556931,-1.8554817474578493,19
1429,pafi1,hema1,28.990040533941674,-1.848498060402251,19
1429,pafi1,ph1,0.8430425424197965,-1.838548128754594,19
1430,paco21,hema1,61.236080745346335,-1.512226294542728,18
1430,paco21,ph1,287.73921178011733,-1.5516652123203478,18
1430,pafi1,hema1,37.184625705640904,-1.7751912987854588,18
1430,pafi1,ph1,3.7342684171107026,-1.349990820936174,18
1431,paco21,hema1,53.39366946922582,-0.8796375523091063,19
1431,paco21,ph1,336.47660947219555,-1.142087641667907,19
1431,pafi1,hema1,39.97596059645066,-1.0413692791345353,19
1431,pafi1,ph1,1.7228385514823037,-1.2545347730426266,19
1432,paco21,hema1,63.61226367469934,-1.1791488246836157,19
1432,paco21,ph1,402.86352652143364,-1.1930541771120822,19
1432,pafi1,hema1,25.332957740929995,-1.2537045440073766,19
1432,pafi1,ph1,6.000317851825763,-1.1252646488760378,19
1433,paco21,hema1,48.82944843657549,-1.6342347196419895,19
1433,paco21,ph1,334.73356941711165,-1.8784975064222642,19
1433,pafi1,hema1,29.514865138503247,-1.9680019753088185,19
1433,pafi1,ph1,3.412087427257853,-1.8852382974908544,19
1434,paco21,hema1,46.37361078253312,-0.583316237930482,18
1434,paco21,ph1,250.65775865981834,-1.0550508361109423,18
1434,pafi1,hema1,32.36640010054586,-1.1212446634221733,18
1434,pafi1,ph1,1.8038759277473366,-0.7708403698004576,18
1435,paco21,hema1,43.34302537242653,-1.1827925293142652,18
1435,paco21,ph1,371.91506059148713,-1.3933931108374746,18
1435,pafi1,hema1,24.096587566630102,-1.4054763818438898,18
1435,pafi1,ph1,16.896645039324945,-1.4031979604276867,18
1436,paco21,hema1,71.11038379619217,-1.4464522822033683,18
1436,paco21,ph1,314.014980307725,-1.499256831441832,18
1436,pafi1,hema1,21.670532376205664,-1.7108038456841512,18
1436,pafi1,ph1,5.944543043540505,-1.6920722127730077,18
1437,paco21,hema1,55.23165354832133,-1.0781205728077925,19
1437,paco21,ph1,267.14812525692,-1.322020614545841,19
1437,pafi1,hema1,21.155762088830205,-1.7194341382261717,19
1437,pafi1,ph1,4.565454240034421,-1.3410385509918499,19
1438,paco21,hema1,62.56329304312468,-1.1231457902804158,19
1438,paco21,ph1,270.35265129115805,-1.2663258585176598,19
1438,pafi1,hema1,24.52813745690977,-1.3728277659961121,19
1438,pafi1,ph1,18.433938801305008,-1.3450217659433992,19
1439,paco21,hema1,44.61058176306562,-0.9804330573493928,19
1439,paco21,ph1,309.78319218694145,-1.4121847419251872,19
1439,pafi1,hema1,26.18140283493656,-1.5790963286087178,19
1439,pafi1,ph1,4.773153247257457,-1.4259048948912725,19
1440,paco21,hema1,29.969955963735796,-0.9018869204195147,19
1440,paco21,ph1,251.01782967769378,-1.0393328580562824,19
1440,pafi1,hema1,27.607797766315016,-0.9957415637547438,19
1440,pafi1,ph1,0.24291406379202882,-1.0131754036006335,19
1441,paco21,hema1,39.72473767377405,-0.996739388510296,19
1441,paco21,ph1,440.06741965010116,-1.553343170990135,19
1441,pafi1,hema1,13.776559098076744,-1.8698662642499067,19
1441,pafi1,ph1,1.9468557713243726,-1.5394620263472034,19
1442,paco21,hema1,51.171137959626684,-1.1828479019862035,19
1442,paco21,ph1,314.5341916043752,-1.2209866885292673,19
1442,pafi1,hema1,20.04364969073114,-1.2412694020490003,19
1442,pafi1,ph1,0.9841020080083488,-1.176797479198126,19
1443,paco21,hema1,49.74106659354735,-1.0789783975115108,19
1443,paco21,ph1,338.84522464339767,-1.4182537085866533,19
1443,pafi1,hema1,28.541609093270758,-1.6921711343175916,19
1443,pafi1,ph1,4.312402494567356,-1.2353625755116544,19
1444,paco21,hema1,63.72001798668182,-1.2277654717950721,19
1444,paco21,ph1,458.89976521345164,-1.299867844270802,19
1444,pafi1,hema1,17.94160276511672,-1.6168624714936821,19
1444,pafi1,ph1,5.067945293038755,-1.2214324302056856,19
1445,paco21,hema1,51.001631897610615,-1.2997016482017174,19
1445,paco21,ph1,447.35202385913084,-1.4728733698428544,19
1445,pafi1,hema1,18.240996569054104,-1.704538204138653,19
1445,pafi1,ph1,0.13569248478531484,-2.137061725773577,19
1446,paco21,hema1,27.772525619280675,-1.0053904037835188,19
1446,paco21,ph1,201.34464112781126,-1.4532067412689706,19
1446,pafi1,hema1,16.506871675867245,-1.3818478808277734,19
1446,pafi1,ph1,7.736145781581719,-1.4498693828363487,19
1447,paco21,hema1,39.255079188193925,-1.2238428601315203,18
1447,paco21,ph1,189.34590943789993,-1.28970681123287,18
1447,pafi1,hema1,34.30712468711919,-1.368960337140264,18
1447,pafi1,ph1,0.07471174260702586,0.27600278233363723,18
1448,paco21,hema1,55.613398095606,-1.3027442812686583,19
1448,paco21,ph1,298.8595776421228,-1.4352102703624794,19
1448,pafi1,hema1,20.455116635699067,-1.570896574471085,19
1448,pafi1,ph1,1.7046496945481477,-1.1339711358595392,19
1449,paco21,hema1,62.22951070693644,-1.1339852753502648,19
1449,paco21,ph1,232.54331943096818,-1.3194510341700567,19
1449,pafi1,hema1,29.205440919680225,-1.2797095954754074,19
1449,pafi1,ph1,11.50901426288973,-1.3208198821941612,19
1450,paco21,hema1,52.71967285593989,-0.8513680305492469,18
1450,paco21,ph1,298.6112146563594,-1.0986944971655734,18
1450,pafi1,hema1,24.820681521885213,-1.376219042692434,18
1450,pafi1,ph1,0.9334847098866503,-0.5699584546960519,18
1451,paco21,hema1,76.4109832467118,-1.3745269179305113,18
1451,paco21,ph1,304.5341928201005,-1.5187700107789845,18
1451,pafi1,hema1,28.391816231173074,-1.472092534833962,18
1451,pafi1,ph1,0.8300848315620489,-1.5601704311821285,18
1452,paco21,hema1,52.8671199725288,-1.2921312571199846,19
1452,paco21,ph1,432.4203323105451,-1.390106121179833,19
1452,pafi1,hema1,38.19803313478311,-1.2741283045255036,19
1452,pafi1,ph1,1.299172997201527,-1.6860147600273923,19
1453,paco21,hema1,59.180055125609236,-0.618044626311181,19
1453,paco21,ph1,356.86944506823164,-0.8016467605849246,19
1453,pafi1,hema1,33.103298153276405,-0.9661411793937952,19
1453,pafi1,ph1,7.113633903769756,-0.825426530602961,19
1454,paco21,hema1,35.22006393283779,-1.649214345306813,19
1454,paco21,ph1,285.32489809255446,-1.7629931996668244,19
1454,pafi1,hema1,6.830997309206578,-1.6971056790163228,19
1454,pafi1,ph1,0.06473698857144188,-1.6806889843053912,19
1455,paco21,hema1,47.14924441929611,-0.8304664651317651,19
1455,paco21,ph1,401.511127889256,-0.9807022032309134,19
1455,pafi1,hema1,20.76722462705205,-0.8318747398891244,19
1455,pafi1,ph1,3.2345440416477462,-1.1490263802862444,19
1456,paco21,hema1,43.35377794428292,-1.2109939527522842,19
1456,paco21,ph1,225.017379240917,-1.5565166715425103,19
1456,pafi1,hema1,31.16427583732679,-1.9144890243256865,19
1456,pafi1,ph1,0.03212848781653307,-1.5357813875484398,19
1457,paco21,hema1,49.26456284698985,-0.8885257748272197,19
1457,paco21,ph1,383.24673441457577,-1.1631773117096729,19
1457,pafi1,hema1,28.17036039456149,-1.2972973597350406,19
1457,pafi1,ph1,1.0684419584289568,-1.1037579577371193,19
1458,paco21,hema1,52.32217702193045,-0.6120899010004424,19
1458,paco21,ph1,224.74212543650586,-0.8266474388425404,19
1458,pafi1,hema1,13.192068772438004,-0.6776937302307544,19
1458,pafi1,ph1,0.17455099320016204,-1.2985032892093733,19
1459,paco21,hema1,44.841577553096876,-0.8272539420994278,18
1459,paco21,ph1,329.2510352877911,-1.2981024391715978,18
1459,pafi1,hema1,13.805743806449389,-1.5030492571669367,18
1459,pafi1,ph1,0.6527149787328161,-0.4847140514140527,18
1460,paco21,hema1,47.34202567319217,-0.4515432135138009,19
1460,paco21,ph1,228.68712367369864,-0.8995576324848887,19
1460,pafi1,hema1,22.115098906107175,-1.1538058701011957,19
1460,pafi1,ph1,5.533825358052852,-0.9257917515311934,19
1461,paco21,hema1,43.073224698374666,-0.8240621534826901,19
1461,paco21,ph1,401.64538619940186,-0.9244194118525008,19
1461,pafi1,hema1,39.60263964321073,-1.082814602217474,19
1461,pafi1,ph1,0.0942310122195471,-0.17851809345622166,19
1462,paco21,hema1,62.46088494352419,-0.93636145422997,19
1462,paco21,ph1,325.6397389707486,-1.1464428624301624,19
1462,pafi1,hema1,12.601696044994736,-1.6557681405038407,19
1462,pafi1,ph1,2.9147838360841667,-0.6862778198439398,19
1463,paco21,hema1,57.668148402255646,-1.4066122716843723,19
1463,paco21,ph1,412.56066055526907,-1.5407537922367183,19
1463,pafi1,hema1,19.617595040967373,-1.6826130981650127,19
1463,pafi1,ph1,1.4619429333564695,-1.3694245029639827,19
1464,paco21,hema1,46.58907372148851,-1.6541860141171392,19
1464,paco21,ph1,274.50973681556553,-1.76998417528347,19
1464,pafi1,hema1,18.047995765953104,-1.9766313780310563,19
1464,pafi1,ph1,5.3346946510532,-1.5162213144329397,19
1465,paco21,hema1,55.11116547094122,-1.3601247043849327,18
1465,paco21,ph1,412.3317626388338,-1.4494936709581976,18
1465,pafi1,hema1,53.84420677888636,-1.6055423648717786,18
1465,pafi1,ph1,1.3037158685201011,-1.280153906303352,18
1466,paco21,hema1,42.70380861492909,-1.1766809769371,19
1466,paco21,ph1,298.59682251794976,-1.2991008332331988,19
1466,pafi1,hema1,21.52910936496369,-1.2976923152041548,19
1466,pafi1,ph1,0.019367148622123024,-1.1712434884652057,19
1467,paco21,hema1,42.88600925283203,-1.448021107122163,19
1467,paco21,ph1,236.94564955555754,-1.57965388005333,19
1467,pafi1,hema1,15.126556834458919,-1.4958437476871405,19
1467,pafi1,ph1,5.663634063137969,-1.6040517294703436,19
1468,paco21,hema1,64.40571138766857,-1.1687909829984326,19
1468,paco21,ph1,308.029164357409,-1.404147690060942,19
1468,pafi1,hema1,29.851132513391427,-1.4376692834916087,19
1468,pafi1,ph1,4.014012840019711,-1.3913697556597684,19
1469,paco21,hema1,50.74997557579569,-1.4603050567837945,19
1469,paco21,ph1,294.82414304220794,-1.6037599561414213,19
1469,pafi1,hema1,8.960724219809553,-1.900438567228872,19
1469,pafi1,ph1,0.4238822954989546,-2.2730249721996176,19
1470,paco21,hema1,50.1216326101964,-1.0692556542969953,18
1470,paco21,ph1,417.10510213437914,-1.2166032334354469,18
1470,pafi1,hema1,36.039182927255744,-1.2974623069885778,18
1470,pafi1,ph1,1.1183386117902323,-0.8191517625188027,18
1471,paco21,hema1,26.043032277951546,-1.3513811413443648,19
1471,paco21,ph1,300.7331878262909,-1.3776016399258093,19
1471,pafi1,hema1,45.43845030065202,-1.3805260525872927,19
1471,pafi1,ph1,0.0579488156745892,-1.4530974019078577,19
1472,paco21,hema1,37.607946093149096,-1.1644854101720372,19
1472,paco21,ph1,402.71875316710094,-1.462986757615766,19
1472,pafi1,hema1,15.941008586705635,-1.3440062754186712,19
1472,pafi1,ph1,0.14648862139271135,-1.4961662482225133,19
1473,paco21,hema1,46.523117953777714,-1.3530202682496657,19
1473,paco21,ph1,318.6861033460421,-1.8138136131012481,19
1473,pafi1,hema1,27.994696105063415,-1.6506304369979743,19
1473,pafi1,ph1,12.414113632831938,-1.7957486279684627,19
1474,paco21,hema1,58.31477826315697,-1.2854558682855304,19
1474,paco21,ph1,389.72378474364825,-1.4400371305335131,19
1474,pafi1,hema1,25.09485218789271,-1.5034276157754938,19
1474,pafi1,ph1,1.202558234763568,-1.3157447425419908,19
1475,paco21,hema1,45.686843926043984,-1.3983656748694377,19
1475,paco21,ph1,322.0338800322595,-1.6564948206790635,19
1475,pafi1,hema1,16.339170075488653,-1.9926883390600905,19
1475,pafi1,ph1,0.34522712478310325,-2.033990880557142,19
1476,paco21,hema1,55.65012243515357,-0.7872641880109233,19
1476,paco21,ph1,367.46621764989527,-1.0456433194463188,19
1476,pafi1,hema1,24.00028553260319,-1.3807607619931186,19
1476,pafi1,ph1,3.2368118903275684,-0.7276667980658746,19
1477,paco21,hema1,73.08189666960185,-1.1057333588553653,19
1477,paco21,ph1,380.44516417937956,-1.3183927779876192,19
1477,pafi1,hema1,9.527297861664737,-1.615315064850633,19
1477,pafi1,ph1,0.5717749068135506,-1.375745103590327,19
1478,paco21,hema1,25.91368967973144,-1.1499407969940958,19
1478,paco21,ph1,334.74003723848233,-1.2875185920837202,19
1478,pafi1,hema1,19.28832676616407,-1.3567281522014671,19
1478,pafi1,ph1,4.880415889238933,-1.2507647778430422,19
1479,paco21,hema1,56.49885048245592,-1.4419410085087667,19
1479,paco21,ph1,390.2507496976662,-1.5028089287544786,19
1479,pafi1,hema1,25.017076284654763,-1.5277612540876928,19
1479,pafi1,ph1,0.9123220019509669,-1.5234937515320157,19
1480,paco21,hema1,31.898183956030923,-1.7238413056891873,19
1480,paco21,ph1,324.06754001610994,-1.813101649197012,19
1480,pafi1,hema1,10.026408832384215,-2.144085601714342,19
1480,pafi1,ph1,2.8357739431785327,-1.3819708107001742,19
1481,paco21,hema1,26.41936614826575,-0.6803898534052918,19
1481,paco21,ph1,343.2809607715242,-0.8973890762457507,19
1481,pafi1,hema1,21.830436434501838,-0.831506093605466,19
1481,pafi1,ph1,0.5279499090392596,-0.9567138581408595,19
1482,paco21,hema1,58.58993018183253,-1.1951312575177642,19
1482,paco21,ph1,347.0633793420545,-1.3345201615719469,19
1482,pafi1,hema1,33.08241695639549,-1.543423954433491,19
1482,pafi1,ph1,1.3929278715596374,-1.9016180433807124,19
1483,paco21,hema1,69.2473217446194,-0.6756928996259056,19
1483,paco21,ph1,235.7278459303586,-0.7121297284422378,19
1483,pafi1,hema1,27.85152369922277,-0.7094841891431105,19
1483,pafi1,ph1,2.6723462471801747,-0.7115030667596438,19
1484,paco21,hema1,45.81358843654915,-0.7989058682581703,19
1484,paco21,ph1,301.20210099909343,-0.9509679866982519,19
1484,pafi1,hema1,41.48736364506631,-1.006495786590744,19
1484,pafi1,ph1,0.17801916283070024,-0.6072484645023083,19
1485,paco21,hema1,64.40522030095593,-1.0595685814262252,18
1485,paco21,ph1,261.8519812088223,-1.2256654422836373,18
1485,pafi1,hema1,23.452089061562624,-1.3529216654244218,18
1485,pafi1,ph1,1.959992058987516,-0.937305281066005,18
1486,paco21,hema1,55.254845516799534,-0.8380698336078591,19
1486,paco21,ph1,250.06946152170227,-1.1682962865601958,19
1486,pafi1,hema1,21.93610005022603,-1.3284812027276691,19
1486,pafi1,ph1,4.617103849252947,-1.1442636137715385,19
1487,paco21,hema1,58.20625234862397,-0.7088867028465711,18
1487,paco21,ph1,327.68055678364345,-0.9697127270946376,18
1487,pafi1,hema1,10.977621785514712,-0.8889444103993492,18
1487,pafi1,ph1,2.800453367411129,-0.9866349350841594,18
1488,paco21,hema1,32.837345606855166,-1.347572973985738,19
1488,paco21,ph1,215.24669994560423,-1.2893223118414792,19
1488,pafi1,hema1,35.04682577919372,-1.5937890798282515,19
1488,pafi1,ph1,1.9080892951685855,-0.7811925946895167,19
1489,paco21,hema1,64.6495253295326,-1.0917179231570542,19
1489,paco21,ph1,415.3688390160952,-1.1898356923080735,19
1489,pafi1,hema1,28.516339406365603,-1.1428715485930263,19
1489,pafi1,ph1,0.03538663395084474,-1.5644551142089476,19
1490,paco21,hema1,46.047162023830936,-1.2289126386707554,19
1490,paco21,ph1,375.9160783449161,-1.4811150057571556,19
1490,pafi1,hema1,13.880033593507212,-1.5563698167405917,19
1490,pafi1,ph1,0.1955811525036586,-1.804947251077006,19
1491,paco21,hema1,54.62256123173347,-1.08870572411506,19
1491,paco21,ph1,312.1699125945311,-1.3199254380673529,19
1491,pafi1,hema1,26.21041710219279,-1.4838468901709505,19
1491,pafi1,ph1,6.910161311333846,-1.2644311220662956,19
1492,paco21,hema1,62.9610025111072,-1.0410715932250392,19
1492,paco21,ph1,413.4920403146326,-1.273691542438717,19
1492,pafi1,hema1,36.51831443606282,-1.2012097699665676,19
1492,pafi1,ph1,1.5644046526629716,-1.3654625731079337,19
1493,paco21,hema1,58.07807959908314,-0.7706853995147005,19
1493,paco21,ph1,397.7502166553577,-1.1520472714219878,19
1493,pafi1,hema1,9.146914892935373,-1.1611191225582258,19
1493,pafi1,ph1,0.7783545085517167,-1.147590876156962,19
1494,paco21,hema1,35.71890082658634,-0.9820082311839159,19
1494,paco21,ph1,476.9324479209085,-1.2297930901407979,19
1494,pafi1,hema1,7.794998861971826,-0.9747966891787196,19
1494,pafi1,ph1,9.638789026948537,-1.2695001091302507,19
1495,paco21,hema1,63.63556103096554,-1.3544528141826235,19
1495,paco21,ph1,300.55621395029726,-1.5783247788529122,19
1495,pafi1,hema1,30.928099264356373,-1.4568441131294776,19
1495,pafi1,ph1,0.04480383002559665,-2.6343732164389624,19
1496,paco21,hema1,70.89339708024949,-1.0208616237399868,19
1496,paco21,ph1,329.4807674564796,-1.1084129875556474,19
1496,pafi1,hema1,25.780775520215247,-1.2354187710385918,19
1496,pafi1,ph1,6.310467751987999,-1.1020720142685314,19
1497,paco21,hema1,46.72155258805104,-1.144611943244062,19
1497,paco21,ph1,424.3806498314279,-1.3202002991960868,19
1497,pafi1,hema1,11.563226999224932,-1.300644052623365,19
1497,pafi1,ph1,1.8782887286054069,-1.3202360377867919,19
1498,paco21,hema1,48.27183788977504,-1.284475763517207,19
1498,paco21,ph1,289.7527146711402,-1.5306783000962556,19
1498,pafi1,hema1,31.380102136751116,-1.674549595729927,19
1498,pafi1,ph1,1.2996935209666478,-1.5246135728027757,19
1499,paco21,hema1,49.00901863705201,-1.080942915833709,19
1499,paco21,ph1,338.316824019663,-1.0717092898460499,19
1499,pafi1,hema1,36.403946331801144,-1.6118229367674162,19
1499,pafi1,ph1,4.307813558688262,-1.0356850763518342,19
1500,paco21,hema1,53.99338118646834,-0.926746848461075,19
1500,paco21,ph1,387.275118172268,-1.270619368891467,19
1500,pafi1,hema1,19.367237300416907,-0.9933563772814987,19
1500,pafi1,ph1,13.513272254299574,-1.4310364169661975,19
1501,paco21,hema1,40.19216595419496,-0.9726534908875533,19
1501,paco21,ph1,255.08399212955868,-1.2751060737918707,19
1501,pafi1,hema1,21.82175089236106,-1.1206009458180854,19
1501,pafi1,ph1,3.71396613021984,-1.3234113309142457,19
1502,paco21,hema1,54.75819937482485,-1.036459440733263,19
1502,paco21,ph1,209.3443223381063,-1.0093633756959761,19
1502,pafi1,hema1,23.905309521913473,-0.9877018038615529,19
1502,pafi1,ph1,0.8829649119609305,-1.014219249076591,19
1503,paco21,hema1,22.49225940712774,-0.7746919146430266,19
1503,paco21,ph1,324.9994301241605,-1.002971188240305,19
1503,pafi1,hema1,26.544892005360094,-1.0329658528307017,19
1503,pafi1,ph1,4.237028361200173,-0.9563242652143404,19
1504,paco21,hema1,43.68809526484485,-1.090103271035579,18
1504,paco21,ph1,250.81156631962966,-1.4081981966106372,18
1504,pafi1,hema1,21.915556783824982,-1.3377948143143585,18
1504,pafi1,ph1,0.01111865753274988,-1.04787761407433,18
1505,paco21,hema1,28.3605159508119,-0.9818412951327247,19
1505,paco21,ph1,347.1843309651948,-1.0802526392195833,19
1505,pafi1,hema1,26.661139358811557,-1.1148552176232598,19
1505,pafi1,ph1,7.563400961484601,-1.1081059639695672,19
1506,paco21,hema1,60.51659698094354,-1.472936833738348,19
1506,paco21,ph1,436.8862597739392,-1.6388166822665753,19
1506,pafi1,hema1,25.80020161504573,-1.8307884688707732,19
1506,pafi1,ph1,7.612038771465412,-1.6571725395747074,19
1507,paco21,hema1,68.45258605119314,-1.2803746640795008,19
1507,paco21,ph1,403.90134490963743,-1.442964958212661,19
1507,pafi1,hema1,57.01222163255187,-1.453953005055285,19
1507,pafi1,ph1,3.8606467462328853,-1.3877005360229393,19
1508,paco21,hema1,56.77262994104969,-1.3310193379175854,19
1508,paco21,ph1,318.16264832337373,-1.469087673646124,19
1508,pafi1,hema1,28.97292039331416,-1.396007721835906,19
1508,pafi1,ph1,11.223217069328987,-1.4852168433802837,19
1509,paco21,hema1,61.56347141542883,-1.0230846439884007,19
1509,paco21,ph1,380.0451843356413,-1.2246366471100023,19
1509,pafi1,hema1,32.17494862974279,-1.3393422480178716,19
1509,pafi1,ph1,1.6460428702142944,-1.0597339982834408,19
1510,paco21,hema1,46.81914595169356,-0.3564477839200672,19
1510,paco21,ph1,422.39309594076434,-0.7596452362754441,19
1510,pafi1,hema1,32.99398223955906,-1.191896594567047,19
1510,pafi1,ph1,3.5312594328120306,-0.5805593101466731,19
1511,paco21,hema1,66.07818359623576,-0.7662455619949415,19
1511,paco21,ph1,330.1660207226835,-0.9357138024582402,19
1511,pafi1,hema1,33.702596511601335,-1.1522691148972202,19
1511,pafi1,ph1,4.219614917122825,-0.7986616820090242,19
1512,paco21,hema1,41.34253544451836,-0.9601939149767545,19
1512,paco21,ph1,291.8584355156152,-1.1802465524691679,19
1512,pafi1,hema1,28.930678302737373,-1.0586385267005396,19
1512,pafi1,ph1,0.22958807924296754,-1.6238721924031747,19
1513,paco21,hema1,50.68903422216835,-1.042526880478328,18
1513,paco21,ph1,453.19155075863216,-1.0917984628103115,18
1513,pafi1,hema1,31.51726786293811,-0.926304597989543,18
1513,pafi1,ph1,7.861446274332352,-1.2034200400228954,18
1514,paco21,hema1,38.308644330146706,-1.1987039927017047,19
1514,paco21,ph1,334.0534871095142,-1.6776948112224506,19
1514,pafi1,hema1,21.97949706852239,-1.3270833034105962,19
1514,pafi1,ph1,15.509719094065089,-1.6958932446971067,19
1515,paco21,hema1,63.057921421258754,-1.0170375063799397,18
1515,paco21,ph1,341.5551943327992,-1.236947327373787,18
1515,pafi1,hema1,28.98847545734653,-1.1012818515009866,18
1515,pafi1,ph1,11.55256753202184,-1.2853849247642788,18
1516,paco21,hema1,66.26595828041103,-1.2747720404384253,18
1516,paco21,ph1,269.1882473882641,-1.35718101406718,18
1516,pafi1,hema1,38.00629226232633,-1.3871896496963128,18
1516,pafi1,ph1,18.741474770069363,-1.2806214919414856,18
1517,paco21,hema1,60.53465266670049,-1.2626521455666886,19
1517,paco21,ph1,237.64883028826765,-1.327213848418647,19
1517,pafi1,hema1,18.145776153493294,-1.3786556821400004,19
1517,pafi1,ph1,6.61208336556933,-1.2854918656110939,19
1518,paco21,hema1,70.2228872877761,-1.1632017385416227,19
1518,paco21,ph1,308.2508529885463,-1.4226229162568997,19
1518,pafi1,hema1,26.09872592161981,-1.245669935961502,19
1518,pafi1,ph1,1.9816804864740327,-1.7144344156716245,19
1519,paco21,hema1,53.66507712755144,-0.9674706043924278,19
1519,paco21,ph1,317.1869649966551,-1.2037623610584844,19
1519,pafi1,hema1,46.6935657146912,-1.1386066163315705,19
1519,pafi1,ph1,1.8001695389184482,-1.2731229139456912,19
1520,paco21,hema1,45.328464798686035,-0.9083112455951123,18
1520,paco21,ph1,480.3154124543353,-1.4108065954015203,18
1520,pafi1,hema1,28.008268370917232,-1.2261018358299989,18
1520,pafi1,ph1,1.2645758923614587,-1.5502759532859938,18
1521,paco21,hema1,62.942524669989126,-1.1623090465482784,19
1521,paco21,ph1,334.3273556187218,-1.1494202620357408,19
1521,pafi1,hema1,50.67236674509505,-1.142931679326414,19
1521,pafi1,ph1,9.230810275474958,-1.152595970414926,19
1522,paco21,hema1,49.856003033143054,-0.7756868555724834,19
1522,paco21,ph1,247.94508579324736,-1.0010981515329194,19
1522,pafi1,hema1,13.218046890142551,-0.9088900358172183,19
1522,pafi1,ph1,6.916463514916223,-1.0015705308933247,19
1523,paco21,hema1,52.380772866373455,-1.4203326273082375,18
1523,paco21,ph1,306.5452058273719,-1.387162324950917,18
1523,pafi1,hema1,18.04074726778083,-1.6417091022959227,18
1523,pafi1,ph1,1.734647737753877,-1.2707846636410476,18
1524,paco21,hema1,49.94323250082957,-0.7056497102664174,18
1524,paco21,ph1,302.85889946312454,-1.0111822571428197,18
1524,pafi1,hema1,5.02819498851797,-1.2804306961258545,18
1524,pafi1,ph1,0.0006661275208936957,-7.031226459507393,18
1525,paco21,hema1,45.492087174025876,-0.9353820556597251,18
1525,paco21,ph1,328.00373633465193,-1.1194467764199891,18
1525,pafi1,hema1,26.68782223194853,-1.0892587290382123,18
1525,pafi1,ph1,2.1778997468892696,-1.1275117176410185,18
1526,paco21,hema1,63.94432004415148,-1.3194587391379997,18
1526,paco21,ph1,447.5462579137299,-1.5486416055781256,18
1526,pafi1,hema1,43.2112605203398,-1.6636382725210304,18
1526,pafi1,ph1,0.6266877055672074,-1.2996166833722826,18
1527,paco21,hema1,91.68999175184878,-1.5875600509261383,19
1527,paco21,ph1,461.834268428408,-1.71792443813695,19
1527,pafi1,hema1,31.101183458468427,-1.6669380262969231,19
1527,pafi1,ph1,0.36195205805358655,-1.829515657336848,19
1528,paco21,hema1,66.34557719147881,-1.040995565252861,18
1528,paco21,ph1,264.0320133851303,-1.3301736884077355,18
1528,pafi1,hema1,23.304376153004068,-1.6769425370102382,18
1528,pafi1,ph1,13.609930454435773,-1.2303307503159884,18
1529,paco21,hema1,35.688268933493674,-1.159949655879256,18
1529,paco21,ph1,312.8466051892145,-1.4432598253312137,18
1529,pafi1,hema1,24.82369781322647,-1.4429871315258889,18
1529,pafi1,ph1,1.2226340786451908,-1.4437030568543123,18
1530,paco21,hema1,52.3095019775263,-0.996369996948735,19
1530,paco21,ph1,293.7398832920393,-1.0749006886112316,19
1530,pafi1,hema1,29.574983815789796,-0.7664909192880788,19
1530,pafi1,ph1,5.449173767039125,-1.2361906829601823,19
1531,paco21,hema1,58.86099281961348,-1.1232289845565964,19
1531,paco21,ph1,408.1984411171472,-1.2748134969488798,19
1531,pafi1,hema1,10.804757323621514,-1.7731347744291135,19
1531,pafi1,ph1,0.23313423072940662,-1.4211655928691527,19
1532,paco21,hema1,52.97803495454806,-0.6752616053343102,19
1532,paco21,ph1,379.83889152781177,-1.0304623589630284,19
1532,pafi1,hema1,17.31216796329082,-1.2840091836827456,19
1532,pafi1,ph1,0.9917009512292062,-0.9662911826975755,19
1533,paco21,hema1,77.60084996886015,-1.3403663188952437,19
1533,paco21,ph1,308.08745495970027,-1.4699356520169802,19
1533,pafi1,hema1,40.674947776841115,-1.5373118903104288,19
1533,pafi1,ph1,1.7461137368871935,-1.3799046115554177,19
1534,paco21,hema1,54.71913266049516,-1.5612060245726325,19
1534,paco21,ph1,322.8903670282036,-1.7082105514640897,19
1534,pafi1,hema1,20.730489229034227,-1.7546334700047492,19
1534,pafi1,ph1,8.460266622023843,-1.5596981465842141,19
1535,paco21,hema1,89.83131271964537,-1.426891258268094,19
1535,paco21,ph1,351.8416071607586,-1.4160482794601996,19
1535,pafi1,hema1,48.43221683654964,-1.4900740252860292,19
1535,pafi1,ph1,10.176014598938917,-1.3669788917434675,19
1536,paco21,hema1,56.68272672651649,-1.4812345841183292,19
1536,paco21,ph1,384.25390118914237,-1.5284314005016586,19
1536,pafi1,hema1,26.720144094220977,-1.4877309352166304,19
1536,pafi1,ph1,1.1508540056307883,-1.5066233440901287,19
1537,paco21,hema1,49.03500713741356,-1.5332461533355286,19
1537,paco21,ph1,232.83384453909275,-1.6680935807004742,19
1537,pafi1,hema1,18.99117221836648,-1.7808426836253153,19
1537,pafi1,ph1,0.4188821923608106,-2.3662478745217803,19
1538,paco21,hema1,51.19396834191067,-0.9092684521594347,19
1538,paco21,ph1,244.51203859215295,-1.1295760638111296,19
1538,pafi1,hema1,24.512455854234222,-1.2367636906496768,19
1538,pafi1,ph1,0.5454446218412508,-1.1205184896554357,19
1539,paco21,hema1,48.12397459251166,-1.0499467673023792,19
1539,paco21,ph1,336.14693675652666,-1.4056074347443397,19
1539,pafi1,hema1,24.67001339481464,-1.456916704512864,19
1539,pafi1,ph1,1.853879338856277,-1.2229579347651527,19
1540,paco21,hema1,57.36108920394775,-0.71176174583486,19
1540,paco21,ph1,284.0689838145117,-1.2050230264905155,19
1540,pafi1,hema1,26.091595367738773,-1.2481180965099445,19
1540,pafi1,ph1,1.5933310308457072,-0.9607168716023861,19
1541,paco21,hema1,41.003732227331234,-0.7910541044911205,19
1541,paco21,ph1,345.9484038105936,-0.9423712805360032,19
1541,pafi1,hema1,25.635288566904762,-0.9232283847805886,19
1541,pafi1,ph1,7.1827708695478165,-0.9324219953124733,19
1542,paco21,hema1,61.45394140637312,-1.2181852793144283,19
1542,paco21,ph1,424.5460693521737,-1.412165023280075,19
1542,pafi1,hema1,37.98980094559981,-1.354579305229559,19
1542,pafi1,ph1,2.5844343938009717,-1.4521447543061337,19
1543,paco21,hema1,53.9213204021119,-1.0747747305792639,19
1543,paco21,ph1,280.718038068438,-1.35476021036327,19
1543,pafi1,hema1,23.38282494762215,-1.650225395206367,19
1543,pafi1,ph1,1.711255076061097,-1.4507836521175552,19
1544,paco21,hema1,52.38260321978438,-0.5308567766538601,19
1544,paco21,ph1,400.66090842788634,-0.7912818302972933,19
1544,pafi1,hema1,47.732038155444435,-0.7076649153682096,19
1544,pafi1,ph1,13.202267613745242,-0.8233669874647429,19
1545,paco21,hema1,39.52710893897839,-0.7535673292000584,19
1545,paco21,ph1,425.88711631051274,-1.2644285508629194,19
1545,pafi1,hema1,8.279746189234718,-1.4412162992910127,19
1545,pafi1,ph1,5.685464979763102,-1.2195250589492788,19
1546,paco21,hema1,82.78171914667796,-1.3406236641031286,18
1546,paco21,ph1,386.7845605030588,-1.507703048669258,18
1546,pafi1,hema1,22.861346840492214,-1.5520153355812272,18
1546,pafi1,ph1,0.02556321072755989,-0.5498297663749945,18
1547,paco21,hema1,29.13985168334582,-1.0911875451725221,18
1547,paco21,ph1,290.3389952960165,-1.303498121715963,18
1547,pafi1,hema1,31.948614641285545,-1.5449534012020472,18
1547,pafi1,ph1,1.6234733416011808,-1.644191313573617,18
1548,paco21,hema1,47.411745709235085,-1.2296698507644142,18
1548,paco21,ph1,319.04580619106986,-1.2851030744843206,18
1548,pafi1,hema1,15.903740212414066,-1.5655687904568794,18
1548,pafi1,ph1,0.8323253822526941,-1.3481890304543898,18
1549,paco21,hema1,55.26113944291105,-1.3522337236506838,19
1549,paco21,ph1,298.37411154119144,-1.468703117282501,19
1549,pafi1,hema1,37.88660073554638,-1.57735626430373,19
1549,pafi1,ph1,7.702549510984924,-1.358953852088438,19
1550,paco21,hema1,55.54588151915393,-1.255286972038193,19
1550,paco21,ph1,397.382537609956,-1.4802489804855254,19
1550,pafi1,hema1,18.386720826472306,-1.494538598752355,19
1550,pafi1,ph1,0.6584751400232531,-1.4930831438036407,19
1551,paco21,hema1,51.50836212213583,-0.9511794159066955,19
1551,paco21,ph1,298.40021873835997,-1.0923671512444209,19
1551,pafi1,hema1,42.25809760897243,-1.1395939282304555,19
1551,pafi1,ph1,9.029601285928853,-1.0416791841504762,19
1552,paco21,hema1,51.38634028258919,-1.064480550783995,19
1552,paco21,ph1,324.5487251328285,-1.2588847353322963,19
1552,pafi1,hema1,26.0046422407499,-1.4014243358076537,19
1552,pafi1,ph1,8.644585340768229,-1.2448338924709361,19
1553,paco21,hema1,49.95509184421004,-1.0699506406575732,19
1553,paco21,ph1,339.4907450642307,-1.40648926732664,19
1553,pafi1,hema1,18.00844084386082,-2.042799453903969,19
1553,pafi1,ph1,3.1874974116797197,-0.5948369962179157,19
1554,paco21,hema1,75.1723958530655,-1.0446283939834837,19
1554,paco21,ph1,248.97127644325778,-1.0603166311959737,19
1554,pafi1,hema1,61.78824711099797,-1.1412666188658902,19
1554,pafi1,ph1,1.0450417758064037,-1.0065353342913013,19
1555,paco21,hema1,35.40002442430785,-0.8197681505909781,19
1555,paco21,ph1,305.73392432816297,-1.1781737494508746,19
1555,pafi1,hema1,38.01558436046347,-1.3951395838325735,19
1555,pafi1,ph1,3.5194743787777867,-0.7036066965321284,19
1556,paco21,hema1,47.95710224769047,-1.3149867119753367,19
1556,paco21,ph1,230.9070073259152,-1.3946155468136112,19
1556,pafi1,hema1,9.082236623947873,-1.216463804363962,19
1556,pafi1,ph1,0.05582792897619553,-2.5775948226638365,19
1557,paco21,hema1,42.19317354002123,-0.9743920031418184,18
1557,paco21,ph1,306.71846768634396,-1.0489925857154514,18
1557,pafi1,hema1,38.01274060618763,-1.073030363293925,18
1557,pafi1,ph1,2.4390281546845887,-1.0067822816404435,18
1558,paco21,hema1,36.947956774738245,-0.6818951100743463,19
1558,paco21,ph1,311.3642813854148,-1.3047392835853906,19
1558,pafi1,hema1,31.01455287579943,-1.0907159100187047,19
1558,pafi1,ph1,2.889395794428469,-1.309840485413196,19
1559,paco21,hema1,42.13142182286392,-1.4461763461202435,19
1559,paco21,ph1,351.9945170873372,-1.7300963364856474,19
1559,pafi1,hema1,21.28769133539158,-1.6656125232648922,19
1559,pafi1,ph1,11.0692030750616,-1.732647564235095,19
1560,paco21,hema1,32.42403858394188,-0.7955403803288494,19
1560,paco21,ph1,240.21911579247464,-1.0920137157016174,19
1560,pafi1,hema1,41.466525276223244,-1.0585527391780976,19
1560,pafi1,ph1,2.5855100440063663,-1.0967208827742656,19
1561,paco21,hema1,46.643578607176366,-1.353079984303428,19
1561,paco21,ph1,368.1512353917917,-1.457916867931707,19
1561,pafi1,hema1,41.0919218456877,-1.4627555087589075,19
1561,pafi1,ph1,4.350088700736589,-1.4620727350801224,19
1562,paco21,hema1,36.69662051006978,-0.981850943052165,19
1562,paco21,ph1,297.0593789808764,-1.1494044648797053,19
1562,pafi1,hema1,42.11091813982858,-1.2443945940676833,19
1562,pafi1,ph1,1.9331506249279335,-1.0756513842542446,19
1563,paco21,hema1,57.06454252553664,-1.232865630841809,19
1563,paco21,ph1,386.03059007877596,-1.4286762968059432,19
1563,pafi1,hema1,16.25611680709264,-1.3599493327586087,19
1563,pafi1,ph1,1.0913073611103479,-1.4865561884212837,19
1564,paco21,hema1,40.459917078854296,-1.377550134805276,19
1564,paco21,ph1,375.97334557452024,-1.6232719904853095,19
1564,pafi1,hema1,30.599567815637673,-1.6026354450823546,19
1564,pafi1,ph1,2.3851346308386328,-1.6216752861319572,19
1565,paco21,hema1,72.76502733676173,-0.9403877853773873,19
1565,paco21,ph1,248.62720716166805,-1.0563401705679547,19
1565,pafi1,hema1,46.11890728805812,-1.0532704490397256,19
1565,pafi1,ph1,3.9289415061798016,-1.044795579536371,19
1566,paco21,hema1,47.3935274366105,-1.4615594336028186,19
1566,paco21,ph1,435.74983183214243,-1.6483591191964124,19
1566,pafi1,hema1,18.95723420590287,-1.7639592868319658,19
1566,pafi1,ph1,2.3809381024488876,-1.6844151249539334,19
1567,paco21,hema1,76.08697990609043,-1.0245705339091435,19
1567,paco21,ph1,271.063260999932,-1.0912735709196446,19
1567,pafi1,hema1,34.69262382208891,-1.1314136362211453,19
1567,pafi1,ph1,2.2813500716822914,-1.007963844502418,19
1568,paco21,hema1,60.18941241818908,-0.8553293996039604,19
1568,paco21,ph1,419.35229344076157,-1.0224962953444217,19
1568,pafi1,hema1,35.95580742130202,-1.1259220016250067,19
1568,pafi1,ph1,10.372126732780185,-0.898828134047185,19
1569,paco21,hema1,72.9312967531202,-1.2084321046629978,19
1569,paco21,ph1,338.23495152771875,-1.3675155899730924,19
1569,pafi1,hema1,23.55186520288531,-1.5459746628090245,19
1569,pafi1,ph1,4.006895566997937,-1.1838237145149937,19
1570,paco21,hema1,42.892254397138494,-1.1504602514414821,18
1570,paco21,ph1,326.4683885978385,-1.1213508862466044,18
1570,pafi1,hema1,38.122077342971004,-1.2962405496030933,18
1570,pafi1,ph1,1.5106483928066066,-0.6533264738025686,18
1571,paco21,hema1,49.563603414957626,-0.38598784772924455,19
1571,paco21,ph1,262.1281960972726,-0.6483291387115895,19
1571,pafi1,hema1,18.905278076884475,-0.7816238887323932,19
1571,pafi1,ph1,2.2218401241241024,-0.5727422781691486,19
1572,paco21,hema1,66.72047814792967,-0.5757078688034031,19
1572,paco21,ph1,345.6519972332576,-0.7898499834081155,19
1572,pafi1,hema1,22.559346583991744,-1.1422404378271944,19
1572,pafi1,ph1,3.523877347252661,-0.7201645902387775,19
1573,paco21,hema1,55.263869138954604,-1.3609293655054415,19
1573,paco21,ph1,250.6146957183946,-1.5699463099739612,19
1573,pafi1,hema1,21.942504815407265,-1.793197503200437,19
1573,pafi1,ph1,7.480166712125913,-1.4272541328521295,19
1574,paco21,hema1,60.99045982917444,-1.5927457605673647,19
1574,paco21,ph1,266.177233454739,-1.7069322860773029,19
1574,pafi1,hema1,40.4950250886347,-1.5851654219102271,19
1574,pafi1,ph1,6.934919724374345,-1.989113107863904,19
1575,paco21,hema1,80.2185562390868,-1.7297430998860897,19
1575,paco21,ph1,283.8386964382111,-1.8211953237555556,19
1575,pafi1,hema1,45.513310876692465,-1.888797070794871,19
1575,pafi1,ph1,17.252801116638345,-1.7529228078416712,19
1576,paco21,hema1,62.14983978479845,-1.1900799885636546,19
1576,paco21,ph1,385.3344255671237,-1.2831935414510411,19
1576,pafi1,hema1,15.276809335277724,-1.1475178782268927,19
1576,pafi1,ph1,0.06036633814154316,-2.2319550360004405,19
1577,paco21,hema1,49.4589507596888,-1.5825237624093167,19
1577,paco21,ph1,460.8944684018289,-1.6131338367502868,19
1577,pafi1,hema1,33.23159734586204,-1.605423103401943,19
1577,pafi1,ph1,3.7271978685117673,-1.5520837624733512,19
1578,paco21,hema1,55.35801273545592,-1.1389831177851817,19
1578,paco21,ph1,343.0552825224984,-1.196340385902224,19
1578,pafi1,hema1,44.61599800496067,-1.1891072480190885,19
1578,pafi1,ph1,11.177057793634846,-1.193097882057421,19
1579,paco21,hema1,47.95754524594913,-1.4289208459638367,19
1579,paco21,ph1,401.05148046138606,-1.4376638165488516,19
1579,pafi1,hema1,28.890676584704746,-1.6360869437975392,19
1579,pafi1,ph1,3.1303621177001437,-1.1356696153105357,19
1580,paco21,hema1,56.73980749366777,-1.2721466673305353,19
1580,paco21,ph1,234.95383715202678,-1.681985728131784,19
1580,pafi1,hema1,42.643023952264784,-1.5565255118903094,19
1580,pafi1,ph1,8.882312914017714,-1.69194437746849,19
1581,paco21,hema1,48.879192647640245,-0.8994909506801692,19
1581,paco21,ph1,368.57532004207644,-1.0939074771180968,19
1581,pafi1,hema1,23.390264764477447,-1.1977913032663126,19
1581,pafi1,ph1,2.7256709424277212,-1.0078126200672388,19
1582,paco21,hema1,34.80011070537759,-1.0478806274344554,19
1582,paco21,ph1,316.22496362999385,-1.3028739841126957,19
1582,pafi1,hema1,10.120570613806619,-0.9320919913920666,19
1582,pafi1,ph1,5.507179782574142,-1.5783158669387263,19
1583,paco21,hema1,46.35546463735748,-1.1771124232555616,19
1583,paco21,ph1,398.0190529231042,-1.4920767180306833,19
1583,pafi1,hema1,22.27582208110717,-1.5653840552494942,19
1583,pafi1,ph1,9.91515074739483,-1.3904937685881547,19
1584,paco21,hema1,57.67833197792089,-0.7420542714503392,19
1584,paco21,ph1,257.5257294001485,-0.7889459023609044,19
1584,pafi1,hema1,31.53595998170417,-0.954195356126001,19
1584,pafi1,ph1,5.411930544824778,-0.8216659996948822,19
1585,paco21,hema1,60.761567726495315,-1.017921937466047,19
1585,paco21,ph1,300.6090175155657,-1.1422124715849102,19
1585,pafi1,hema1,37.34020617152273,-1.2642296972275835,19
1585,pafi1,ph1,5.049205956969596,-1.0062770109891392,19
1586,paco21,hema1,49.53445282164449,-0.7821878505403732,18
1586,paco21,ph1,275.2222409790409,-0.8590807185793555,18
1586,pafi1,hema1,22.2878746352691,-0.9619802825487603,18
1586,pafi1,ph1,2.1060861034667178,-0.7674907953956578,18
1587,paco21,hema1,36.45988820413451,-1.2187096336832461,19
1587,paco21,ph1,294.67355318568013,-1.2662778503729317,19
1587,pafi1,hema1,28.528667342173378,-1.3673010818367095,19
1587,pafi1,ph1,1.9862768784879958,-1.176077049119181,19
1588,paco21,hema1,60.681285846384206,-1.474011319583801,19
1588,paco21,ph1,265.42251116343283,-1.4584207462220733,19
1588,pafi1,hema1,17.176671741603116,-1.4189365361427897,19
1588,pafi1,ph1,9.084664322029246,-1.4891212731676056,19
1589,paco21,hema1,41.266231963889645,-1.4249399207966964,19
1589,paco21,ph1,262.0105921971161,-1.799246057225924,19
1589,pafi1,hema1,40.86038866937881,-1.7906041535830077,19
1589,pafi1,ph1,7.112473150973346,-1.77704238270028,19
1590,paco21,hema1,38.64314797111476,-0.7431955006444491,19
1590,paco21,ph1,263.83507533614414,-1.2141065400112248,19
1590,pafi1,hema1,15.71605011088343,-1.0367459713377922,19
1590,pafi1,ph1,2.702657390412048,-1.2935710665278175,19
1591,paco21,hema1,48.51014057493814,-1.1402778529349766,19
1591,paco21,ph1,282.10851744778466,-1.4342694167174317,19
1591,pafi1,hema1,30.511359375620724,-1.5231832867729072,19
1591,pafi1,ph1,2.0771823777902543,-0.9825888875547878,19
1592,paco21,hema1,38.28736906515024,-1.2836450048833077,19
1592,paco21,ph1,258.3134990879964,-1.4470526317602521,19
1592,pafi1,hema1,10.823692107374786,-1.6132948823367061,19
1592,pafi1,ph1,3.3922599676641916,-1.2409797887110194,19
1593,paco21,hema1,75.89925656618809,-1.4834280921375436,19
1593,paco21,ph1,251.07402057764034,-1.6766713040780628,19
1593,pafi1,hema1,18.677679807286424,-1.9586296659827458,19
1593,pafi1,ph1,3.5695920072036134,-1.3636803324670659,19
1594,paco21,hema1,65.80549588583976,-1.0800158591597893,19
1594,paco21,ph1,408.3057588496388,-1.1466466148379986,19
1594,pafi1,hema1,40.735373430292896,-1.3080219745474326,19
1594,pafi1,ph1,1.8597213893043951,-1.1494715834901716,19
1595,paco21,hema1,47.50152669498611,-1.2773909923386835,19
1595,paco21,ph1,234.83727610167978,-1.2493175066819224,19
1595,pafi1,hema1,48.90313884660934,-1.1993295941830722,19
1595,pafi1,ph1,2.509545978589387,-1.426867485183747,19
1596,paco21,hema1,46.42830512573515,-1.1781042679184208,19
1596,paco21,ph1,200.48284356779874,-1.3298991114986058,19
1596,pafi1,hema1,36.18330173554371,-1.824462792364254,19
1596,pafi1,ph1,3.3682879142540805,-1.220000392878009,19
1597,paco21,hema1,39.26949742276596,-0.9953451119398279,19
1597,paco21,ph1,216.1947449749648,-1.3539247465890119,19
1597,pafi1,hema1,28.445234443478817,-1.6399582889555575,19
1597,pafi1,ph1,1.7833022577399078,-1.4237545810975953,19
1598,paco21,hema1,69.61710665531481,-0.9867757203097041,19
1598,paco21,ph1,381.2986307607943,-1.2098632338510156,19
1598,pafi1,hema1,45.92740478938995,-1.2653912639761893,19
1598,pafi1,ph1,2.7220064081519904,-1.0602679298160023,19
1599,paco21,hema1,54.092342570412974,-1.3690276344953511,18
1599,paco21,ph1,429.50550794076764,-1.5628160111072102,18
1599,pafi1,hema1,20.20712941793978,-1.9947435191323852,18
1599,pafi1,ph1,2.9305630605496304,-1.4518050641325286,18
1600,paco21,hema1,39.45161411070794,-1.2552200457669622,19
1600,paco21,ph1,406.5258331597787,-1.549753561778448,19
1600,pafi1,hema1,23.52608288046218,-1.398473406864135,19
1600,pafi1,ph1,0.496771368066861,-1.5502017928146505,19
1601,paco21,hema1,49.70715553078991,-0.8186912310525164,18
1601,paco21,ph1,321.1700378146533,-0.9706102971569993,18
1601,pafi1,hema1,18.760533618020943,-1.0269937182573994,18
1601,pafi1,ph1,1.9371259210738714,-0.9331228838481412,18
1602,paco21,hema1,49.628226939306444,-1.2082296642352115,18
1602,paco21,ph1,319.2578768347604,-1.5427967576049784,18
1602,pafi1,hema1,16.42098345993889,-1.7458049306148942,18
1602,pafi1,ph1,0.9053804486039349,-0.3884028200253389,18
1603,paco21,hema1,62.33144660310964,-1.4817260155842533,18
1603,paco21,ph1,294.6784643471976,-1.6720215000201148,18
1603,pafi1,hema1,26.04934487200655,-1.9758761396277902,18
1603,pafi1,ph1,0.18170469919125323,-1.3812792419725537,18
1604,paco21,hema1,32.12293905598879,-1.2734192223732785,19
1604,paco21,ph1,331.5710445849016,-1.4341633030048124,19
1604,pafi1,hema1,28.160908181993875,-1.3911399618325484,19
1604,pafi1,ph1,9.587280795871097,-1.4406315567368764,19
1605,paco21,hema1,51.127924927686024,-1.3841236613820571,18
1605,paco21,ph1,485.928157738102,-1.449620306391893,18
1605,pafi1,hema1,44.311950598487314,-1.4116703143233733,18
1605,pafi1,ph1,10.301010322001222,-1.4832038063655606,18
1606,paco21,hema1,57.91584453735376,-1.503131291146965,19
1606,paco21,ph1,321.80170858505363,-1.5185438011417642,19
1606,pafi1,hema1,19.258517645047565,-1.5939807175138452,19
1606,pafi1,ph1,7.758942731200506,-1.2884950608540056,19
1607,paco21,hema1,37.35053355138906,-1.3361550849159327,19
1607,paco21,ph1,209.03968523278658,-1.5744209898350265,19
1607,pafi1,hema1,20.790443247695382,-1.5889726920418727,19
1607,pafi1,ph1,0.5697457550223681,-1.463852397258062,19
1608,paco21,hema1,18.232619983771865,-1.471206053681177,19
1608,paco21,ph1,304.83908817749176,-1.7775855444792363,19
1608,pafi1,hema1,9.00713678505207,-1.5340268353649205,19
1608,pafi1,ph1,0.25023554570511614,-1.3476538602018795,19
1609,paco21,hema1,44.14525711583032,-1.04125761295262,19
1609,paco21,ph1,256.6862206022662,-1.1339253402249048,19
1609,pafi1,hema1,9.75641988236871,-1.3620467821204036,19
1609,pafi1,ph1,0.609134364387408,-1.2643457482485432,19
1610,paco21,hema1,49.78641636111672,-1.4283421420880302,19
1610,paco21,ph1,230.1432794586628,-1.6444426354687487,19
1610,pafi1,hema1,26.121312731857838,-1.489182953842653,19
1610,pafi1,ph1,5.585299835047146,-1.7203275745076467,19
1611,paco21,hema1,35.09769304808402,-1.1934495709602266,19
1611,paco21,ph1,434.54541921190145,-1.5225281365833676,19
1611,pafi1,hema1,5.861005673591553,-1.9053147650717566,19
1611,pafi1,ph1,5.450483829769387,-1.3966161264731891,19
1612,paco21,hema1,54.232642060143185,-1.1737975206444071,19
1612,paco21,ph1,268.8493690211708,-1.4287724365566423,19
1612,pafi1,hema1,24.493289429476384,-1.5034046068773095,19
1612,pafi1,ph1,0.7953472785090645,-1.222743375512422,19
1613,paco21,hema1,58.57769191366458,-1.07594826057194,19
1613,paco21,ph1,299.96178604443287,-1.07666111729205,19
1613,pafi1,hema1,9.196327260916703,-1.181032777477511,19
1613,pafi1,ph1,0.19188331971695713,-0.8516383827757423,19
1614,paco21,hema1,81.2072348278834,-1.0312309800804034,19
1614,paco21,ph1,319.6894344264825,-1.3037522526057435,19
1614,pafi1,hema1,35.495283301425886,-1.3673883685947705,19
1614,pafi1,ph1,5.527981660519574,-1.1556914922154309,19
1615,paco21,hema1,65.32654042893245,-1.3411282417208819,18
1615,paco21,ph1,456.8715000755376,-1.5531132188755155,18
1615,pafi1,hema1,11.108859296957515,-1.4126953709388304,18
1615,pafi1,ph1,16.028477728764855,-1.5799159671678904,18
1616,paco21,hema1,48.08604790568437,-1.275880161668861,18
1616,paco21,ph1,316.27099007714645,-1.7395931623312035,18
1616,pafi1,hema1,33.402244752975996,-1.464137519263523,18
1616,pafi1,ph1,3.8711239518155467,-2.1314318351614023,18
1617,paco21,hema1,39.997580891621816,-1.050863280470444,19
1617,paco21,ph1,407.3731925520356,-1.2688330309385163,19
1617,pafi1,hema1,29.796007444161642,-1.277337184254358,19
1617,pafi1,ph1,2.5108192693066815,-1.2408418404603756,19
1618,paco21,hema1,46.37370023393951,-1.4786153186809636,19
1618,paco21,ph1,193.62958368655,-1.5538960691935118,19
1618,pafi1,hema1,9.262475921430461,-1.6174377464832506,19
1618,pafi1,ph1,1.9295474761598255,-1.5190071283983284,19
1619,paco21,hema1,51.912835785040215,-1.628064335891253,19
1619,paco21,ph1,320.2347890150383,-1.7962117579940045,19
1619,pafi1,hema1,17.35927624187582,-1.9254019125645134,19
1619,pafi1,ph1,4.127284945945931,-1.6048382881053471,19
1620,paco21,hema1,50.44302543598276,-0.9504147887777927,19
1620,paco21,ph1,326.98699000660065,-1.37908754904093,19
1620,pafi1,hema1,14.653469188188973,-1.6527996764591801,19
1620,pafi1,ph1,0.10842119920662797,-1.3950878279711088,19
1621,paco21,hema1,36.7762935613385,-0.4792297713043394,18
1621,paco21,ph1,431.9125238235853,-0.9480119425040135,18
1621,pafi1,hema1,13.783688294366394,-1.3770642227505774,18
1621,pafi1,ph1,3.016186504848259,-0.5529280531957501,18
1622,paco21,hema1,53.72656563397821,-0.8928238461756762,19
1622,paco21,ph1,250.0486856802106,-1.0660101477941863,19
1622,pafi1,hema1,9.040395436583326,-1.232277240552801,19
1622,pafi1,ph1,2.8267352139476407,-1.1458165646516298,19
1623,paco21,hema1,58.457856568323976,-1.3904956606174361,18
1623,paco21,ph1,358.15852786130796,-1.489116302336763,18
1623,pafi1,hema1,12.531340270262126,-1.6814848667869529,18
1623,pafi1,ph1,0.1417061673097147,-1.933988564839845,18
1624,paco21,hema1,75.32277373865524,-1.0677776759817004,19
1624,paco21,ph1,230.7805878394601,-1.082526255924168,19
1624,pafi1,hema1,19.284083331867976,-1.1219074570758796,19
1624,pafi1,ph1,10.200319622899473,-1.062410324663732,19
1625,paco21,hema1,66.54299750845855,-0.7526207765184603,18
1625,paco21,ph1,450.24172191738506,-0.9084019851074314,18
1625,pafi1,hema1,43.2638228576658,-1.1519591121653612,18
1625,pafi1,ph1,1.604683369038613,-0.7721723460960874,18
1626,paco21,hema1,59.34775453876807,-1.4412702401430781,19
1626,paco21,ph1,235.6502998846509,-1.5713488600551941,19
1626,pafi1,hema1,32.62753915966722,-1.7355040485502007,19
1626,pafi1,ph1,4.558487575645931,-1.099443227564641,19
1627,paco21,hema1,65.08854044848934,-0.9758807563104118,19
1627,paco21,ph1,279.2186932174257,-0.9742489986050712,19
1627,pafi1,hema1,32.374248910971865,-0.9413024122564568,19
1627,pafi1,ph1,2.755253426153371,-1.0065246447778047,19
1628,paco21,hema1,46.4881930205694,-0.593316032875887,19
1628,paco21,ph1,464.89028184132343,-0.9964009318918309,19
1628,pafi1,hema1,45.63562596521985,-1.0560473199744205,19
1628,pafi1,ph1,2.060799043876621,-1.0493673794330047,19
1629,paco21,hema1,48.74304109245448,-0.8799569100283399,18
1629,paco21,ph1,247.8041239475381,-1.1598085380803598,18
1629,pafi1,hema1,18.310010359827327,-1.336670046557845,18
1629,pafi1,ph1,1.0429257848196716,-0.35012130517457307,18
1630,paco21,hema1,46.56203557094931,-1.3714386839904442,19
1630,paco21,ph1,316.274449320785,-1.6420203104248732,19
1630,pafi1,hema1,32.9931737919953,-1.6863752173147053,19
1630,pafi1,ph1,0.8540643494681343,-1.631113032359422,19
1631,paco21,hema1,38.034565826091004,-1.430035355977289,18
1631,paco21,ph1,270.2317275132335,-1.4396303404723474,18
1631,pafi1,hema1,22.51672086648086,-1.6419803278692948,18
1631,pafi1,ph1,2.3815796843606987,-1.2626918209098266,18
1632,paco21,hema1,52.97343058313421,-1.076613921511514,19
1632,paco21,ph1,437.33169682992616,-1.293907344457905,19
1632,pafi1,hema1,34.08615487164682,-1.4227597834704728,19
1632,pafi1,ph1,1.6731081160877372,-1.200809420537549,19
1633,paco21,hema1,59.973917724350216,-1.2776981839470345,19
1633,paco21,ph1,232.2282298342701,-1.3445589381546816,19
1633,pafi1,hema1,20.990796939893475,-1.499471610236994,19
1633,pafi1,ph1,5.160970460330279,-1.2992446717327422,19
1634,paco21,hema1,55.478259389186974,-1.1717114188350872,19
1634,paco21,ph1,460.74109760943844,-1.4520025349132153,19
1634,pafi1,hema1,35.3790691992017,-1.4204222232256556,19
1634,pafi1,ph1,11.587732562446401,-1.4485650484818975,19
1635,paco21,hema1,47.2321962351332,-1.2061821310638219,18
1635,paco21,ph1,314.35125033391955,-1.1885023884997161,18
1635,pafi1,hema1,31.523020230473115,-1.3039925497221698,18
1635,pafi1,ph1,8.641788288462793,-1.2259023555155824,18
1636,paco21,hema1,42.161672101706095,-1.5794334424613796,19
1636,paco21,ph1,247.27684058076613,-1.508598384959627,19
1636,pafi1,hema1,30.850418185028097,-1.5437686134709727,19
1636,pafi1,ph1,0.004126676804261311,-3.146174467922203,19
1637,paco21,hema1,55.956576237093294,-0.7986504707630931,19
1637,paco21,ph1,310.75827970346586,-1.1301670676782138,19
1637,pafi1,hema1,17.641499385415635,-1.0439556368468499,19
1637,pafi1,ph1,2.8530737743846424,-1.0578031211567274,19
1638,paco21,hema1,58.54972360447402,-0.7345246602408568,19
1638,paco21,ph1,373.4321978925698,-0.9778539009397124,19
1638,pafi1,hema1,30.296156191272797,-0.9903674444251898,19
1638,pafi1,ph1,3.8009409348048186,-0.8196408785147198,19
1639,paco21,hema1,53.49334237513996,-1.3864496044969254,19
1639,paco21,ph1,195.0773902901989,-1.4358965319061547,19
1639,pafi1,hema1,16.308136269229415,-1.4176629545934216,19
1639,pafi1,ph1,5.59022879741364,-1.434653172907056,19
1640,paco21,hema1,38.246661463955,-0.8912227776716328,19
1640,paco21,ph1,252.68390488609907,-1.0451120600469126,19
1640,pafi1,hema1,21.074660632761763,-1.2908849651877023,19
1640,pafi1,ph1,7.887126358744938,-0.7402597288338332,19
1641,paco21,hema1,51.13401551882813,-0.6962179826163774,18
1641,paco21,ph1,317.920185836394,-0.841048612594685,18
1641,pafi1,hema1,17.60679956941198,-1.1251790760765454,18
1641,pafi1,ph1,1.7398530652425432,-0.7956481747287559,18
1642,paco21,hema1,47.570231678084205,-0.8212074142368505,19
1642,paco21,ph1,412.3293563576478,-1.021098364526004,19
1642,pafi1,hema1,36.12313174290735,-0.923244006244331,19
1642,pafi1,ph1,0.9065923342373136,-0.8106285344061779,19
1643,paco21,hema1,50.35051788526852,-0.7127868703330602,19
1643,paco21,ph1,462.3464122843221,-0.9746534627207083,19
1643,pafi1,hema1,23.430580614268294,-1.0917158628352497,19
1643,pafi1,ph1,0.9986978454921538,-0.7675613874260286,19
1644,paco21,hema1,73.69511105665494,-1.4235113015618877,19
1644,paco21,ph1,242.08719282698212,-1.5182807218887289,19
1644,pafi1,hema1,39.20136507950932,-1.5034161627842881,19
1644,pafi1,ph1,0.05835529626738999,-1.4720836153333867,19
1645,paco21,hema1,56.374632498851874,-1.419225255466722,19
1645,paco21,ph1,424.52994135829476,-1.5628922712940192,19
1645,pafi1,hema1,39.15888752017609,-1.6333404961091493,19
1645,pafi1,ph1,1.2547981661938676,-1.2699637249967048,19
1646,paco21,hema1,57.896664718067555,-0.6825358911083309,19
1646,paco21,ph1,523.2053072962909,-0.8351257289288985,19
1646,pafi1,hema1,23.831570297602333,-0.9637159492020955,19
1646,pafi1,ph1,8.94592233741775,-0.786307204643697,19
1647,paco21,hema1,62.12122567428583,-1.1378158251904862,19
1647,paco21,ph1,393.490812789041,-1.3561526375685806,19
1647,pafi1,hema1,26.20079885784689,-1.3032421940613663,19
1647,pafi1,ph1,1.1437514958470147,-1.3713664109997825,19
1648,paco21,hema1,67.80435294228255,-1.4042535170535098,19
1648,paco21,ph1,217.14716588259336,-1.4187896732038887,19
1648,pafi1,hema1,22.137485264081295,-1.8887552650423531,19
1648,pafi1,ph1,0.8183297086884004,-1.17738883414398,19
1649,paco21,hema1,49.58488640546925,-0.9083545307999366,19
1649,paco21,ph1,410.7369466354524,-1.0684317479086316,19
1649,pafi1,hema1,37.371301613361766,-1.0833606400222213,19
1649,pafi1,ph1,1.15115153048065,-0.8649700394691022,19
1650,paco21,hema1,43.90272420439881,-1.666017218379518,19
1650,paco21,ph1,320.86091755294603,-1.8398369197366735,19
1650,pafi1,hema1,13.905645672005278,-2.168917243261643,19
1650,pafi1,ph1,9.787721419323995,-1.8479643081370758,19
1651,paco21,hema1,60.11908012070679,-1.1112675478379646,19
1651,paco21,ph1,407.5276712878734,-1.2591174931210232,19
1651,pafi1,hema1,47.625190157784495,-1.566096841842132,19
1651,pafi1,ph1,2.7701027954291177,-1.2934269840842372,19
1652,paco21,hema1,43.98648511249707,-1.2699611908154904,19
1652,paco21,ph1,316.8161028697269,-1.379107458463642,19
1652,pafi1,hema1,38.64418813474932,-1.3781214888803757,19
1652,pafi1,ph1,17.225479309843987,-1.3811035946710284,19
1653,paco21,hema1,40.87883495481061,-1.3429288272071203,19
1653,paco21,ph1,354.48671601590246,-1.5107653632543327,19
1653,pafi1,hema1,15.556451004837,-1.6492469675583792,19
1653,pafi1,ph1,0.2351356924955065,-0.8431119537033754,19
1654,paco21,hema1,44.45177544629252,-0.9335752391734656,19
1654,paco21,ph1,433.49300314398937,-1.3075072770572407,19
1654,pafi1,hema1,23.28656756947913,-1.449780478667738,19
1654,pafi1,ph1,0.651982751702451,-1.1221042738486646,19
1655,paco21,hema1,46.039228512150316,-1.1340321615467335,19
1655,paco21,ph1,371.18360647828945,-1.3301891997864683,19
1655,pafi1,hema1,38.174375872039,-1.3789126212539915,19
1655,pafi1,ph1,1.3989651942394086,-1.3227465457395904,19
1656,paco21,hema1,53.73859267062396,-1.0664974547541284,19
1656,paco21,ph1,443.77959101039454,-1.2485807737098316,19
1656,pafi1,hema1,27.233470124439012,-1.388390927284783,19
1656,pafi1,ph1,0.46215893229462635,-1.8023579591387466,19
1657,paco21,hema1,42.02897278621706,-0.7669376390222442,19
1657,paco21,ph1,412.44390713305813,-1.0753807134620552,19
1657,pafi1,hema1,28.91526896507364,-1.1836679093997011,19
1657,pafi1,ph1,0.9623528993258863,-0.9188458551797097,19
1658,paco21,hema1,52.4127743140357,-1.0911188705862627,19
1658,paco21,ph1,340.57707073646435,-1.3629509288017512,19
1658,pafi1,hema1,22.548417075909555,-1.2599659099929317,19
1658,pafi1,ph1,1.2170699344695353,-1.4064269547305337,19
1659,paco21,hema1,37.56436100717226,-1.5160872432703767,19
1659,paco21,ph1,236.84446389271116,-1.7690605322958313,19
1659,pafi1,hema1,22.13773094602053,-2.042430813583134,19
1659,pafi1,ph1,0.8097450878213718,-2.033228028250465,19
1660,paco21,hema1,71.53269332581985,-1.3005575964754994,19
1660,paco21,ph1,237.52773639831113,-1.3214400064316862,19
1660,pafi1,hema1,33.39755504085097,-1.3462982822682708,19
1660,pafi1,ph1,3.9188056593685747,-1.3052822346251147,19
1661,paco21,hema1,60.371935071351515,-1.0202506895756132,19
1661,paco21,ph1,332.0004078411409,-1.24985246532542,19
1661,pafi1,hema1,28.026147115367653,-1.3789749562985645,19
1661,pafi1,ph1,0.12632888699279798,-1.5999151042869864,19
1662,paco21,hema1,60.50568189518466,-0.9311954012547816,18
1662,paco21,ph1,461.5618469755177,-1.1243323249830441,18
1662,pafi1,hema1,33.79901221403565,-1.0161268369718521,18
1662,pafi1,ph1,3.7651636018344328,-1.1423355828403128,18
1663,paco21,hema1,46.732011210476465,-1.053963765184595,19
1663,paco21,ph1,319.9167472537748,-1.2898991752878095,19
1663,pafi1,hema1,35.93126534369968,-1.496543328462895,19
1663,pafi1,ph1,1.8185913832185803,-0.9183127139411573,19
1664,paco21,hema1,30.779478491893144,-1.361333033534451,18
1664,paco21,ph1,271.04180310151384,-1.701105236215848,18
1664,pafi1,hema1,15.520150131816274,-1.6942071588536478,18
1664,pafi1,ph1,8.269145720555205,-1.651832700555196,18
1665,paco21,hema1,59.51140863326304,-1.395994123636634,19
1665,paco21,ph1,434.7450461974068,-1.4958797449075687,19
1665,pafi1,hema1,33.8630475249452,-1.725873587942446,19
1665,pafi1,ph1,2.79531315686117,-1.384516067772472,19
1666,paco21,hema1,57.393204011207374,-1.7914994225647378,19
1666,paco21,ph1,352.4784681649609,-2.1310544784599084,19
1666,pafi1,hema1,38.43618886058751,-2.3097567701812003,19
1666,pafi1,ph1,0.7191822994832968,-2.6652555379389726,19
1667,paco21,hema1,63.88202928848169,-1.404595670315023,19
1667,paco21,ph1,319.30523464344736,-1.5782391774334366,19
1667,pafi1,hema1,42.56637800509999,-1.6159507004918456,19
1667,pafi1,ph1,2.7623694714482205,-1.5482212128076944,19
1668,paco21,hema1,40.62215364009247,-0.8895189743551086,19
1668,paco21,ph1,407.27454563458815,-1.01785326418591,19
1668,pafi1,hema1,13.04846285725676,-1.5760797024965303,19
1668,pafi1,ph1,5.591826196712813,-0.7089706533901031,19
1669,paco21,hema1,61.577107078194025,-1.1573005938727459,18
1669,paco21,ph1,412.5313699951766,-1.3719623800374532,18
1669,pafi1,hema1,27.859624064305674,-1.6656408075632714,18
1669,pafi1,ph1,5.535385795695464,-1.532723193612241,18
1670,paco21,hema1,59.06490364111598,-1.380384734607147,19
1670,paco21,ph1,381.8100365873092,-1.4132689241132832,19
1670,pafi1,hema1,26.09079776282718,-1.4653591414219136,19
1670,pafi1,ph1,0.47604834803662766,-1.5642859019012916,19
1671,paco21,hema1,83.73804188481208,-1.1737230585765344,19
1671,paco21,ph1,439.03510476826256,-1.1605658911093812,19
1671,pafi1,hema1,38.29080388069573,-1.1920595657268678,19
1671,pafi1,ph1,0.32819321925937417,-1.1184221644587538,19
1672,paco21,hema1,37.24659584874997,-1.2452766532592272,19
1672,paco21,ph1,305.06708449195804,-1.3942490066684796,19
1672,pafi1,hema1,12.633749454329415,-1.296878485715959,19
1672,pafi1,ph1,1.6853064110160272,-1.3911705427064118,19
1673,paco21,hema1,53.82106708750885,-1.2118605664043087,19
1673,paco21,ph1,279.77726142071594,-1.274591741315186,19
1673,pafi1,hema1,42.16306716336198,-1.4054831417443332,19
1673,pafi1,ph1,3.47058554025607,-1.2330077351441906,19
1674,paco21,hema1,42.934999123548714,-1.1322162318618882,19
1674,paco21,ph1,293.259318722492,-1.3683090753295117,19
1674,pafi1,hema1,16.96971634320818,-1.2490090090554886,19
1674,pafi1,ph1,0.16759939487044026,-2.061205033401173,19
1675,paco21,hema1,67.77255239883569,-1.2423822015613264,19
1675,paco21,ph1,198.5734594173294,-1.4317641233527598,19
1675,pafi1,hema1,35.444376127971985,-1.6539907587929668,19
1675,pafi1,ph1,0.32846793222783555,-0.4947430946610105,19
1676,paco21,hema1,47.90950763750437,-0.7681919320353574,19
1676,paco21,ph1,451.93260933465365,-1.0392776198394937,19
1676,pafi1,hema1,9.166349874024428,-1.1753794104090212,19
1676,pafi1,ph1,0.00752039552909763,-1.5642903673822273,19
1677,paco21,hema1,54.98980343130947,-1.444962233734366,18
1677,paco21,ph1,376.08108259471146,-1.6763830533480086,18
1677,pafi1,hema1,28.309442933693585,-1.8052656499999713,18
1677,pafi1,ph1,0.16318464188531656,-1.5128185181029368,18
1678,paco21,hema1,48.1013960483341,-0.7637559519867685,19
1678,paco21,ph1,287.54457924363345,-0.9630983367642649,19
1678,pafi1,hema1,35.92670999477808,-0.929487435212732,19
1678,pafi1,ph1,5.628385070755208,-0.966556744660357,19
1679,paco21,hema1,51.437685590694755,-0.8448321051331712,19
1679,paco21,ph1,289.1612964408734,-1.083053379464047,19
1679,pafi1,hema1,38.080498121537936,-1.3278080253213527,19
1679,pafi1,ph1,1.782957634062753,-1.276030547002557,19
1680,paco21,hema1,41.289027903792984,-1.121555784830443,18
1680,paco21,ph1,288.1067964896034,-1.2076879097209134,18
1680,pafi1,hema1,48.429097490841535,-1.4236113744406969,18
1680,pafi1,ph1,7.090370795785629,-1.2156107735544208,18
1681,paco21,hema1,69.8246875975424,-0.5633988856254313,19
1681,paco21,ph1,406.3997307779014,-0.9799091992593283,19
1681,pafi1,hema1,14.865540907906594,-0.7966210902305566,19
1681,pafi1,ph1,0.16375201302974873,-1.2482189011805516,19
1682,paco21,hema1,53.753794630865215,-0.9331409028785674,19
1682,paco21,ph1,251.00641230301568,-1.2548808916757657,19
1682,pafi1,hema1,33.28027878200417,-0.9100054802282495,19
1682,pafi1,ph1,1.211159390163457,-1.9974921858902304,19
1683,paco21,hema1,55.321329228794845,-1.0074206969885893,19
1683,paco21,ph1,333.43457233979666,-1.086975201262973,19
1683,pafi1,hema1,35.48949113389871,-1.055401826887261,19
1683,pafi1,ph1,0.6534175720696078,-1.173384022696658,19
1684,paco21,hema1,36.881010551681,-0.9561138076864458,19
1684,paco21,ph1,408.23829511926755,-1.4633507280015827,19
1684,pafi1,hema1,30.168570406330897,-1.4904163853579366,19
1684,pafi1,ph1,0.08354248069465685,-1.097625802693133,19
1685,paco21,hema1,40.95076511781516,-0.9908680148460512,19
1685,paco21,ph1,295.36769153538546,-1.1948673206310603,19
1685,pafi1,hema1,22.390945745656577,-1.4347787637463019,19
1685,pafi1,ph1,1.1458114834519395,-0.09139997274110265,19
1686,paco21,hema1,40.148127553511145,-0.9035219176457001,19
1686,paco21,ph1,398.897857290066,-1.186508503468615,19
1686,pafi1,hema1,38.80603650728625,-1.162341116157043,19
1686,pafi1,ph1,7.367319258755877,-1.1618817191822748,19
1687,paco21,hema1,59.90463486336054,-1.1916129915128406,19
1687,paco21,ph1,328.9323166142497,-1.2359688549418861,19
1687,pafi1,hema1,15.355727534842234,-1.6932206466594095,19
1687,pafi1,ph1,0.3557477497567292,-1.4293088452448437,19
1688,paco21,hema1,49.16424486855799,-1.4567495261306875,19
1688,paco21,ph1,325.32330637423354,-1.6097265479196272,19
1688,pafi1,hema1,24.105869147736833,-1.6131665797711068,19
1688,pafi1,ph1,2.7295019036044965,-1.6143623275271104,19
1689,paco21,hema1,75.95932086278822,-0.7867145944942592,18
1689,paco21,ph1,345.9973491818783,-1.021907239039554,18
1689,pafi1,hema1,32.27756723469508,-1.0194248933862595,18
1689,pafi1,ph1,4.840103518038226,-0.9344776457914661,18
1690,paco21,hema1,59.15628482911848,-0.8875319495597177,19
1690,paco21,ph1,307.7944004779261,-1.10678257879817,19
1690,pafi1,hema1,36.9655127964568,-1.233584890029724,19
1690,pafi1,ph1,0.08620982981408648,-1.9556371428618735,19
1691,paco21,hema1,49.39735412635464,-0.7645908936777893,19
1691,paco21,ph1,300.62228861374,-0.8615834393949322,19
1691,pafi1,hema1,55.913229630776236,-1.316760878230266,19
1691,pafi1,ph1,12.18236609780497,-0.8143328799572368,19
1692,paco21,hema1,46.01352180015594,-1.1435382050396874,19
1692,paco21,ph1,397.6217578038319,-1.287401979968895,19
1692,pafi1,hema1,8.19726443585893,-1.4413163155183026,19
1692,pafi1,ph1,0.9645680738467152,-1.4544143648055898,19
1693,paco21,hema1,42.642244785439175,-1.2785562370688142,18
1693,paco21,ph1,315.3605530033406,-1.387891621929581,18
1693,pafi1,hema1,33.40415101778254,-1.5820277946828847,18
1693,pafi1,ph1,2.0456120178177346,-1.6415884530642524,18
1694,paco21,hema1,49.357628892604346,-1.2463679471926978,19
1694,paco21,ph1,319.85529504549726,-1.313972796488164,19
1694,pafi1,hema1,54.04596725114639,-1.2118747576785716,19
1694,pafi1,ph1,4.756545495807046,-1.3642825799144862,19
1695,paco21,hema1,58.43126821878548,-1.3510203799797667,19
1695,paco21,ph1,404.22581607502843,-1.5508556803505986,19
1695,pafi1,hema1,11.314811596323528,-1.524210040149291,19
1695,pafi1,ph1,0.6121887790851979,-1.5526600741116823,19
1696,paco21,hema1,62.76201869603471,-1.1672239192381804,19
1696,paco21,ph1,276.0665740462295,-1.1505135990844126,19
1696,pafi1,hema1,27.48526836228393,-1.0269476842783853,19
1696,pafi1,ph1,0.03766227125855596,-2.067856011294343,19
1697,paco21,hema1,42.818903548335555,-0.9839769554255966,18
1697,paco21,ph1,330.2951235064981,-1.3388256611649927,18
1697,pafi1,hema1,18.891880752116883,-1.482987940602979,18
1697,pafi1,ph1,0.6192075560064435,-1.2675976023353894,18
1698,paco21,hema1,53.74147504060964,-1.0436481075821837,19
1698,paco21,ph1,325.1607170821024,-1.28747718550007,19
1698,pafi1,hema1,51.100368826260876,-1.46572100213391,19
1698,pafi1,ph1,0.8718587587028258,-1.009901424363704,19
1699,paco21,hema1,50.01985521574777,-1.1426064903468385,19
1699,paco21,ph1,304.11835018859387,-1.2741428236250383,19
1699,pafi1,hema1,18.26728908473693,-1.379165843236926,19
1699,pafi1,ph1,2.1688906695642878,-0.9328018283502438,19
1700,paco21,hema1,64.01474072213675,-0.753469824638946,19
1700,paco21,ph1,456.95599312953425,-1.0159763266348445,19
1700,pafi1,hema1,35.73644714714298,-1.0575192948625056,19
1700,pafi1,ph1,2.9037292577679414,-0.8350828657105497,19
1701,paco21,hema1,51.149787694052016,-1.5485504955530034,19
1701,paco21,ph1,253.05351204856905,-1.5431337567244434,19
1701,pafi1,hema1,35.65180284807806,-1.8933792161428922,19
1701,pafi1,ph1,0.8196705734949526,-0.979782353071229,19
1702,paco21,hema1,64.83759535155123,-0.9480447724035836,19
1702,paco21,ph1,404.3208584536033,-1.0399680385245595,19
1702,pafi1,hema1,30.83989639230117,-1.2681857157760599,19
1702,pafi1,ph1,5.506278744807696,-1.1744757520822704,19
1703,paco21,hema1,36.913654723121894,-0.5086434286498287,19
1703,paco21,ph1,461.51274780957493,-1.1931167682012187,19
1703,pafi1,hema1,48.42599971818208,-1.0067091048233054,19
1703,pafi1,ph1,6.7942027358528385,-1.2491834295880164,19
1704,paco21,hema1,64.84179697815013,-1.293154640491871,19
1704,paco21,ph1,262.8991179523944,-1.4831265925352068,19
1704,pafi1,hema1,38.78648595039492,-1.4516351817801258,19
1704,pafi1,ph1,6.304814987430007,-1.4749073256891938,19
1705,paco21,hema1,62.47826646112114,-1.4088798201504056,19
1705,paco21,ph1,307.7891092743107,-1.4010980855932877,19
1705,pafi1,hema1,17.87479184392827,-1.657705269179844,19
1705,pafi1,ph1,4.8806884163376925,-1.1443619566528196,19
1706,paco21,hema1,39.76933441152298,-1.4519072210696278,19
1706,paco21,ph1,441.99539413738233,-1.7083679305562818,19
1706,pafi1,hema1,18.53407176705057,-1.8553036879454552,19
1706,pafi1,ph1,8.670280885459482,-1.7289017936084083,19
1707,paco21,hema1,41.911757851626476,-0.7258760108562243,19
1707,paco21,ph1,408.6045525853359,-1.4433361634044626,19
1707,pafi1,hema1,41.5236093183699,-1.441394359218666,19
1707,pafi1,ph1,2.170227756185028,-1.392152924124166,19
1708,paco21,hema1,59.74287829071136,-1.1398714965618386,19
1708,paco21,ph1,387.2135449145087,-1.2487821776574903,19
1708,pafi1,hema1,41.29360986403578,-1.4702598893877628,19
1708,pafi1,ph1,1.6783190054868002,-0.486737998305415,19
1709,paco21,hema1,70.4930806489564,-1.327735111382457,19
1709,paco21,ph1,436.0510010744774,-1.4315129546984642,19
1709,pafi1,hema1,33.04053157912603,-1.5057347267190477,19
1709,pafi1,ph1,5.656924889144566,-1.3045983564052357,19
1710,paco21,hema1,51.4511049086049,-0.8313619371622442,19
1710,paco21,ph1,386.6659359255249,-0.9172300532843867,19
1710,pafi1,hema1,24.708273302111305,-0.8811484131178747,19
1710,pafi1,ph1,5.836516686042224,-0.9380583744123425,19
1711,paco21,hema1,56.254520055853156,-1.3259027229216485,19
1711,paco21,ph1,301.44267938403243,-1.4342401470211497,19
1711,pafi1,hema1,32.038153043009416,-1.3990938509675688,19
1711,pafi1,ph1,0.8565592176469572,-1.4650755191633618,19
1712,paco21,hema1,44.46057381305247,-0.9957072820621554,19
1712,paco21,ph1,237.68692351523663,-1.158143018916491,19
1712,pafi1,hema1,38.35892835317362,-1.2096793840553768,19
1712,pafi1,ph1,9.277057720181972,-1.1512561438490465,19
1713,paco21,hema1,37.411652379168416,-0.8610688582479501,19
1713,paco21,ph1,450.32161210034286,-1.0794871648903468,19
1713,pafi1,hema1,40.71359362495774,-1.1920763734141955,19
1713,pafi1,ph1,2.508850271834028,-1.130754102193247,19
1714,paco21,hema1,38.72344576914243,-1.0704891258781752,19
1714,paco21,ph1,360.1350705118444,-1.208009461421294,19
1714,pafi1,hema1,22.932321547646215,-1.2788318799291847,19
1714,pafi1,ph1,5.563593632898387,-1.2449387529491147,19
1715,paco21,hema1,56.67206349630318,-1.401069994137271,19
1715,paco21,ph1,322.9014092057034,-1.487498182469778,19
1715,pafi1,hema1,19.577945717349305,-1.6505969028055147,19
1715,pafi1,ph1,0.31762302138353204,-1.3151043452492057,19
1716,paco21,hema1,38.38232506605897,-1.2349000205204144,19
1716,paco21,ph1,268.35146816940915,-1.4903712751397695,19
1716,pafi1,hema1,13.524274723915648,-1.6645526859948074,19
1716,pafi1,ph1,7.221161327314555,-1.461141453196644,19
1717,paco21,hema1,50.65526297772696,-1.695587859948586,19
1717,paco21,ph1,415.710916780062,-1.735292129147815,19
1717,pafi1,hema1,29.63123908749492,-1.8045055735959386,19
1717,pafi1,ph1,3.173484086148686,-1.6995812888469968,19
1718,paco21,hema1,54.75551494331083,-1.2211937603620595,19
1718,paco21,ph1,320.4651073794546,-1.3536505646366577,19
1718,pafi1,hema1,24.727478294866287,-1.646531222600427,19
1718,pafi1,ph1,1.631763632577543,-0.7102867749282656,19
1719,paco21,hema1,69.23804640472673,-0.9544509527615475,19
1719,paco21,ph1,505.9865103570922,-1.304068509956379,19
1719,pafi1,hema1,53.960511316002794,-1.3623236767175544,19
1719,pafi1,ph1,0.2311777216391567,-1.0461575335326483,19
1720,paco21,hema1,47.079776053742194,-0.33045166263115927,19
1720,paco21,ph1,276.22517762953663,-0.5223687412729429,19
1720,pafi1,hema1,9.521990349646446,-0.7312908925272532,19
1720,pafi1,ph1,14.16466235336054,-0.4207882337370907,19
1721,paco21,hema1,48.5263704357256,-0.7167195659148438,18
1721,paco21,ph1,323.6069753357097,-0.8426952206528977,18
1721,pafi1,hema1,17.84460287404642,-0.9167105794365258,18
1721,pafi1,ph1,0.312627116115131,-0.5964608048003129,18
1722,paco21,hema1,65.86520586199086,-1.121676741550649,19
1722,paco21,ph1,477.0376904098739,-1.3550906451609972,19
1722,pafi1,hema1,28.602620684862075,-1.5246342362599723,19
1722,pafi1,ph1,6.102223825672702,-1.4176608671503022,19
1723,paco21,hema1,76.49028653553437,-1.3056136826346054,19
1723,paco21,ph1,270.65724560714955,-1.3629229935173275,19
1723,pafi1,hema1,41.985453558889134,-1.282340035037507,19
1723,pafi1,ph1,8.55749144044975,-1.4395473147458864,19
1724,paco21,hema1,44.469946897994895,-0.8001914691867505,19
1724,paco21,ph1,243.63442628384576,-0.9791501802811315,19
1724,pafi1,hema1,37.165414081206485,-1.0606928035311887,19
1724,pafi1,ph1,1.486381691643167,-0.8339055002250653,19
1725,paco21,hema1,48.41365583912036,-0.6780746655089303,19
1725,paco21,ph1,316.81565874140887,-1.0795229248740188,19
1725,pafi1,hema1,23.60672528418245,-1.058038916288223,19
1725,pafi1,ph1,15.31705711075207,-1.0307919839931836,19
1726,paco21,hema1,45.04367633573967,-0.8811842046011835,19
1726,paco21,ph1,326.80058862077396,-1.1840421777765027,19
1726,pafi1,hema1,20.636486249634228,-1.1422854030061578,19
1726,pafi1,ph1,3.1658409860065913,-1.1691447880225727,19
1727,paco21,hema1,55.689142817356185,-0.8396384325604751,19
1727,paco21,ph1,378.3274700775238,-1.121304242378805,19
1727,pafi1,hema1,39.083361856665896,-1.1069972959311334,19
1727,pafi1,ph1,3.7166458082266725,-1.1202939143572308,19
1728,paco21,hema1,50.25016018219649,-0.8880149061385042,18
1728,paco21,ph1,267.2990967973095,-1.0578423290741712,18
1728,pafi1,hema1,11.011601393434832,-0.9922903581924084,18
1728,pafi1,ph1,1.071847310689801,-1.0915647827788915,18
1729,paco21,hema1,38.932702413510015,-1.203864742305154,19
1729,paco21,ph1,264.5498402326627,-1.2999241118545235,19
1729,pafi1,hema1,49.20269792615921,-1.3206200253580649,19
1729,pafi1,ph1,1.3986070068912138,-1.2913368232858462,19
1730,paco21,hema1,66.94996531020317,-1.0040211571432152,19
1730,paco21,ph1,327.2603553181351,-1.2376380749794222,19
1730,pafi1,hema1,34.68268374325497,-1.1698335518917051,19
1730,pafi1,ph1,2.7022604482542545,-1.2816021848734425,19
1731,paco21,hema1,37.01379418164835,-0.8651868180152015,19
1731,paco21,ph1,327.67294879183606,-1.4049439988234458,19
1731,pafi1,hema1,14.345018766848717,-1.2850285120375178,19
1731,pafi1,ph1,0.093194985882222,-1.767192049133347,19
1732,paco21,hema1,66.86358399014522,-1.0162539062721585,19
1732,paco21,ph1,268.53767479659973,-1.3097884465840914,19
1732,pafi1,hema1,24.454414976005342,-1.190520137639883,19
1732,pafi1,ph1,1.4558706135965869,-1.3606275186629897,19
1733,paco21,hema1,78.10994206280155,-0.9999340388962006,19
1733,paco21,ph1,267.06883386446617,-1.4019385391187604,19
1733,pafi1,hema1,20.05905372427587,-1.5256654889007284,19
1733,pafi1,ph1,0.31770927026504453,-1.0086998940302654,19
1734,paco21,hema1,55.64941247069643,-1.6268924684760218,19
1734,paco21,ph1,308.5612618960708,-1.8730164957876245,19
1734,pafi1,hema1,28.64108697468818,-2.1024135489921787,19
1734,pafi1,ph1,9.054771918036348,-1.635220815139408,19
1735,paco21,hema1,44.06870253027508,-0.9568718953621704,19
1735,paco21,ph1,304.85170130983596,-1.0511219273408212,19
1735,pafi1,hema1,35.20777731711099,-1.0499411834723165,19
1735,pafi1,ph1,0.09203383922255534,-0.5760064569508399,19
1736,paco21,hema1,35.52502492834727,-1.3017762539477047,19
1736,paco21,ph1,241.41232252361277,-1.386137252972978,19
1736,pafi1,hema1,20.645459605034663,-1.6089086563955008,19
1736,pafi1,ph1,2.2218845325663144,-1.0382863515928262,19
1737,paco21,hema1,54.42104502996718,-0.8485287116558751,19
1737,paco21,ph1,421.1173554348876,-1.0892195994120724,19
1737,pafi1,hema1,41.007788092039306,-1.2703222499247055,19
1737,pafi1,ph1,3.754989908306523,-1.192232204537456,19
1738,paco21,hema1,55.5793222876746,-1.3541519858952222,19
1738,paco21,ph1,294.04265633709116,-1.3721297506881394,19
1738,pafi1,hema1,22.337569043420473,-1.5507181963180776,19
1738,pafi1,ph1,1.102726902586055,-1.1738074370239324,19
1739,paco21,hema1,48.44826455051193,-0.8235819180573158,19
1739,paco21,ph1,254.43662338714296,-1.166237227102763,19
1739,pafi1,hema1,8.903955862142187,-1.1227815882356382,19
1739,pafi1,ph1,0.5679216204156092,-1.1732562172986214,19
1740,paco21,hema1,45.063107802442225,-1.5666194403954552,19
1740,paco21,ph1,454.86721146275414,-1.561833915616915,19
1740,pafi1,hema1,21.319803707959203,-1.6072603290169496,19
1740,pafi1,ph1,1.374517104158034,-1.6292053799472468,19
1741,paco21,hema1,47.0219843517289,-0.9740834781853478,19
1741,paco21,ph1,308.1619197993954,-1.1270259345066753,19
1741,pafi1,hema1,21.938648256995698,-1.2952645758726227,19
1741,pafi1,ph1,0.020156454420469462,-4.442238302365099,19
1742,paco21,hema1,39.241531310918546,-1.2376308590014522,19
1742,paco21,ph1,400.59119624301604,-1.4028386236822212,19
1742,pafi1,hema1,23.88226943609367,-1.3979453434999667,19
1742,pafi1,ph1,0.584733921691988,-1.3682937591061708,19
1743,paco21,hema1,61.95953498747908,-1.2036269124506305,18
1743,paco21,ph1,250.72442994643956,-1.476703776083574,18
1743,pafi1,hema1,27.240678470469827,-1.507049295907307,18
1743,pafi1,ph1,1.3012075529139817,-1.4062620286259873,18
1744,paco21,hema1,42.37881517564993,-0.586335801664957,19
1744,paco21,ph1,316.1364644322625,-0.7898439467925511,19
1744,pafi1,hema1,40.39696088765062,-0.6277543568146137,19
1744,pafi1,ph1,1.6248233791867737,-0.991494357456591,19
1745,paco21,hema1,48.0458834663946,-0.876595278762177,19
1745,paco21,ph1,295.43751473270004,-1.0824934741748895,19
1745,pafi1,hema1,17.461062547511755,-0.9288418990696781,19
1745,pafi1,ph1,0.4966534549002002,-1.2057020319229355,19
1746,paco21,hema1,70.74045446435902,-0.9706250766559779,19
1746,paco21,ph1,414.35886126504965,-1.1793811239282015,19
1746,pafi1,hema1,21.301758345444355,-1.1937494696934374,19
1746,pafi1,ph1,2.1167387380528666,-1.1663313737371674,19
1747,paco21,hema1,45.858482612520945,-1.4033795213082954,19
1747,paco21,ph1,256.92855030744056,-1.4827958216949402,19
1747,pafi1,hema1,22.938603510757698,-1.6041915402411764,19
1747,pafi1,ph1,0.1740672762029809,-0.8147600261766104,19
1748,paco21,hema1,49.1060892926689,-0.8598875680636591,19
1748,paco21,ph1,260.11625288908135,-0.7694782504884613,19
1748,pafi1,hema1,26.60136581274688,-0.728299422793307,19
1748,pafi1,ph1,0.1350590973265557,-0.8095678892837144,19
1749,paco21,hema1,68.75077755711027,-1.5286815158487133,19
1749,paco21,ph1,321.90477683581116,-1.7242816262291567,19
1749,pafi1,hema1,35.52899360333804,-1.9548615779148284,19
1749,pafi1,ph1,0.9431180271872129,-1.6274186492960234,19
1750,paco21,hema1,43.169296476235274,-0.8559858302004697,19
1750,paco21,ph1,382.7086725093853,-0.9735137484278681,19
1750,pafi1,hema1,22.196167632681718,-0.9906119997144391,19
1750,pafi1,ph1,1.921136015321356,-0.986843714784329,19
1751,paco21,hema1,74.66165880127356,-1.5047542221900225,19
1751,paco21,ph1,311.8349897512721,-1.6031643251725076,19
1751,pafi1,hema1,56.57213145768614,-1.597422991487315,19
1751,pafi1,ph1,10.767635243989805,-1.5914347330086938,19
1752,paco21,hema1,41.87089836597587,-1.4845809782164947,19
1752,paco21,ph1,284.37396613580813,-1.624042823036704,19
1752,pafi1,hema1,17.92901221890388,-1.4687671376115183,19
1752,pafi1,ph1,0.1496230704311504,-0.899182205627609,19
1753,paco21,hema1,42.88928732964033,-1.2034930352376358,19
1753,paco21,ph1,282.9988604980251,-1.3692431745677371,19
1753,pafi1,hema1,24.303401055655243,-1.4082311276561037,19
1753,pafi1,ph1,1.7187271742498147,-1.233782570078345,19
1754,paco21,hema1,75.42777449195518,-0.8953007285308813,19
1754,paco21,ph1,418.17217565706073,-1.1612527738704204,19
1754,pafi1,hema1,49.0055974214702,-0.9304957352910368,19
1754,pafi1,ph1,1.9754330117927354,-0.6499853095172985,19
1755,paco21,hema1,30.40400088215096,-1.0711190887363977,19
1755,paco21,ph1,411.78030451318887,-1.2273334874582498,19
1755,pafi1,hema1,27.743142480298225,-1.2298606620742798,19
1755,pafi1,ph1,2.373275909898584,-1.2233546067289953,19
1756,paco21,hema1,57.43955590860286,-1.14820989952743,18
1756,paco21,ph1,258.17338874748145,-1.2913932186700006,18
1756,pafi1,hema1,28.01840426675194,-1.1088573307134169,18
1756,pafi1,ph1,6.785247166520848,-1.4918048300232531,18
1757,paco21,hema1,42.46681336445308,-1.2523155373337425,19
1757,paco21,ph1,303.0911341853442,-1.5302338968523461,19
1757,pafi1,hema1,24.11238683366334,-1.6722218030623852,19
1757,pafi1,ph1,4.54068249254671,-1.3462544402301657,19
1758,paco21,hema1,53.37619025314191,-1.5158408042308158,19
1758,paco21,ph1,395.2973285349576,-1.5587095811392333,19
1758,pafi1,hema1,40.14853908144644,-1.5228876584381,19
1758,pafi1,ph1,0.5106951317789253,-1.7259187191762855,19
1759,paco21,hema1,57.00864115091295,-1.2274072000067573,19
1759,paco21,ph1,410.04960535887574,-1.1708915081582913,19
1759,pafi1,hema1,18.6377766667588,-1.5359494289942643,19
1759,pafi1,ph1,0.4348795422790145,-0.6555312503516325,19
1760,paco21,hema1,70.9594386289303,-1.4629515895985177,18
1760,paco21,ph1,359.77920621719664,-1.5400501589157545,18
1760,pafi1,hema1,17.786601484308342,-1.803265968787752,18
1760,pafi1,ph1,0.7565682788777288,-1.614727573341055,18
1761,paco21,hema1,59.11841588190058,-1.1714512285973737,19
1761,paco21,ph1,228.31088571187783,-1.339761928492514,19
1761,pafi1,hema1,9.245176228404892,-2.339235547544506,19
1761,pafi1,ph1,1.0154859064836033,-0.6458442648768746,19
1762,paco21,hema1,28.430254767613402,-1.1853130678342216,19
1762,paco21,ph1,273.94943224340585,-1.3589231082143225,19
1762,pafi1,hema1,19.510335937121663,-1.248710110747636,19
1762,pafi1,ph1,3.319793039772629,-1.3668563240984606,19
1763,paco21,hema1,53.18908441782685,-1.1913339747149425,19
1763,paco21,ph1,252.43149639959188,-1.2504969039835514,19
1763,pafi1,hema1,9.579270413670473,-1.4186641153050796,19
1763,pafi1,ph1,0.03567248668121962,0.824653030312533,19
1764,paco21,hema1,69.12812610801849,-1.124254332518993,19
1764,paco21,ph1,444.9749093123979,-1.2231263855654562,19
1764,pafi1,hema1,29.41378725976873,-1.358317894039202,19
1764,pafi1,ph1,0.7219602503761007,-1.4342142644786193,19
1765,paco21,hema1,43.48510741243232,-0.901504214706423,19
1765,paco21,ph1,317.6654828581725,-1.050937598847421,19
1765,pafi1,hema1,11.648559267352308,-1.045168359357393,19
1765,pafi1,ph1,3.8928363856495096,-1.0395481129853215,19
1766,paco21,hema1,56.53033592487567,-1.2526891323862082,19
1766,paco21,ph1,270.66712078979253,-1.4946873178902362,19
1766,pafi1,hema1,8.450682832727383,-0.7421155150700383,19
1766,pafi1,ph1,1.352029793322343,-1.6104489978738328,19
1767,paco21,hema1,74.3554361349456,-0.9570287257367097,19
1767,paco21,ph1,320.116557515004,-1.1809435130335348,19
1767,pafi1,hema1,56.30008854392429,-1.4412216232383206,19
1767,pafi1,ph1,4.702187740710221,-1.2240291765528604,19
1768,paco21,hema1,44.764844611335825,-1.3680333734450514,19
1768,paco21,ph1,247.99805532049234,-1.380896624816392,19
1768,pafi1,hema1,20.70885268414254,-1.3578731128931607,19
1768,pafi1,ph1,0.19762978207860926,-1.3081935150726276,19
1769,paco21,hema1,48.975347179057216,-1.2975016892411455,19
1769,paco21,ph1,414.4556872701613,-1.4342259396291936,19
1769,pafi1,hema1,28.202610036628794,-1.5923837415915585,19
1769,pafi1,ph1,3.782382240111001,-1.5024373262954132,19
1770,paco21,hema1,43.96553115309117,-1.1499872263216446,19
1770,paco21,ph1,257.3199324819064,-1.18527067768105,19
1770,pafi1,hema1,23.138144612650485,-1.311985634024358,19
1770,pafi1,ph1,0.4018660488466364,-0.6961617734001616,19
1771,paco21,hema1,50.72046192818286,-1.3193053485826973,19
1771,paco21,ph1,412.0158609758855,-1.5664757711405486,19
1771,pafi1,hema1,24.550051178826582,-1.6981958309903178,19
1771,pafi1,ph1,3.6380125224622013,-1.4633272593688398,19
1772,paco21,hema1,56.805562206314434,-1.3546244352452792,19
1772,paco21,ph1,431.70191570596495,-1.6070025185802608,19
1772,pafi1,hema1,24.655883963867673,-1.9744035553144335,19
1772,pafi1,ph1,0.1479056380584846,-1.3522543189923555,19
1773,paco21,hema1,30.41977785394837,-0.9225305330022376,18
1773,paco21,ph1,307.6783438071668,-1.206903037851353,18
1773,pafi1,hema1,19.08542796399261,-0.9175722051871158,18
1773,pafi1,ph1,0.6600145550409946,-1.3103062424337941,18
1774,paco21,hema1,59.76683625755737,-1.4670589981108118,19
1774,paco21,ph1,362.1282633105399,-1.7944594263429168,19
1774,pafi1,hema1,42.10785053041694,-1.9645900721844134,19
1774,pafi1,ph1,8.521164258724507,-1.5105469837968577,19
1775,paco21,hema1,49.13573471779318,-0.8888767634615256,19
1775,paco21,ph1,261.32519728552245,-1.1792516762569092,19
1775,pafi1,hema1,22.177828913448213,-1.1788615275048895,19
1775,pafi1,ph1,0.0012308253515327216,-0.6946927575926508,19
1776,paco21,hema1,63.057495687379514,-1.3320826142395625,19
1776,paco21,ph1,318.1327026706027,-1.350100944109562,19
1776,pafi1,hema1,50.38923575697074,-1.4145255944607376,19
1776,pafi1,ph1,2.615532795046053,-1.2417874364714219,19
1777,paco21,hema1,70.25898878582692,-1.3232926332891775,19
1777,paco21,ph1,326.2404064777648,-1.5335224399279253,19
1777,pafi1,hema1,29.90300377416887,-1.4067952630065395,19
1777,pafi1,ph1,7.0602948611463665,-1.560929541249453,19
1778,paco21,hema1,68.18184516476724,-1.0756752867211452,18
1778,paco21,ph1,415.1590444500514,-1.3339202691170877,18
1778,pafi1,hema1,21.70207632904545,-1.1614935885069475,18
1778,pafi1,ph1,0.6688827107951582,-1.6015166324885166,18
1779,paco21,hema1,52.163691053327014,-1.6979427695096858,19
1779,paco21,ph1,244.70612554897457,-1.8222776269221925,19
1779,pafi1,hema1,12.90699384899901,-1.9669333293817977,19
1779,pafi1,ph1,0.2859026999797607,-1.6855294915947523,19
1780,paco21,hema1,70.4091076985971,-1.0463447122181582,19
1780,paco21,ph1,431.19519473640247,-1.2769005908856446,19
1780,pafi1,hema1,56.01545293625978,-1.2562518989188702,19
1780,pafi1,ph1,2.860081727891704,-1.2599031897876127,19
1781,paco21,hema1,73.53026919793197,-1.4438703599840723,19
1781,paco21,ph1,280.93975662023206,-1.5150260455144846,19
1781,pafi1,hema1,15.192917359884921,-1.5433942234209266,19
1781,pafi1,ph1,3.189474375623646,-1.473759825376172,19
1782,paco21,hema1,48.399150747345665,-0.905016929528544,19
1782,paco21,ph1,283.68829810829317,-0.9232153165207481,19
1782,pafi1,hema1,16.940822513363326,-1.1080816579657276,19
1782,pafi1,ph1,1.3025433410430551,-0.8024045330005967,19
1783,paco21,hema1,34.28457377090991,-0.9651318383986834,19
1783,paco21,ph1,303.3656214395152,-1.2446707104483887,19
1783,pafi1,hema1,27.82351926196635,-1.5282406694499868,19
1783,pafi1,ph1,0.6436855166169163,-0.46497408276029,19
1784,paco21,hema1,74.65890526907104,-0.8787457752990406,19
1784,paco21,ph1,329.941443118743,-1.1000877935752402,19
1784,pafi1,hema1,50.390101342495655,-1.1248144360371182,19
1784,pafi1,ph1,11.683954388596339,-1.098340500533054,19
1785,paco21,hema1,83.48324225547088,-1.2262303920479694,19
1785,paco21,ph1,300.9939243661856,-1.3744003503712594,19
1785,pafi1,hema1,31.298594548901896,-1.6624295297065363,19
1785,pafi1,ph1,2.031036098496987,-1.0314018954962767,19
1786,paco21,hema1,47.27163211922934,-0.6667781215209748,19
1786,paco21,ph1,383.4563243167977,-0.8795186595220708,19
1786,pafi1,hema1,25.206189179846476,-0.8059570397244923,19
1786,pafi1,ph1,5.6638428021631215,-0.8163756495208571,19
1787,paco21,hema1,46.83570840315991,-1.0849100661195783,19
1787,paco21,ph1,347.77120448154466,-1.4043556179474153,19
1787,pafi1,hema1,16.568834009095358,-1.3810354427681804,19
1787,pafi1,ph1,5.233177428396112,-1.3409903224479192,19
1788,paco21,hema1,51.81257547272982,-1.5438446334896092,19
1788,paco21,ph1,331.48380208502414,-1.5717315391582483,19
1788,pafi1,hema1,54.73281101693024,-1.646029286148625,19
1788,pafi1,ph1,2.6685430413695874,-1.4194353425927566,19
1789,paco21,hema1,44.203184379813884,-1.2209987991245095,19
1789,paco21,ph1,288.4519574284077,-1.3824414291195133,19
1789,pafi1,hema1,48.60016220490888,-1.2121648870720776,19
1789,pafi1,ph1,5.006614562237145,-1.5962697608737941,19
1790,paco21,hema1,38.66471666193845,-1.2816793743974566,19
1790,paco21,ph1,308.715499456825,-1.5941867583322906,19
1790,pafi1,hema1,15.971494076994965,-1.6328593894814534,19
1790,pafi1,ph1,4.810978240189142,-1.4810039800369208,19
1791,paco21,hema1,44.98329921200139,-1.1074645857708116,19
1791,paco21,ph1,368.4819065297773,-1.1845680637988976,19
1791,pafi1,hema1,19.832830522617275,-1.3558181297530518,19
1791,pafi1,ph1,0.538203760166406,-1.148162833316579,19
1792,paco21,hema1,57.96427171945704,-0.6330981152929501,18
1792,paco21,ph1,404.84811113726494,-1.1706070999886362,18
1792,pafi1,hema1,26.498019876683284,-1.1992933283722618,18
1792,pafi1,ph1,2.581182907267338,-0.9652385377260095,18
1793,paco21,hema1,42.866902464658295,-1.1102759970488463,18
1793,paco21,ph1,241.98019619504083,-1.3683822887449628,18
1793,pafi1,hema1,29.539952875813945,-1.42055489461675,18
1793,pafi1,ph1,0.8577277315624516,-1.1442331501213643,18
1794,paco21,hema1,38.161890921270434,-1.0968009129239187,19
1794,paco21,ph1,307.1071956821313,-1.425212259118077,19
1794,pafi1,hema1,21.19580699771521,-1.5598863880053666,19
1794,pafi1,ph1,0.10426506941668402,-0.8470325259170028,19
1795,paco21,hema1,62.676682450997546,-1.1383282556447518,19
1795,paco21,ph1,337.0776319104163,-1.1731899191943806,19
1795,pafi1,hema1,38.084740913985954,-1.3650982541241239,19
1795,pafi1,ph1,0.558729921983809,-0.16231547052704504,19
1796,paco21,hema1,45.958146859244586,-1.0642367369880286,19
1796,paco21,ph1,423.06183061825305,-1.4535770409485516,19
1796,pafi1,hema1,18.323071788831015,-1.8719194832040629,19
1796,pafi1,ph1,0.06967884242294672,0.7939147258294038,19
1797,paco21,hema1,48.3569622159739,-1.770609873120803,19
1797,paco21,ph1,369.3719244772071,-1.9192276673736908,19
1797,pafi1,hema1,10.090308935880513,-1.6835546064312708,19
1797,pafi1,ph1,0.45610752367993257,-1.8884812986702237,19
1798,paco21,hema1,92.44503750741751,-1.4042069575249865,19
1798,paco21,ph1,461.35861631955214,-1.5297690384796065,19
1798,pafi1,hema1,55.2129697829321,-1.492426528393834,19
1798,pafi1,ph1,1.2490949287613828,-1.553217318115248,19
1799,paco21,hema1,49.72329521959775,-1.1952492802744854,19
1799,paco21,ph1,279.30056351692946,-1.448095709900203,19
1799,pafi1,hema1,26.72958815408738,-1.3249995953910607,19
1799,pafi1,ph1,2.6217558901573748,-1.5589393645780474,19
1800,paco21,hema1,50.02828262230233,-0.6965855574050916,19
1800,paco21,ph1,303.78370043575995,-0.6276611381794167,19
1800,pafi1,hema1,19.5133363516931,-0.6382854207918109,19
1800,pafi1,ph1,0.007666750631122793,-0.5376780880050697,19
1801,paco21,hema1,48.2083618421988,-1.2632947005300585,19
1801,paco21,ph1,257.5837900132517,-1.3913807886751361,19
1801,pafi1,hema1,22.47103313864786,-1.505612279192468,19
1801,pafi1,ph1,7.015593342385067,-1.1117968726070453,19
1802,paco21,hema1,45.38557047399957,-1.2095540646561256,19
1802,paco21,ph1,181.52855885697699,-1.3239013969355014,19
1802,pafi1,hema1,30.729974030276672,-1.7699102390964692,19
1802,pafi1,ph1,12.400206050531844,-0.9576423091373585,19
1803,paco21,hema1,47.13449111005697,-1.067681893351387,19
1803,paco21,ph1,371.8359843639177,-1.1290723463561734,19
1803,pafi1,hema1,10.657552790400077,-1.2082660445511721,19
1803,pafi1,ph1,0.18564811866164024,-1.119513409978072,19
1804,paco21,hema1,60.78270822211675,-1.1059265554641924,19
1804,paco21,ph1,412.40506266576966,-1.3462197551733173,19
1804,pafi1,hema1,27.99520830245521,-1.4893903527476224,19
1804,pafi1,ph1,6.5666690370247105,-1.2542767660927565,19
1805,paco21,hema1,38.78178922145101,-1.152666864736991,19
1805,paco21,ph1,335.3423950373403,-1.4944077286325526,19
1805,pafi1,hema1,15.56529479958694,-1.8432438223942882,19
1805,pafi1,ph1,0.009132561147073252,3.4961450355612573,19
1806,paco21,hema1,38.72470478520437,-0.9948998583066703,19
1806,paco21,ph1,322.6586499380653,-1.2395198612439606,19
1806,pafi1,hema1,27.288378179471643,-1.1576275306074995,19
1806,pafi1,ph1,1.5156962631085105,-1.2066772305761417,19
1807,paco21,hema1,57.70235848334437,-1.1606696986417637,18
1807,paco21,ph1,268.1877206516123,-1.328060221290185,18
1807,pafi1,hema1,39.28180809224069,-1.5042786295407633,18
1807,pafi1,ph1,2.2337395795478194,-1.179771512851119,18
1808,paco21,hema1,45.72805685191118,-1.2106352205272954,18
1808,paco21,ph1,412.81991198098973,-1.2539427392354259,18
1808,pafi1,hema1,30.20467278183564,-1.551573334334969,18
1808,pafi1,ph1,8.327153299394503,-1.180249834282731,18
1809,paco21,hema1,52.96945549143696,-1.090705240341793,19
1809,paco21,ph1,421.589261056042,-1.2097419353338634,19
1809,pafi1,hema1,29.34914294348642,-1.1586511119590284,19
1809,pafi1,ph1,7.000359364960233,-1.2225983771798592,19
1810,paco21,hema1,52.76490305134127,-0.6922731548904195,19
1810,paco21,ph1,291.9503943057144,-1.1724861387461083,19
1810,pafi1,hema1,44.64130916368935,-1.3079291428500148,19
1810,pafi1,ph1,3.744208637060052,-1.149653596298898,19
1811,paco21,hema1,36.58277624167104,-1.3766084132166334,19
1811,paco21,ph1,213.71487040462247,-1.6004962352831895,19
1811,pafi1,hema1,23.89989230171962,-1.8558978859413333,19
1811,pafi1,ph1,2.0537472597933557,-1.57260415597171,19
1812,paco21,hema1,61.49299969075723,-1.270878954812345,19
1812,paco21,ph1,263.16756798469055,-1.4353367416068383,19
1812,pafi1,hema1,27.04597953846023,-1.6214308077732353,19
1812,pafi1,ph1,0.0017845288611128985,12.103142993061198,19
1813,paco21,hema1,50.066643439995595,-1.175204888751082,19
1813,paco21,ph1,281.94885606663433,-1.3090387927534346,19
1813,pafi1,hema1,20.800714952888832,-0.8680022357813414,19
1813,pafi1,ph1,0.05167003136549406,-5.98572283362166,19
1814,paco21,hema1,48.47837941909103,-1.1551991726759108,18
1814,paco21,ph1,287.78640060733994,-1.3491347841302914,18
1814,pafi1,hema1,25.462455502884065,-1.3944947894734219,18
1814,pafi1,ph1,0.3728483565822698,-1.2807693213972373,18
1815,paco21,hema1,40.92244128019495,-0.5184154241360034,19
1815,paco21,ph1,311.49455570723126,-0.7203941969151927,19
1815,pafi1,hema1,13.99565573926492,-1.5663693707721666,19
1815,pafi1,ph1,0.8456935948275192,-0.3408725909847489,19
1816,paco21,hema1,40.14761422725524,-1.0585144253532812,18
1816,paco21,ph1,453.4967291171411,-1.0879710965407785,18
1816,pafi1,hema1,21.73272072026632,-1.2179739021850964,18
1816,pafi1,ph1,0.33353765399162394,-1.1193259647602816,18
1817,paco21,hema1,68.46007326913856,-1.4804569930147955,19
1817,paco21,ph1,255.20796267926426,-1.6414726168631093,19
1817,pafi1,hema1,27.721531474982438,-1.675460422216934,19
1817,pafi1,ph1,1.4270246763118182,-1.6658185287361806,19
1818,paco21,hema1,46.95105548818325,-0.7841664674382977,18
1818,paco21,ph1,426.2055206935213,-1.1454051864098533,18
1818,pafi1,hema1,38.145838156840426,-1.2535388579327311,18
1818,pafi1,ph1,0.3384028541762407,-1.12457151538508,18
1819,paco21,hema1,27.22064044571775,-0.8810550424824126,19
1819,paco21,ph1,308.07332780473587,-1.3514763285885862,19
1819,pafi1,hema1,13.129179608398116,-1.349178012483518,19
1819,pafi1,ph1,0.6367315848045155,-1.346351023153452,19
1820,paco21,hema1,41.10269363186456,-1.4132986889510408,19
1820,paco21,ph1,258.60715034857583,-1.5217809328333978,19
1820,pafi1,hema1,23.3289240211049,-1.726968440912477,19
1820,pafi1,ph1,3.7095638090113585,-1.55254939434671,19
1821,paco21,hema1,57.65734253810428,-0.927803152111532,19
1821,paco21,ph1,401.5664165623212,-1.1180606666689952,19
1821,pafi1,hema1,14.344291159818303,-1.3688775682461745,19
1821,pafi1,ph1,0.2360946851855198,-0.41061091925563936,19
1822,paco21,hema1,51.15052093628607,-0.7122030656562343,19
1822,paco21,ph1,371.6862508965876,-1.0545985212470672,19
1822,pafi1,hema1,24.447177218770587,-1.1390661642031317,19
1822,pafi1,ph1,1.548571604449163,-0.9319124602393779,19
1823,paco21,hema1,41.48070140806057,-1.0903111903076719,18
1823,paco21,ph1,290.8944074056536,-1.257290741368481,18
1823,pafi1,hema1,64.91197250295336,-1.349696139550132,18
1823,pafi1,ph1,0.661648300882955,-1.16820931285012,18
1824,paco21,hema1,55.22547044756726,-1.405087670725938,19
1824,paco21,ph1,325.13245523123135,-1.4911528157581042,19
1824,pafi1,hema1,11.701634158029515,-1.9730421252881818,19
1824,pafi1,ph1,0.06546408479593722,-2.4281544562181487,19
1825,paco21,hema1,70.86215404808844,-1.3681461066334828,18
1825,paco21,ph1,255.09479889312342,-1.4570241800509542,18
1825,pafi1,hema1,27.152371161636406,-1.376265073870014,18
1825,pafi1,ph1,5.615652797562293,-1.4541496406575194,18
1826,paco21,hema1,47.50481484396293,-0.7291333226793328,19
1826,paco21,ph1,324.58164888328,-1.042036655702998,19
1826,pafi1,hema1,24.062318703071202,-0.83744197241887,19
1826,pafi1,ph1,3.1341070437460457,-0.9412781242261798,19
1827,paco21,hema1,56.993600028501724,-1.002252496610075,19
1827,paco21,ph1,403.7959165791886,-1.2404558099757517,19
1827,pafi1,hema1,26.376997488639297,-1.32779643802205,19
1827,pafi1,ph1,0.6696856310083347,-1.2639892989561172,19
1828,paco21,hema1,61.569212449799615,-0.7996436691391987,19
1828,paco21,ph1,332.29765948518025,-1.0066586308126841,19
1828,pafi1,hema1,28.726049144047774,-1.178478289007668,19
1828,pafi1,ph1,6.985672227545676,-0.8160934647163592,19
1829,paco21,hema1,35.76368965122619,-0.9393057959946707,19
1829,paco21,ph1,387.7472421441824,-1.2421984942545587,19
1829,pafi1,hema1,42.048414857720076,-1.4356802224802538,19
1829,pafi1,ph1,1.0930868107715843,-1.7042955085530225,19
1830,paco21,hema1,58.68532079416802,-0.7270011013491717,19
1830,paco21,ph1,374.87481860598905,-1.001728752725722,19
1830,pafi1,hema1,26.547496497031,-1.1407864101895755,19
1830,pafi1,ph1,3.0356793149312993,-0.9103121412364528,19
1831,paco21,hema1,60.98620780707462,-1.421199607891625,19
1831,paco21,ph1,410.2460080251594,-1.6702371490258403,19
1831,pafi1,hema1,50.03609658909659,-1.7931535065535549,19
1831,pafi1,ph1,5.976933613895591,-1.605525117319816,19
1832,paco21,hema1,23.21465415682582,-0.9603300427561307,19
1832,paco21,ph1,310.699509035945,-1.321968231165669,19
1832,pafi1,hema1,23.897126870070498,-1.3448531127459848,19
1832,pafi1,ph1,7.082902823805231,-1.318965782931419,19
1833,paco21,hema1,60.664623916563166,-1.3417453927502907,19
1833,paco21,ph1,276.6310378004897,-1.4624382806262255,19
1833,pafi1,hema1,26.316278487172323,-1.5224966707728846,19
1833,pafi1,ph1,1.6794600758787082,-1.2318366675382064,19
1834,paco21,hema1,52.58237610596749,-1.428510564142655,18
1834,paco21,ph1,333.0269603765636,-1.6546182540775998,18
1834,pafi1,hema1,27.500812519168136,-1.5197341771302542,18
1834,pafi1,ph1,8.393695602227693,-1.8088087879026795,18
1835,paco21,hema1,36.82106976647475,-1.340850201367428,19
1835,paco21,ph1,301.2044453720573,-1.5488547145376135,19
1835,pafi1,hema1,21.522862890803374,-1.500571475613968,19
1835,pafi1,ph1,9.698493307623007,-1.5540384226397324,19
1836,paco21,hema1,27.910977896022278,-1.1656295196481175,19
1836,paco21,ph1,480.53579267896504,-1.4229994927905845,19
1836,pafi1,hema1,15.512520181250046,-1.424558260621083,19
1836,pafi1,ph1,2.3814519354405737,-1.4135410817918606,19
1837,paco21,hema1,45.8887628736832,-0.7825293066502849,19
1837,paco21,ph1,327.1145392414056,-1.3145389684154016,19
1837,pafi1,hema1,28.969738722246483,-1.3171427306092665,19
1837,pafi1,ph1,0.5557356642762253,-1.2745517663800194,19
1838,paco21,hema1,64.49430413556553,-1.0562309803620231,19
1838,paco21,ph1,344.465580478043,-1.1206581052451747,19
1838,pafi1,hema1,25.755070688343174,-1.0397330970768903,19
1838,pafi1,ph1,0.2337842675762575,-1.584441891462676,19
1839,paco21,hema1,44.047577436908036,-1.3727329762929745,19
1839,paco21,ph1,406.28147246318065,-1.5065145397191155,19
1839,pafi1,hema1,10.454517514117772,-1.3770985919699117,19
1839,pafi1,ph1,10.497845064826322,-1.6236853543284993,19
1840,paco21,hema1,53.161790479001915,-1.3283727941362866,19
1840,paco21,ph1,317.2260966432437,-1.4082653065594737,19
1840,pafi1,hema1,31.32823224972064,-1.3551326515682185,19
1840,pafi1,ph1,5.210828935913035,-1.4014861982258144,19
1841,paco21,hema1,52.35688345894354,-1.046903434275,19
1841,paco21,ph1,448.02571633469415,-1.2958165522317884,19
1841,pafi1,hema1,33.921042103730976,-1.2079549262309863,19
1841,pafi1,ph1,7.229738376347343,-1.3373769072772361,19
1842,paco21,hema1,58.443776180330666,-1.12479300653332,19
1842,paco21,ph1,425.6634379864792,-1.4018218787559271,19
1842,pafi1,hema1,39.46692215010577,-1.3610344732855313,19
1842,pafi1,ph1,2.243509819255892,-1.405592009464191,19
1843,paco21,hema1,65.90350623934414,-1.6276782061675439,19
1843,paco21,ph1,310.7271888215729,-1.6876992581014265,19
1843,pafi1,hema1,37.96523735553763,-1.8714429299332225,19
1843,pafi1,ph1,3.5804147931472556,-1.480066442155907,19
1844,paco21,hema1,75.70877567583679,-0.7536520717081842,19
1844,paco21,ph1,268.6138028232396,-0.8032311974485604,19
1844,pafi1,hema1,33.08385780747338,-0.7635250012249603,19
1844,pafi1,ph1,1.2609374119675378,-0.8660051435428692,19
1845,paco21,hema1,41.60433989376744,-1.3203722543043286,19
1845,paco21,ph1,234.94868255741716,-1.5453646706072355,19
1845,pafi1,hema1,20.096448269410573,-1.663799996448852,19
1845,pafi1,ph1,0.727024323393938,-1.5031505183057101,19
1846,paco21,hema1,45.71049302524565,-1.5827854436692452,19
1846,paco21,ph1,226.87297527655875,-1.5400799386036763,19
1846,pafi1,hema1,32.70736145243447,-1.5866726487429168,19
1846,pafi1,ph1,0.004501298686826943,-0.2071485028274963,19
1847,paco21,hema1,79.07030014492898,-1.1908449255464506,19
1847,paco21,ph1,330.28421470818824,-1.3517332992057753,19
1847,pafi1,hema1,16.100819888756035,-1.308857848374208,19
1847,pafi1,ph1,4.736798446293653,-1.3555926271936407,19
1848,paco21,hema1,68.21656811770747,-1.2101492081589416,19
1848,paco21,ph1,238.03779394571967,-1.3199910750064563,19
1848,pafi1,hema1,51.47449153109126,-1.3901155889819075,19
1848,pafi1,ph1,7.849588400823919,-1.2911269370051046,19
1849,paco21,hema1,62.28945407788232,-1.015565394178288,19
1849,paco21,ph1,265.68298991189727,-0.975541347024584,19
1849,pafi1,hema1,41.031875981424506,-1.1601441149831129,19
1849,pafi1,ph1,5.004809493613823,-0.7618885977893619,19
1850,paco21,hema1,41.3331268271371,-1.1353635866928675,19
1850,paco21,ph1,272.5398852327034,-1.3403115025634789,19
1850,pafi1,hema1,33.720100062720036,-1.8074221034731537,19
1850,pafi1,ph1,3.6607260314590455,-0.9949127494131064,19
1851,paco21,hema1,46.21339888837092,-0.9447370670742227,19
1851,paco21,ph1,327.68545447829337,-1.138258626860055,19
1851,pafi1,hema1,42.74699087036115,-1.3430766486916963,19
1851,pafi1,ph1,8.683625765216206,-1.0057294519054472,19
1852,paco21,hema1,48.69156101650964,-1.0343500231822795,19
1852,paco21,ph1,407.9244851886646,-1.2476166891425147,19
1852,pafi1,hema1,38.37735848593637,-1.212237237653989,19
1852,pafi1,ph1,3.5517521557046057,-1.2537078653478986,19
1853,paco21,hema1,44.90952239154128,-1.5239496906958092,19
1853,paco21,ph1,369.3919601830301,-1.702579080591831,19
1853,pafi1,hema1,14.219259667570206,-1.775355062551067,19
1853,pafi1,ph1,0.1940495706121391,-1.5615097209044433,19
1854,paco21,hema1,61.584454911386906,-1.1284394998459002,19
1854,paco21,ph1,390.19627855071496,-1.3470748254227944,19
1854,pafi1,hema1,38.270659372118324,-1.4303690667322808,19
1854,pafi1,ph1,0.014105941812351532,-0.7465511722737366,19
1855,paco21,hema1,66.93042669584823,-0.8609807384827808,19
1855,paco21,ph1,416.8518384341983,-0.9856658056672197,19
1855,pafi1,hema1,46.92612564308823,-1.0892108699794698,19
1855,pafi1,ph1,4.828874917645337,-0.9694485661717945,19
1856,paco21,hema1,56.18554414938239,-1.4650729329816934,19
1856,paco21,ph1,394.6634752045191,-1.5183672248205635,19
1856,pafi1,hema1,38.98710553530753,-1.6802849540990392,19
1856,pafi1,ph1,2.02184030203898,-1.8099244713069154,19
1857,paco21,hema1,85.33659615304822,-0.8551274098840479,19
1857,paco21,ph1,349.565966817417,-1.2061467317969665,19
1857,pafi1,hema1,41.82230655597216,-1.2290362470412761,19
1857,pafi1,ph1,2.957290385207935,-1.1280849594411033,19
1858,paco21,hema1,58.96106144867924,-0.8458731557008938,19
1858,paco21,ph1,443.5864159995041,-1.2268789431866949,19
1858,pafi1,hema1,10.281840502316864,-1.448002762604943,19
1858,pafi1,ph1,1.6751028419644733,-0.8796770108077591,19
1859,paco21,hema1,47.12686389910221,-0.9872267219620833,19
1859,paco21,ph1,234.45491299390497,-1.2513132446142134,19
1859,pafi1,hema1,21.08328563684603,-1.5204258439793854,19
1859,pafi1,ph1,2.7886932634505137,-0.7155283127844729,19
1860,paco21,hema1,53.19378778239242,-0.8342280040947797,19
1860,paco21,ph1,488.0952766325156,-1.0202382936132288,19
1860,pafi1,hema1,41.81577183277201,-1.2316585800579594,19
1860,pafi1,ph1,2.3173349151249822,-1.2242886130948625,19
1861,paco21,hema1,37.15053579212336,-1.1116414494850506,19
1861,paco21,ph1,405.30521224752744,-1.3846565788684677,19
1861,pafi1,hema1,13.922826389877562,-1.0397443486605524,19
1861,pafi1,ph1,0.27990365354749536,-2.663937156691042,19
1862,paco21,hema1,57.358701484782806,-0.6607059150540168,19
1862,paco21,ph1,398.4518834129723,-0.713957726571532,19
1862,pafi1,hema1,20.559690408925135,-1.191814700667818,19
1862,pafi1,ph1,2.744173717103783,-0.3281606745110924,19
1863,paco21,hema1,66.22072877681063,-1.4154912366866097,19
1863,paco21,ph1,382.04093810627245,-1.4879337696204282,19
1863,pafi1,hema1,21.831272968850996,-1.6420705565221867,19
1863,pafi1,ph1,0.3945278501865104,-1.3269525342961834,19
1864,paco21,hema1,49.71066209298353,-0.8691377603879199,19
1864,paco21,ph1,248.8436398398489,-1.129082631351143,19
1864,pafi1,hema1,11.432009391936166,-1.3366166980086611,19
1864,pafi1,ph1,3.7117202584511735,-0.9302857605452628,19
1865,paco21,hema1,37.129623606362365,-1.1607399944508843,18
1865,paco21,ph1,296.9986471897496,-1.3775726547616296,18
1865,pafi1,hema1,19.790142730992898,-1.7414390471386545,18
1865,pafi1,ph1,0.09418909809978995,0.23979446896913045,18
1866,paco21,hema1,48.61177829055696,-1.2604373568998875,19
1866,paco21,ph1,235.65435048531776,-1.3578352044613489,19
1866,pafi1,hema1,19.52543361561368,-1.2222657279683864,19
1866,pafi1,ph1,0.0014256747528445242,-5.0405916190032025,19
1867,paco21,hema1,47.75038781180066,-1.2330108471652574,19
1867,paco21,ph1,254.6714123118291,-1.2586494502549512,19
1867,pafi1,hema1,39.23396067134538,-1.4064157220924374,19
1867,pafi1,ph1,1.5773202210612036,-1.476366969930664,19
1868,paco21,hema1,50.209717704336875,-1.3708007968390807,19
1868,paco21,ph1,268.68627401857253,-1.4961630023827313,19
1868,pafi1,hema1,33.40267478249891,-1.5932378350186343,19
1868,pafi1,ph1,12.248939708815657,-1.5289400422882902,19
1869,paco21,hema1,61.80897361214785,-1.0205065972193383,19
1869,paco21,ph1,327.0963443252906,-1.0986707032995842,19
1869,pafi1,hema1,38.637563292913136,-1.2368017705771752,19
1869,pafi1,ph1,6.133436530281254,-0.9521238107817166,19
1870,paco21,hema1,57.8923673067636,-1.2311137289375456,19
1870,paco21,ph1,247.20757963635117,-1.3397861580508525,19
1870,pafi1,hema1,20.204561505736265,-1.526210222874557,19
1870,pafi1,ph1,10.548970079150203,-1.2428650736832578,19
1871,paco21,hema1,53.37752479225351,-1.2504544014828876,19
1871,paco21,ph1,337.93273784577445,-1.3575457120988936,19
1871,pafi1,hema1,11.466450464872182,-1.618713379676509,19
1871,pafi1,ph1,1.0469704150315493,-1.5079275520954347,19
1872,paco21,hema1,40.35816273632202,-1.1495576355902986,18
1872,paco21,ph1,417.0299242871552,-1.630756614624903,18
1872,pafi1,hema1,24.41380838802318,-1.5946301948284791,18
1872,pafi1,ph1,11.211808370316822,-1.5787026116836278,18
1873,paco21,hema1,40.76988009071562,-0.8131678802407545,19
1873,paco21,ph1,258.53296426291666,-0.9304869237874358,19
1873,pafi1,hema1,28.139247863421435,-0.749033626359024,19
1873,pafi1,ph1,7.1309227126275045,-0.9176056616592421,19
1874,paco21,hema1,54.3014701233327,-1.0248799019216706,19
1874,paco21,ph1,283.1214736752145,-1.51718738483088,19
1874,pafi1,hema1,20.42726806304721,-1.8040272760494673,19
1874,pafi1,ph1,2.5569484160935527,-0.9919194935137661,19
1875,paco21,hema1,55.796198997934894,-0.8873091627421323,19
1875,paco21,ph1,329.20188348889803,-1.0765199344430703,19
1875,pafi1,hema1,39.77477142558519,-0.9244756110587604,19
1875,pafi1,ph1,0.5425242246419489,-1.294461680294939,19
1876,paco21,hema1,43.17774424374508,-0.7577162864729533,19
1876,paco21,ph1,371.80098691079473,-0.9358634601060254,19
1876,pafi1,hema1,17.15391304367777,-1.1955835502527912,19
1876,pafi1,ph1,0.03706420592696706,-0.03610916100237054,19
1877,paco21,hema1,60.31800927555925,-1.2414669855023728,19
1877,paco21,ph1,437.64982141237596,-1.329036672792244,19
1877,pafi1,hema1,12.388668484918957,-1.3213180605605834,19
1877,pafi1,ph1,1.382249068850334,-1.3026499428745608,19
1878,paco21,hema1,41.80819564120619,-1.2049180437696185,19
1878,paco21,ph1,401.1363507872036,-1.475881415917047,19
1878,pafi1,hema1,21.3514382252773,-1.7231376000311842,19
1878,pafi1,ph1,1.3850696138149337,-1.2428185501929678,19
1879,paco21,hema1,62.93674650986867,-0.7871387819969471,19
1879,paco21,ph1,328.74927066713815,-0.9718123020337359,19
1879,pafi1,hema1,23.882559252624496,-1.1480197639156804,19
1879,pafi1,ph1,0.6819746906110072,-1.14150362177724,19
1880,paco21,hema1,58.05674986198782,-1.2376483220227026,19
1880,paco21,ph1,243.8085170785085,-1.351358329515693,19
1880,pafi1,hema1,24.9271281705819,-1.5822149972960027,19
1880,pafi1,ph1,0.0006365670397854141,3.6696930847081375,19
1881,paco21,hema1,41.85245354398115,-0.977299820990456,19
1881,paco21,ph1,273.56672994080134,-1.1715699822521823,19
1881,pafi1,hema1,25.3191022892017,-1.4941819476049891,19
1881,pafi1,ph1,1.1252261988263652,-0.5989502184237213,19
1882,paco21,hema1,39.317004650543616,-0.6445026014557558,19
1882,paco21,ph1,360.2555308291812,-0.9333445553065483,19
1882,pafi1,hema1,38.606246762232715,-0.919073776018612,19
1882,pafi1,ph1,2.2988752450850356,-0.8717439965323779,19
1883,paco21,hema1,72.1291058132118,-0.96864490383125,19
1883,paco21,ph1,404.5287047679678,-1.0849271743766256,19
1883,pafi1,hema1,25.043162511588186,-1.2605199114465289,19
1883,pafi1,ph1,0.4043661718757351,-0.6028599949695168,19
1884,paco21,hema1,41.82094505991274,-0.8242931086055266,19
1884,paco21,ph1,328.2552260900398,-1.3299311283656143,19
1884,pafi1,hema1,26.891027679149406,-1.2092877157413702,19
1884,pafi1,ph1,12.743686646097713,-1.3372796793396067,19
1885,paco21,hema1,60.206127486391196,-1.0642650560391196,18
1885,paco21,ph1,439.77114586288627,-1.2801556374452137,18
1885,pafi1,hema1,28.828031558083897,-1.2354544689508138,18
1885,pafi1,ph1,0.520895164969047,-1.2731901856290908,18
1886,paco21,hema1,41.53249900689184,-1.4910946337180133,19
1886,paco21,ph1,193.0101008695397,-1.3287634292378898,19
1886,pafi1,hema1,31.765471950572035,-1.6988066397805186,19
1886,pafi1,ph1,0.04154803705280541,-4.461931120195945,19
1887,paco21,hema1,61.45614717908237,-1.3024551967617115,19
1887,paco21,ph1,245.04972393094474,-1.5722937221141458,19
1887,pafi1,hema1,29.81973179985371,-1.3647944677180235,19
1887,pafi1,ph1,7.339320866198074,-1.6098405268164526,19
1888,paco21,hema1,42.34253096314546,-1.1526468310740157,19
1888,paco21,ph1,275.4979881290941,-1.3608240911140705,19
1888,pafi1,hema1,21.690662942325336,-1.4620684146727525,19
1888,pafi1,ph1,10.642091462900057,-1.2347250300101111,19
1889,paco21,hema1,56.105439423878146,-1.2461865877770348,19
1889,paco21,ph1,278.6857715852126,-1.4260144652805238,19
1889,pafi1,hema1,26.775266376808347,-1.64613226279912,19
1889,pafi1,ph1,0.35279495842309494,-1.7099065909569797,19
1890,paco21,hema1,55.09542570329882,-1.520640799913838,19
1890,paco21,ph1,223.22385418706068,-1.4635068053546425,19
1890,pafi1,hema1,25.680050973830543,-1.49532560538867,19
1890,pafi1,ph1,5.537668905656923,-1.4430672496994763,19
1891,paco21,hema1,82.4832823610381,-0.9689542440728022,19
1891,paco21,ph1,410.1824884857805,-1.389888439530068,19
1891,pafi1,hema1,54.272832271954755,-1.526269237095091,19
1891,pafi1,ph1,0.4269374811602591,-1.2029154547922496,19
1892,paco21,hema1,43.674821667988816,-0.8670723300640187,19
1892,paco21,ph1,281.8889340025691,-1.428069280250529,19
1892,pafi1,hema1,30.54952834513757,-1.3475201627938547,19
1892,pafi1,ph1,6.6564539040982105,-1.431487657717352,19
1893,paco21,hema1,66.52446001829063,-1.2519485080125592,19
1893,paco21,ph1,338.6526728128572,-1.386810132487843,19
1893,pafi1,hema1,21.07611306210869,-1.4304385139721447,19
1893,pafi1,ph1,3.80146205350664,-1.415057101397361,19
1894,paco21,hema1,52.19163142010413,-0.7962147986001469,18
1894,paco21,ph1,334.38185367896983,-1.2067145417677028,18
1894,pafi1,hema1,36.50025273321719,-1.2770405059256695,18
1894,pafi1,ph1,4.669484087029608,-1.059998135746157,18
1895,paco21,hema1,47.38956456752685,-1.118367610818093,19
1895,paco21,ph1,357.18609465211216,-1.0864029473647039,19
1895,pafi1,hema1,21.081808476359456,-1.0216393282808212,19
1895,pafi1,ph1,3.8726146154046717,-1.14847790265448,19
1896,paco21,hema1,52.746989441710944,-1.249199226826748,19
1896,paco21,ph1,238.9549358543741,-1.4660873757962114,19
1896,pafi1,hema1,17.286079407584943,-1.4087441211947784,19
1896,pafi1,ph1,1.5920341100895676,-1.4968921699448685,19
1897,paco21,hema1,40.307329423362454,-1.1174965742193337,19
1897,paco21,ph1,405.59754232194416,-1.3371312206934982,19
1897,pafi1,hema1,41.936760120651066,-1.4731144029619891,19
1897,pafi1,ph1,1.733538354981075,-1.6721553324026965,19
1898,paco21,hema1,64.1475176875836,-0.98585952937571,18
1898,paco21,ph1,426.1431997392281,-1.0191934437435004,18
1898,pafi1,hema1,18.080913989904253,-1.0474380076884457,18
1898,pafi1,ph1,2.906330913659131,-1.0563834465576405,18
1899,paco21,hema1,36.33592882561947,-0.9906085726385357,19
1899,paco21,ph1,355.7220567676886,-1.2579736991917319,19
1899,pafi1,hema1,27.533201191036632,-1.2011391938015166,19
1899,pafi1,ph1,1.1566954985388456,-1.302777707355813,19
1900,paco21,hema1,64.54926906212681,-1.4286058667586412,18
1900,paco21,ph1,323.16525731845036,-1.533550504667864,18
1900,pafi1,hema1,20.85647783113296,-1.7521677879275144,18
1900,pafi1,ph1,1.0297837487335546,-1.3339837262820937,18
1901,paco21,hema1,49.44906954480682,-1.4610330758485333,19
1901,paco21,ph1,382.61159212550507,-1.7297780846387252,19
1901,pafi1,hema1,33.757400960623016,-1.6835070260110945,19
1901,pafi1,ph1,14.616886661772678,-1.729916103950705,19
1902,paco21,hema1,45.829875782690394,-1.4285895353330904,19
1902,paco21,ph1,371.12813093464837,-1.4932554486570222,19
1902,pafi1,hema1,41.63270899156049,-1.495552733337834,19
1902,pafi1,ph1,0.8718604489364249,-1.4686190149076663,19
1903,paco21,hema1,53.52206513009745,-0.9637997502255011,19
1903,paco21,ph1,318.90068791555757,-1.1532739325128607,19
1903,pafi1,hema1,18.599596501649334,-1.3345802446224702,19
1903,pafi1,ph1,1.619694322698218,-0.19374651240750362,19
1904,paco21,hema1,67.7485169195436,-0.9773283346698473,19
1904,paco21,ph1,329.36842074790195,-1.1559093547881734,19
1904,pafi1,hema1,35.175442687656904,-1.433261262521804,19
1904,pafi1,ph1,6.534168901463934,-1.1409292239969597,19
1905,paco21,hema1,55.91940601375964,-0.9970953113396172,19
1905,paco21,ph1,249.13497351196358,-1.1085278932777647,19
1905,pafi1,hema1,36.39517943622685,-1.0574169622722889,19
1905,pafi1,ph1,7.502000095970446,-1.1480884179792905,19
1906,paco21,hema1,48.96934627142701,-1.3942648626335647,19
1906,paco21,ph1,340.0209628737459,-1.6022562548723775,19
1906,pafi1,hema1,15.556045110556918,-1.6359155790260567,19
1906,pafi1,ph1,0.00017092226219196492,-29.701596516415144,19
1907,paco21,hema1,40.67538460868448,-1.634214806283304,19
1907,paco21,ph1,348.4642911777338,-1.6812208084809994,19
1907,pafi1,hema1,23.010912148521566,-2.098876606942983,19
1907,pafi1,ph1,4.679389894796823,-1.6464133639292016,19
1908,paco21,hema1,46.984183089610006,-0.9152163032213095,19
1908,paco21,ph1,324.00052412359094,-1.2589009612213091,19
1908,pafi1,hema1,19.27395734467876,-1.521212693335748,19
1908,pafi1,ph1,0.042246731811863544,-0.28798124230822003,19
1909,paco21,hema1,68.1528757062147,-1.777790810315169,19
1909,paco21,ph1,273.0452532526318,-1.9600783407919853,19
1909,pafi1,hema1,16.3507731812316,-1.3007703378839308,19
1909,pafi1,ph1,1.4087948630525815,-1.9572964558396495,19
1910,paco21,hema1,66.59909817265923,-1.627556903390065,19
1910,paco21,ph1,245.71462839691927,-1.725033758134257,19
1910,pafi1,hema1,29.185920168014512,-1.8772818965774563,19
1910,pafi1,ph1,4.802320933718102,-1.7672610372641715,19
1911,paco21,hema1,44.27688218858788,-1.188272439346289,19
1911,paco21,ph1,340.47413733569283,-1.4810128027904863,19
1911,pafi1,hema1,33.103086347431656,-1.3342032440373235,19
1911,pafi1,ph1,6.18348230898639,-1.5728400878825382,19
1912,paco21,hema1,45.38652589626536,-1.1526876323472979,18
1912,paco21,ph1,266.5725040779659,-1.240827077945764,18
1912,pafi1,hema1,16.121620757926358,-1.5835129139975876,18
1912,pafi1,ph1,12.4304715151621,-1.210386473037818,18
1913,paco21,hema1,46.98654282130789,-1.3029138788401002,19
1913,paco21,ph1,246.15724920503902,-1.373654004381322,19
1913,pafi1,hema1,23.55914016194627,-1.342024185992992,19
1913,pafi1,ph1,1.976629971886067,-1.3815893031283768,19
1914,paco21,hema1,60.99876974734196,-1.1392325419782297,19
1914,paco21,ph1,308.43261393737384,-1.1600320875123045,19
1914,pafi1,hema1,27.615768533796707,-1.053310212489007,19
1914,pafi1,ph1,3.581789527736273,-1.145279419906746,19
1915,paco21,hema1,39.71113068909328,-1.1095350734204623,19
1915,paco21,ph1,274.83922358393585,-1.2375902584344947,19
1915,pafi1,hema1,22.985930166413556,-1.2392698914144253,19
1915,pafi1,ph1,4.860861825295145,-1.0998172146152798,19
1916,paco21,hema1,63.63787792693834,-0.4163127927650135,18
1916,paco21,ph1,410.18557602876945,-0.7777563914761155,18
1916,pafi1,hema1,53.36615979159062,-0.6379311659717529,18
1916,pafi1,ph1,1.3482763723454294,-0.9022832465541908,18
1917,paco21,hema1,47.71023809139852,-1.3241537974337219,19
1917,paco21,ph1,286.14676143727667,-1.4052251256048027,19
1917,pafi1,hema1,37.673848118046266,-1.4860559115464287,19
1917,pafi1,ph1,3.5381879198677297,-1.3294927323570123,19
1918,paco21,hema1,50.95614071988786,-1.3263996151087487,18
1918,paco21,ph1,357.40112407351,-1.5673840232995886,18
1918,pafi1,hema1,16.188222542242702,-1.404708792118915,18
1918,pafi1,ph1,0.08333440233161321,-0.394915652122157,18
1919,paco21,hema1,62.559454845335566,-0.883474751822584,19
1919,paco21,ph1,310.07857659372223,-1.0938994064076428,19
1919,pafi1,hema1,10.30502046824722,-1.15685330945655,19
1919,pafi1,ph1,0.005500615430616634,0.39191505529256065,19
1920,paco21,hema1,83.32107472706308,-1.2482364973396471,18
1920,paco21,ph1,320.3980597283013,-1.3748185460415694,18
1920,pafi1,hema1,13.645242083316807,-1.2517791808597463,18
1920,pafi1,ph1,0.5788902524841885,-1.6669052219381675,18
1921,paco21,hema1,51.915983833973655,-1.4541706663593086,19
1921,paco21,ph1,299.7313715737958,-1.641527119386956,19
1921,pafi1,hema1,16.103164278535793,-1.9921756368136438,19
1921,pafi1,ph1,0.04446321601627376,-3.664336336030585,19
1922,paco21,hema1,52.016125039100864,-0.4920846000249228,19
1922,paco21,ph1,332.0754174847015,-0.889528396056967,19
1922,pafi1,hema1,22.760254999282985,-0.7332610544313728,19
1922,pafi1,ph1,0.8650992638234224,-0.9590405417331153,19
1923,paco21,hema1,38.01610320536497,-1.2198636853540623,19
1923,paco21,ph1,291.5106817024476,-1.182926494345779,19
1923,pafi1,hema1,48.86829487923428,-1.3320235109021985,19
1923,pafi1,ph1,0.6171934040044854,-0.5036775096650034,19
1924,paco21,hema1,62.93103219036954,-1.2085978541119147,19
1924,paco21,ph1,297.24436337764814,-1.3372420260738642,19
1924,pafi1,hema1,36.74245504107723,-1.3693050368995119,19
1924,pafi1,ph1,2.1414110966437336,-1.3179145104191594,19
1925,paco21,hema1,61.912984096290785,-1.6231226250839674,19
1925,paco21,ph1,253.80922472010934,-1.6926641723405451,19
1925,pafi1,hema1,34.61873184128233,-2.0408116376945644,19
1925,pafi1,ph1,5.048860889133036,-1.5875145523324057,19
1926,paco21,hema1,34.382444339003435,-1.2909468243430566,19
1926,paco21,ph1,451.28850257857505,-1.3291771413905127,19
1926,pafi1,hema1,34.23414914673136,-1.360666029954588,19
1926,pafi1,ph1,2.3406081668338277,-1.2759310500732426,19
1927,paco21,hema1,43.89216944963252,-1.1400698594633798,19
1927,paco21,ph1,320.2344791904952,-1.3381422442981992,19
1927,pafi1,hema1,46.489631746958835,-1.2461464635545039,19
1927,pafi1,ph1,8.879001691613928,-1.3977649917871673,19
1928,paco21,hema1,63.84085302357153,-1.2423509308241085,18
1928,paco21,ph1,231.29668899012464,-1.4358202962709368,18
1928,pafi1,hema1,21.411415526442845,-1.380107001648,18
1928,pafi1,ph1,0.04603809434804732,-1.7199079170912808,18
1929,paco21,hema1,64.68914061989636,-1.4158658781197464,19
1929,paco21,ph1,379.63544942330185,-1.506681841334767,19
1929,pafi1,hema1,39.507423501322705,-1.5502003888153582,19
1929,pafi1,ph1,9.71967861154059,-1.428436122089515,19
1930,paco21,hema1,59.47283853511727,-1.1259118956003251,19
1930,paco21,ph1,397.21928549308217,-1.4390713144471199,19
1930,pafi1,hema1,39.410805662154566,-1.2430151077938953,19
1930,pafi1,ph1,13.412692881719535,-1.5226664732356725,19
1931,paco21,hema1,52.178867389956864,-0.7021359446888843,19
1931,paco21,ph1,446.7784812459761,-0.7868647371648417,19
1931,pafi1,hema1,49.84926928010948,-0.8786138443833608,19
1931,pafi1,ph1,0.2128406769375882,-0.4810184786734782,19
1932,paco21,hema1,23.659525035805096,-0.4825795361619691,19
1932,paco21,ph1,283.13091237047576,-1.3395566168043997,19
1932,pafi1,hema1,36.16894986695062,-1.234961998568245,19
1932,pafi1,ph1,2.626147274567144,-1.370459786293891,19
1933,paco21,hema1,81.25950064260432,-1.3151233861099916,19
1933,paco21,ph1,335.5909265055272,-1.6341022855141791,19
1933,pafi1,hema1,25.857138039487705,-1.6358588128065552,19
1933,pafi1,ph1,2.590590706711248,-1.6095944689225405,19
1934,paco21,hema1,47.792673446444496,-1.170827851985256,19
1934,paco21,ph1,278.37156548646635,-1.2780533804692416,19
1934,pafi1,hema1,35.73439588752238,-1.400754640097702,19
1934,pafi1,ph1,15.907464924631734,-1.166161483556505,19
1935,paco21,hema1,72.81370466941607,-1.1989096811369189,18
1935,paco21,ph1,315.90078375245855,-1.320879909611883,18
1935,pafi1,hema1,14.97385777957942,-1.1786104139716551,18
1935,pafi1,ph1,2.914056868354147,-1.2383392366999715,18
1936,paco21,hema1,49.0197095626186,-0.9676925253058125,19
1936,paco21,ph1,428.91634957897423,-1.2477833982141024,19
1936,pafi1,hema1,32.87484766748515,-1.3919284744040183,19
1936,pafi1,ph1,1.3555014095766658,-0.40543330167048397,19
1937,paco21,hema1,42.15577463403117,-0.9699221416020528,19
1937,paco21,ph1,323.5286161921361,-1.159590343605412,19
1937,pafi1,hema1,51.69206101682545,-1.3875616963770898,19
1937,pafi1,ph1,7.569905761114784,-1.0208589948105347,19
1938,paco21,hema1,42.50031031843929,-0.9287410345425097,18
1938,paco21,ph1,426.2154396631468,-1.2821576122356289,18
1938,pafi1,hema1,33.13808685096822,-1.4363278324211213,18
1938,pafi1,ph1,11.951496844414008,-1.1148244734227086,18
1939,paco21,hema1,51.2691098564857,-1.20253757493183,19
1939,paco21,ph1,429.99028744868485,-1.438596431596958,19
1939,pafi1,hema1,32.766450926581314,-1.3968917761671031,19
1939,pafi1,ph1,1.0512502969982964,-1.4252369463775345,19
1940,paco21,hema1,77.81674295214202,-1.007804242308763,19
1940,paco21,ph1,292.8226273948398,-1.1992860124520528,19
1940,pafi1,hema1,16.076937962825195,-1.2259978531510627,19
1940,pafi1,ph1,1.0957671160771023,-1.21611443851217,19
1941,paco21,hema1,41.493985129507,-0.9873888457112595,19
1941,paco21,ph1,382.1585646488418,-1.0528595466140158,19
1941,pafi1,hema1,31.058951620699283,-1.1350094146754874,19
1941,pafi1,ph1,2.2124780153731507,-0.8508635500477172,19
1942,paco21,hema1,35.7091009684225,-1.3500910289944532,19
1942,paco21,ph1,417.59551974257744,-1.5056179917567425,19
1942,pafi1,hema1,18.316534378639176,-1.7003599257496897,19
1942,pafi1,ph1,0.029150390765428864,0.19004280830068362,19
1943,paco21,hema1,41.787057350241426,-1.4618163612049198,19
1943,paco21,ph1,366.812769860088,-1.5937370726284281,19
1943,pafi1,hema1,17.07771133701767,-1.617569027552792,19
1943,pafi1,ph1,1.4177103704715939,-1.5615038445771836,19
1944,paco21,hema1,36.32911685617325,-1.2310304903850824,18
1944,paco21,ph1,442.0491358260891,-1.3251073455662672,18
1944,pafi1,hema1,36.87923009795311,-1.459710953630521,18
1944,pafi1,ph1,3.8685996026202845,-1.4528760302375334,18
1945,paco21,hema1,48.28570928679753,-0.8546189926379372,19
1945,paco21,ph1,218.24758119235122,-0.9944028285505097,19
1945,pafi1,hema1,7.035764565062601,-1.3047549076312308,19
1945,pafi1,ph1,0.8351074229977054,-1.0003245662950198,19
1946,paco21,hema1,43.65536567812501,-1.473899850680017,19
1946,paco21,ph1,277.0398544109994,-1.6494905428594497,19
1946,pafi1,hema1,33.221603551349936,-1.7143804182348914,19
1946,pafi1,ph1,1.5786911108932684,-1.5622659216043628,19
1947,paco21,hema1,48.31888937872466,-0.9466973291448283,18
1947,paco21,ph1,293.4780312037921,-0.9957220133042581,18
1947,pafi1,hema1,15.442836387903816,-0.9861103862502307,18
1947,pafi1,ph1,0.00019718425964081185,-1.2153350792848217,18
1948,paco21,hema1,32.439202761610225,-1.1995373696289768,19
1948,paco21,ph1,397.7944720436241,-1.4389045484020928,19
1948,pafi1,hema1,8.56710287421293,-1.4206076157740768,19
1948,pafi1,ph1,0.2549457993646352,-1.4307709097228867,19
1949,paco21,hema1,44.68958625378378,-1.2326298011455874,18
1949,paco21,ph1,304.91563031607546,-1.6020458563786335,18
1949,pafi1,hema1,25.13314166122602,-1.7640944198924156,18
1949,pafi1,ph1,2.595191098430305,-1.2606974602879426,18
1950,paco21,hema1,44.42598219963683,-1.2319865078951933,19
1950,paco21,ph1,302.2407597417794,-1.621457773323956,19
1950,pafi1,hema1,24.961506919499033,-1.722605313095678,19
1950,pafi1,ph1,3.88478872722139,-1.5665772518132122,19
1951,paco21,hema1,50.06629294999177,-0.7034755704514379,19
1951,paco21,ph1,430.6126194419464,-0.9554578794367734,19
1951,pafi1,hema1,25.84931820379859,-1.2128377150066545,19
1951,pafi1,ph1,5.367771837342075,-0.7971839450974713,19
1952,paco21,hema1,47.17430676906939,-1.1113070400131777,19
1952,paco21,ph1,274.93357037838086,-1.318858904766618,19
1952,pafi1,hema1,21.244695295088107,-1.3849129667167972,19
1952,pafi1,ph1,5.189307186376741,-1.2980542083907842,19
1953,paco21,hema1,54.33717067533355,-1.0105006251874817,19
1953,paco21,ph1,323.84188658242937,-1.3273306381284895,19
1953,pafi1,hema1,27.77617082325903,-1.4870881729645393,19
1953,pafi1,ph1,0.1944346807996736,-0.8322209827466744,19
1954,paco21,hema1,61.836217528150016,-1.2204598411350749,19
1954,paco21,ph1,326.1224055120633,-1.3491338893508242,19
1954,pafi1,hema1,24.06761942233406,-1.1719705442623274,19
1954,pafi1,ph1,0.09837719712184755,-2.0154554554963715,19
1955,paco21,hema1,46.74660455462569,-1.2678757873601452,19
1955,paco21,ph1,377.8696148377057,-1.49671426482737,19
1955,pafi1,hema1,44.93238209401113,-1.6936495997190013,19
1955,pafi1,ph1,0.23983307497520082,-0.8422394007776384,19
1956,paco21,hema1,38.08737543394316,-1.128649610801351,19
1956,paco21,ph1,392.96490414236587,-1.4698177733239841,19
1956,pafi1,hema1,35.04878617124829,-1.709125052893794,19
1956,pafi1,ph1,3.008535929132777,-1.1550454843653053,19
1957,paco21,hema1,57.11708857484227,-1.258704717961634,19
1957,paco21,ph1,311.62665708936765,-1.3120547995491691,19
1957,pafi1,hema1,15.51558007490088,-1.4505836055306947,19
1957,pafi1,ph1,7.064990416389333,-1.2400203814083748,19
1958,paco21,hema1,54.12551842636722,-0.9847397620502271,19
1958,paco21,ph1,399.31611921549523,-1.1856398096097875,19
1958,pafi1,hema1,17.236777970196528,-1.2405173344845197,19
1958,pafi1,ph1,8.39045040747002,-1.208302863381912,19
1959,paco21,hema1,65.68018763498623,-1.1289488061121966,19
1959,paco21,ph1,333.8603875045666,-1.3035542241067992,19
1959,pafi1,hema1,17.797923713157317,-1.1895777123884506,19
1959,pafi1,ph1,4.082179766333649,-1.311937209629401,19
1960,paco21,hema1,58.1597243616734,-1.1108454101699543,18
1960,paco21,ph1,248.05371706784445,-1.0644373131510085,18
1960,pafi1,hema1,14.107620427217558,-1.4481753665725663,18
1960,pafi1,ph1,2.915939586581802,-0.9536750734854841,18
1961,paco21,hema1,51.11132403711243,-1.5505895232608085,19
1961,paco21,ph1,435.43760257558705,-1.5305732592794214,19
1961,pafi1,hema1,37.777668864750254,-1.821389753599325,19
1961,pafi1,ph1,1.8135996951724112,-0.2771015667221562,19
1962,paco21,hema1,58.051941777660794,-0.9313951291245163,19
1962,paco21,ph1,357.8700459665375,-1.0264581915369762,19
1962,pafi1,hema1,35.069273644341656,-0.8993567024856607,19
1962,pafi1,ph1,3.191086746996861,-1.2815259365706744,19
1963,paco21,hema1,44.133348526012554,-0.7669226740226165,19
1963,paco21,ph1,385.82985586060147,-1.0690657407080773,19
1963,pafi1,hema1,15.92417164641663,-1.2830754975813006,19
1963,pafi1,ph1,0.23728376194500617,-0.8567384980952095,19
1964,paco21,hema1,58.06102373500377,-0.857137889044801,19
1964,paco21,ph1,304.3954037103972,-1.0232419472237575,19
1964,pafi1,hema1,20.811994707753783,-1.1424265657675383,19
1964,pafi1,ph1,4.84135106123113,-0.9641345770860753,19
1965,paco21,hema1,86.41062554141389,-1.2815750914836415,19
1965,paco21,ph1,322.7055447697822,-1.2799127746520984,19
1965,pafi1,hema1,29.290849372002768,-1.8078165790943463,19
1965,pafi1,ph1,5.088436107548002,-1.0962000203384341,19
1966,paco21,hema1,56.362265434483014,-0.7603694950999375,19
1966,paco21,ph1,426.5605816187352,-1.094400093585595,19
1966,pafi1,hema1,20.429418293668736,-1.216908306725975,19
1966,pafi1,ph1,0.4382447455790308,-1.094706050968294,19
1967,paco21,hema1,58.674575160502634,-0.8335877279654714,19
1967,paco21,ph1,450.88094724859883,-1.0867847343726569,19
1967,pafi1,hema1,20.86354755964811,-1.3259151415726957,19
1967,pafi1,ph1,2.7452541778999624,-0.8579133747561053,19
1968,paco21,hema1,43.19006326839797,-1.6003120757219529,19
1968,paco21,ph1,207.12587640064984,-1.9360819016794601,19
1968,pafi1,hema1,15.833057940691143,-1.6892027118633113,19
1968,pafi1,ph1,0.3126065338444083,-2.402006408073246,19
1969,paco21,hema1,41.68483874564057,-1.2123383846442484,19
1969,paco21,ph1,476.6272249650923,-1.4634225844165274,19
1969,pafi1,hema1,26.086133267459473,-1.7640902098442124,19
1969,pafi1,ph1,2.9811700737898015,-1.3677859643625243,19
1970,paco21,hema1,41.269535278909856,-1.3830205030356213,19
1970,paco21,ph1,303.45322545540904,-1.3801348982379134,19
1970,pafi1,hema1,22.010677245247848,-1.7468550632572326,19
1970,pafi1,ph1,0.16379846416846003,0.8226167830941117,19
1971,paco21,hema1,53.205819011667046,-1.0149995244525452,19
1971,paco21,ph1,281.1382010877249,-1.311115880913555,19
1971,pafi1,hema1,14.840933806414169,-1.3449654534632896,19
1971,pafi1,ph1,1.7678760577307675,-1.1779572539581338,19
1972,paco21,hema1,76.1722568063221,-1.2356375196728155,19
1972,paco21,ph1,225.1572841876704,-1.384580459678302,19
1972,pafi1,hema1,20.66280856918706,-1.654995544718173,19
1972,pafi1,ph1,4.423163826756013,-1.2736022461793077,19
1973,paco21,hema1,42.1882696463267,-1.5969932341910673,19
1973,paco21,ph1,241.82551297174814,-1.6645348920766336,19
1973,pafi1,hema1,25.23034705998956,-1.8085967694943488,19
1973,pafi1,ph1,6.846309864918669,-1.4624609811655906,19
1974,paco21,hema1,40.09248126072624,-1.5952813877027392,18
1974,paco21,ph1,344.3271355297923,-1.752385268242121,18
1974,pafi1,hema1,48.326312799604615,-1.6690736218390962,18
1974,pafi1,ph1,1.9106211076218997,-1.8229873008218347,18
1975,paco21,hema1,63.97031937920402,-0.84081485527416,18
1975,paco21,ph1,304.87466760708963,-0.9287433006879274,18
1975,pafi1,hema1,28.657755518181087,-1.0224876128790295,18
1975,pafi1,ph1,0.27398865250374377,-0.5618478869017826,18
1976,paco21,hema1,68.71729607334501,-1.4808224685052649,18
1976,paco21,ph1,397.9953925013388,-1.5328091123321381,18
1976,pafi1,hema1,43.38870221795897,-1.6825277136337615,18
1976,pafi1,ph1,6.854422053500266,-1.4622785440607586,18
1977,paco21,hema1,51.65457693233112,-1.340479353663314,19
1977,paco21,ph1,314.8027537536313,-1.5060824391969525,19
1977,pafi1,hema1,49.96396011893502,-1.5905501058813905,19
1977,pafi1,ph1,1.1144463899558403,-1.366502591321352,19
1978,paco21,hema1,48.70462798984621,-0.7655378128679227,19
1978,paco21,ph1,410.61511954744833,-0.8763297001567764,19
1978,pafi1,hema1,38.670152416104216,-0.5746185695201175,19
1978,pafi1,ph1,17.027953668018867,-1.0750304175619203,19
1979,paco21,hema1,63.865121977091405,-1.3813147244659625,19
1979,paco21,ph1,451.1223236375085,-1.6529044975078842,19
1979,pafi1,hema1,19.557167576223165,-1.7403229973446426,19
1979,pafi1,ph1,4.251900511004889,-1.5905022983926869,19
1980,paco21,hema1,45.750439229851104,-1.2832271141296114,19
1980,paco21,ph1,410.11508736031334,-1.455183477415977,19
1980,pafi1,hema1,16.154387584051936,-1.5250319659540368,19
1980,pafi1,ph1,11.454771146638794,-1.51331985868022,19
1981,paco21,hema1,48.46629359891085,-1.235505981307608,19
1981,paco21,ph1,395.5831990671105,-1.3232893179789458,19
1981,pafi1,hema1,12.334198613400728,-1.6213605730674907,19
1981,pafi1,ph1,2.3261838689532754,-1.261011981369807,19
1982,paco21,hema1,63.49563245919703,-1.3201011746943498,19
1982,paco21,ph1,392.6027818902173,-1.521042503013004,19
1982,pafi1,hema1,43.472842682077825,-1.6569652771150383,19
1982,pafi1,ph1,4.785721193966269,-1.6307122685487017,19
1983,paco21,hema1,48.82496218110313,-1.4828087598732396,18
1983,paco21,ph1,424.13724888264716,-1.7254048496452687,18
1983,pafi1,hema1,9.539030768468269,-1.614287214820037,18
1983,pafi1,ph1,0.28313618681632297,-2.1033013571736294,18
1984,paco21,hema1,42.087619224885685,-1.660532034881134,19
1984,paco21,ph1,348.39330438365107,-1.634057543250294,19
1984,pafi1,hema1,44.94366901728509,-1.8980582005481097,19
1984,pafi1,ph1,7.29310244165056,-1.2097695451118722,19
1985,paco21,hema1,34.931063156107825,-0.9865521456060257,19
1985,paco21,ph1,256.3188006394985,-1.2669594801511237,19
1985,pafi1,hema1,20.220047536522987,-1.1878515672351828,19
1985,pafi1,ph1,1.2818371652165543,-1.3555949759784143,19
1986,paco21,hema1,53.240659912446276,-1.318392955169637,19
1986,paco21,ph1,335.03984816718037,-1.4323375765423092,19
1986,pafi1,hema1,20.536507607587883,-1.5197488394596563,19
1986,pafi1,ph1,6.337328034309358,-1.3633418076905373,19
1987,paco21,hema1,55.563048128020554,-1.6694820308729286,19
1987,paco21,ph1,400.1055461634368,-1.722525921760099,19
1987,pafi1,hema1,19.816231212490802,-1.6917037616207617,19
1987,pafi1,ph1,0.04309042931841231,-1.6913341189621556,19
1988,paco21,hema1,33.32055048512559,-1.0340090568661073,18
1988,paco21,ph1,436.62886830070204,-1.1798757186247664,18
1988,pafi1,hema1,14.106296448936435,-1.2495571187584347,18
1988,pafi1,ph1,0.41517910253101104,-3.917614679520796,18
1989,paco21,hema1,49.67604931887592,-1.4023407617059735,19
1989,paco21,ph1,349.7792437811812,-1.703365917361704,19
1989,pafi1,hema1,34.205718588407386,-1.5471722503750782,19
1989,pafi1,ph1,4.356497384091268,-1.8006734158532305,19
1990,paco21,hema1,66.17656768878571,-1.1822582274954136,18
1990,paco21,ph1,339.32257059241437,-1.24274710338269,18
1990,pafi1,hema1,37.14515373681927,-1.1003277858827902,18
1990,pafi1,ph1,7.7155284060526075,-1.4571790863011198,18
1991,paco21,hema1,42.30775705845921,-1.0703851822301509,19
1991,paco21,ph1,328.39860512007016,-1.1605543119135295,19
1991,pafi1,hema1,18.58865270462139,-1.3422229014366953,19
1991,pafi1,ph1,5.829022496638177,-1.0216103866476238,19
1992,paco21,hema1,45.115058108513374,-1.025795321578496,18
1992,paco21,ph1,295.2806069063183,-1.2197897881325745,18
1992,pafi1,hema1,22.62686994327625,-1.3192036135616738,18
1992,pafi1,ph1,5.572797183715027,-1.172022733133369,18
1993,paco21,hema1,45.348549091290245,-1.2247401378688985,18
1993,paco21,ph1,252.78074361944732,-1.2298985839091463,18
1993,pafi1,hema1,20.123617439619206,-1.4255920622187122,18
1993,pafi1,ph1,8.621596882031254,-1.0477548472047045,18
1994,paco21,hema1,59.025044958551206,-1.0874298609358377,19
1994,paco21,ph1,264.03795447514767,-1.4355134950549142,19
1994,pafi1,hema1,13.520250747464836,-1.6125342103012823,19
1994,pafi1,ph1,0.5165619561345139,-1.1045824093794625,19
1995,paco21,hema1,70.51800100689172,-0.7265746895823001,19
1995,paco21,ph1,317.7670652174762,-0.8199483485562021,19
1995,pafi1,hema1,38.9940934436493,-0.7370532292946503,19
1995,pafi1,ph1,11.666836061520254,-0.8622842291488882,19
1996,paco21,hema1,63.54896477092288,-0.9894884195613879,19
1996,paco21,ph1,405.1199423501232,-1.0112218101770278,19
1996,pafi1,hema1,22.870525593669587,-0.9855806018114783,19
1996,pafi1,ph1,0.5296387792535371,-0.9689940740511493,19
1997,paco21,hema1,56.45892359545366,-1.1308033246632525,19
1997,paco21,ph1,296.51499434687014,-1.3311740980049687,19
1997,pafi1,hema1,32.00466635930717,-1.4354977909691342,19
1997,pafi1,ph1,0.12513201667366283,-0.4787577826201722,19
1998,paco21,hema1,72.56861732597702,-1.254762988358961,19
1998,paco21,ph1,404.828708666372,-1.330355865937514,19
1998,pafi1,hema1,33.467612945163644,-1.3432922903479845,19
1998,pafi1,ph1,0.16249745124768852,-1.311494172517678,19
1999,paco21,hema1,44.792472619121675,-1.3057967050496844,18
1999,paco21,ph1,415.80287396895636,-1.2415551935363611,18
1999,pafi1,hema1,17.273002601693904,-1.617309705703347,18
1999,pafi1,ph1,4.763324608596658,-1.1438418957724183,18
