n,h_a,h_b,method,reps,limit_coverage,limit_mcse,limit_reps,coverage,mcse,failures,conditional_coverage,T_q025,T_q50,T_q975,T_q025_mcse,T_q50_mcse,T_q975_mcse,T_sd
300,0.0,0.0,emp,50000,0.999899,1.004936808958741e-05,1000000,0.99976,6.927371795999086e-05,0,0.99976,-1.0040105563097623,0.0018086912795321755,0.9936099060586437,0.004653247066635142,0.002468311387732412,0.00606299906249925,0.5070006183535081
300,0.0,0.0,G,50000,0.999899,1.004936808958741e-05,1000000,0.9999,4.471912342611134e-05,0,0.9999,-0.9954797519778891,0.0017648742707511269,0.9812881120659098,0.0046088810669879035,0.002443837815700542,0.006139341227808896,0.5020814570747612
300,0.0,0.25,emp,50000,0.999883,1.0816021033634954e-05,1000000,0.99976,6.927371795999086e-05,0,0.99976,-1.025709688963368,0.0035731602283373028,1.0028353073246032,0.004775753867218607,0.002171120099315664,0.006814641778952922,0.5148088666116714
300,0.0,0.25,G,50000,0.999883,1.0816021033634954e-05,1000000,0.99984,5.656401683049905e-05,0,0.99984,-1.0168053851519299,0.003557385245157924,0.9911786462037074,0.004970356595021949,0.002183084710837389,0.006282222300101679,0.5099550506320102
300,0.0,0.5,emp,50000,0.9998,1.414072133945005e-05,1000000,0.99964,8.483753886105219e-05,0,0.99964,-1.0604713647469535,0.0033930112167348554,1.0388449267483308,0.005552626637482955,0.00244020868570172,0.0069425285587640054,0.5365674442797866
300,0.0,0.5,G,50000,0.9998,1.414072133945005e-05,1000000,0.99974,7.210165046655145e-05,0,0.99974,-1.049094932087032,0.003313481004712511,1.025683345743595,0.0058164995238358195,0.0024328946828326157,0.007125462746971527,0.5316245217047841
300,0.0,1.0,emp,50000,0.999417,2.4138353527115312e-05,1000000,0.99906,0.00013704863370351796,0,0.99906,-1.1897114199644876,0.0028789690670531953,1.1664847836412016,0.007043382601495387,0.003574230026949321,0.006492602940474905,0.6073110356564313
300,0.0,1.0,G,50000,0.999417,2.4138353527115312e-05,1000000,0.99916,0.0001295603643094563,0,0.99916,-1.174874524361126,0.0028178664960536344,1.1512795292564821,0.006961423603052699,0.003521652049931351,0.006763999590495283,0.6018398142621686
300,0.0,2.0,emp,50000,0.996286,6.0829320265805985e-05,1000000,0.99468,0.00032532130578860006,0,0.99468,-1.4486359194877232,-0.0023767911652639116,1.4157945395635032,0.007354984017355591,0.004990194892166166,0.008211948661661143,0.7635988114825967
300,0.0,2.0,G,50000,0.996286,6.0829320265805985e-05,1000000,0.9959,0.00028576878765883414,0,0.9959,-1.4300383551827711,-0.0023424356552270006,1.401099406410994,0.0071245767457503,0.00491346355566204,0.00607575805142305,0.7564517878557263
300,0.0,3.0,emp,50000,0.98842,0.00010698552986268767,1000000,0.98596,0.0005261725648492147,0,0.98596,-1.6338515168296726,-0.0013928256649014185,1.6134817749683636,0.008524322114854616,0.005412712444952351,0.0075162487277151534,0.8671094743054601
300,0.0,3.0,G,50000,0.98842,0.00010698552986268767,1000000,0.98812,0.00048453824616845266,0,0.98812,-1.6116957594590133,-0.0014053282881723857,1.6020875695568164,0.009371309090900632,0.005405832865586902,0.00722109405584373,0.8587779552626285
300,0.0,4.0,emp,50000,0.977434,0.00014851523707687362,1000000,0.97476,0.0007014690641788851,0,0.97476,-1.763996452243778,-0.002786061605286529,1.743502272277371,0.00944142947572873,0.005530122981027244,0.00990666173535906,0.9226058519749623
300,0.0,4.0,G,50000,0.977434,0.00014851523707687362,1000000,0.97708,0.0006692484381752422,0,0.97708,-1.7429979387356527,-0.002787893929274733,1.725345813452926,0.009109750458781703,0.005575764890443846,0.009245307588081956,0.9136469926751514
300,0.0,6.0,emp,50000,0.962449,0.0001901076600218939,1000000,0.95934,0.0008832526750596346,0,0.95934,-1.8913990962626808,-0.0027860372633090468,1.8665409635059653,0.01130620456732422,0.00554816920289054,0.010342419191663765,0.9699134362541542
300,0.0,6.0,G,50000,0.962449,0.0001901076600218939,1000000,0.96176,0.0008576444764586321,0,0.96176,-1.8732427908647136,-0.0027878943164145894,1.8508703744089228,0.010658312041090055,0.005596631842510825,0.009789769047243282,0.960384610622775
300,0.0,8.0,emp,50000,0.956664,0.00020361235498859108,1000000,0.95384,0.0009383949530981077,0,0.95384,-1.9409232744418443,-0.002786024711366431,1.9149727592401313,0.012386139282109163,0.005547841109403801,0.011015002457251757,0.9878756645433526
300,0.0,8.0,G,50000,0.956664,0.00020361235498859108,1000000,0.95578,0.0009193975375211751,0,0.95578,-1.9237144137922093,-0.0027878944475896042,1.899982712943836,0.010910816375423158,0.005596708437283896,0.009933199810723905,0.9781303073700203
300,0.0,12.0,emp,50000,0.952667,0.00021235015213321598,1000000,0.9498,0.0009765240396426503,0,0.9498,-1.9776457888016914,-0.002786011810816386,1.9439667085787864,0.012684280700906866,0.005547553628863748,0.011372398925923257,1.0011150392353079
300,0.0,12.0,G,50000,0.952667,0.00021235015213321598,1000000,0.95186,0.0009573143726070341,0,0.95186,-1.958588265245887,-0.0027878945394967094,1.9334423307623305,0.011586154844940471,0.005596764443934083,0.010172105172163038,0.9912147216926706
300,0.0,16.0,emp,50000,0.951275,0.00021529253209296418,1000000,0.94846,0.0009887732642016574,0,0.94846,-1.9910405058957321,-0.002786005206510913,1.955051603364833,0.012959076417029144,0.0055474236303373545,0.0113997991306652,1.005824005692506
300,0.0,16.0,G,50000,0.951275,0.00021529253209296418,1000000,0.95064,0.0009687475460614077,0,0.95064,-1.9694903556392178,-0.002787894571206774,1.9463384377704784,0.011881401279708739,0.005596784528676658,0.010292020889161091,0.9958712608764219
300,0.0,24.0,emp,50000,0.950255,0.00021741765101987472,1000000,0.94746,0.0009977930486829423,0,0.94746,-1.9995795831767051,-0.0027859984865183877,1.9641770821588311,0.013314477693244179,0.005547301971284369,0.011361914779932817,1.0092083872056574
300,0.0,24.0,G,50000,0.950255,0.00021741765101987472,1000000,0.94948,0.0009794664833469291,0,0.94948,-1.9777724751049726,-0.0027878945936576196,1.954676050201418,0.012165794757196733,0.005596799144031746,0.010419753989697238,0.9992208603822714
300,0.0,32.0,emp,50000,0.949912,0.0002181265510111046,1000000,0.94722,0.0009999427143591781,0,0.94722,-2.002536711216427,-0.0027859950799707465,1.9666576517111538,0.013523466262221057,0.005547244076707176,0.011281702992943699,1.0103958088910434
300,0.0,32.0,G,50000,0.949912,0.0002181265510111046,1000000,0.94924,0.000981666159139654,0,0.94924,-1.9806743930637933,-0.0027878946014628417,1.957711085446785,0.012264105281431273,0.005596804341198086,0.010472434708114552,1.0003977285067258
300,0.0,48.0,emp,50000,0.949657,0.00021865173758971144,1000000,0.94694,0.001002443378949654,0,0.94694,-2.004388580547644,-0.0027859916406493407,1.968656858313274,0.01372671527611279,0.005547188036993814,0.011183145518091492,1.0112437159266172
300,0.0,48.0,G,50000,0.949657,0.00021865173758971144,1000000,0.9489,0.000984771953296803,0,0.9489,-1.982868136749724,-0.0027878946070145102,1.9599815097673534,0.012326488760989632,0.005596808094164481,0.010512007762557268,1.0012397434562517
300,0.0,64.0,emp,50000,0.94957,0.0002188305625364062,1000000,0.94676,0.0010040468355609709,0,0.94676,-2.0052237525733076,-0.002785989908281326,1.9687368224324076,0.01384646105359227,0.005547160689048827,0.011176274796309114,1.0115398682663348
300,0.0,64.0,G,50000,0.94957,0.0002188305625364062,1000000,0.94888,0.0009849542689891755,0,0.94888,-1.9835772750299538,-0.002787894608951294,1.9606550976373072,0.01234720823981304,0.005596809419360502,0.010526320284373976,1.0015347167765574
300,0.0,96.0,emp,50000,0.949511,0.00021895173184745538,1000000,0.94678,0.0010038688320692104,0,0.94678,-2.005639427168118,-0.0027859881672157166,1.9695156921362977,0.013939791824419841,0.005547133776499923,0.011201541252681042,1.0117506392584945
300,0.0,96.0,G,50000,0.949511,0.00021895173184745538,1000000,0.94878,0.0009858652199971358,0,0.94878,-1.9840896083415605,-0.002787894610331859,1.9611364137366378,0.012361565261774416,0.005596810371485677,0.010536622450844371,1.001745494240598
300,0.0,128.0,emp,50000,0.949492,0.00021899073481770865,1000000,0.94674,0.0010042247995344466,0,0.94674,-2.0057806394323774,-0.00278598729336768,1.970175148399216,0.013967099291546308,0.005547120480572373,0.011206369821154255,1.0118239779029532
300,0.0,128.0,G,50000,0.949492,0.00021899073481770865,1000000,0.94878,0.0009858652199971358,0,0.94878,-1.9842598313720416,-0.0027878946108142863,1.9613206722902012,0.012366465983607836,0.005596810706280791,0.010540244031647977,1.0018192818797826
300,0.0,192.0,emp,50000,0.949472,0.0002190317812921221,1000000,0.94664,0.0010051140273620697,0,0.94664,-2.0059435037620057,-0.0027859864172806448,1.970800609590818,0.013985385683941611,0.005547107289986788,0.011215429680182572,1.0118759413722052
300,0.0,192.0,G,50000,0.949472,0.0002190317812921221,1000000,0.94878,0.0009858652199971358,0,0.94878,-1.9843817106459902,-0.0027878946111585257,1.9614521481615004,0.012369908316303472,0.005596810946145113,0.010542836152844539,1.0018719919364953
300,0.0,256.0,emp,50000,0.949467,0.00021904204142355878,1000000,0.94664,0.0010051140273620697,0,0.94664,-2.0059347148129096,-0.0027859859783907,1.971003142135977,0.013990105187486095,0.005547100733833419,0.011223453631425122,1.011893905769173
300,0.0,256.0,G,50000,0.949467,0.00021904204142355878,1000000,0.94878,0.0009858652199971358,0,0.94878,-1.9844244460301064,-0.0027878946112789137,1.9614981249130614,0.012371097076465568,0.005596811030297586,0.010543744526272061,1.0018904412818321
300,0.0,512.0,emp,50000,0.949466,0.00021904409337847932,1000000,0.94658,0.0010056470911805992,0,0.94658,-2.005913164334422,-0.0027859853189900587,1.9704294951723067,0.01398491505032306,0.005547090948119061,0.011236700516866248,1.011910829521603
300,0.0,512.0,G,50000,0.949466,0.00021904409337847932,1000000,0.94878,0.0009858652199971358,0,0.94878,-1.9844657117242555,-0.0027878946113949325,1.961542428481013,0.012372231309893268,0.005596811111594944,0.010544621108358914,1.001908232054624
300,0.0,1024.0,emp,50000,0.949465,0.0002190461453096128,1000000,0.94658,0.0010056470911805992,0,0.94658,-2.0060682751117542,-0.002785984988807654,1.9706795891398499,0.013980196887101698,0.005547086076961335,0.011242202529852283,1.0119147809169646
300,0.0,1024.0,G,50000,0.949465,0.0002190461453096128,1000000,0.94878,0.0009858652199971358,0,0.94878,-1.9844760417945544,-0.0027878946114239197,1.9615534964666528,0.012372511889312572,0.005596811131956392,0.010544840380749322,1.001912679779293
300,0.0,2048.0,emp,50000,0.949465,0.0002190461453096128,1000000,0.94658,0.0010056470911805992,0,0.94658,-2.0063145357969328,-0.0027859848235954224,1.9708351889849867,0.013979451559976897,0.005547083646780587,0.011243740657069446,1.0119156289787237
300,0.0,2048.0,G,50000,0.949465,0.0002190461453096128,1000000,0.94878,0.0009858652199971358,0,0.94878,-1.9844786259954674,-0.0027878946114311648,1.9615562624462775,0.012372581659583482,0.005596811137051422,0.010544895211393008,1.001913791709159
300,0.0,4096.0,emp,50000,0.949465,0.0002190461453096128,1000000,0.94658,0.0010056470911805992,0,0.94658,-2.0064366887953575,-0.002785984740958986,1.9709124391006574,0.013979867560016892,0.0055470824330363985,0.011244494638824312,1.0119157711010829
300,0.0,4096.0,G,50000,0.949465,0.0002190461453096128,1000000,0.94878,0.0009858652199971358,0,0.94878,-1.9844792722547002,-0.0027878946114329754,1.961556953812309,0.012372599055191462,0.005596811138325764,0.010544908920419269,1.0019140696911355
300,0.0,8192.0,emp,50000,0.949465,0.0002190461453096128,1000000,0.94658,0.0010056470911805992,0,0.94658,-2.0064975212268434,-0.0027859846996331795,1.9709506310519909,0.013979710030904289,0.005547081826500435,0.011244877360834325,1.0119157716853415
300,0.0,8192.0,G,50000,0.949465,0.0002190461453096128,1000000,0.94878,0.0009858652199971358,0,0.94878,-1.9844794338455451,-0.002787894611433428,1.9615571266375966,0.012372603398215,0.005596811138644424,0.01054491234783393,1.001914139186548
300,0.25,0.0,emp,50000,0.999874,1.1224264964796558e-05,1000000,0.99972,7.482267036132125e-05,0,0.99972,-1.0179181756912588,-0.0008276732337583743,1.006267972823226,0.0053409201764421516,0.002273101618105031,0.006204915184997413,0.5152564086508847
300,0.25,0.0,G,50000,0.999874,1.1224264964796558e-05,1000000,0.9999,4.471912342611134e-05,0,0.9999,-1.0062382288713456,-0.0008159817688596874,0.993098561594988,0.005406640708187957,0.0022642327804285574,0.005884455917425114,0.5102532806988518
300,0.25,0.25,emp,50000,0.999354,2.5408319188801832e-05,1000000,0.99918,0.00012800996836184617,0,0.99918,-1.0418816237562498,-0.08405376304528733,1.0242148925576056,0.0049696092312469485,0.002903892856081852,0.005846012682569158,0.542958341791548
300,0.25,0.25,G,50000,0.999354,2.5408319188801832e-05,1000000,0.99932,0.00011657938068114909,0,0.99932,-1.033052440954802,-0.0834677447109927,1.0159567871313335,0.005322679645644387,0.0028478778067434424,0.006357784360861073,0.5386490505066764
300,0.25,0.5,emp,50000,0.997979,4.4910083043789295e-05,1000000,0.99764,0.0002169990967723151,0,0.99764,-1.1234272812453463,-0.13504781012197942,1.068781924426194,0.006362027031190117,0.003774142510791666,0.006875553066174526,0.6431250959901385
300,0.25,0.5,G,50000,0.997979,4.4910083043789295e-05,1000000,0.99778,0.00021047905358966243,0,0.99778,-1.111264889481833,-0.13395987408634868,1.0570919993411854,0.006009238289094507,0.003751184856853637,0.007139609819229382,0.6328002396008181
300,0.25,1.0,emp,50000,0.994688,7.268963238316716e-05,1000000,0.99412,0.00034191886756948633,0,0.99412,-1.3146270795005874,-0.17530650385051502,1.1837634232186958,0.007710022495794049,0.0036250392065587,0.0073144861298267295,0.7655506520699443
300,0.25,1.0,G,50000,0.994688,7.268963238316716e-05,1000000,0.9944,0.0003337256358148127,0,0.9944,-1.2930279844419275,-0.17375154191663855,1.1677352752224508,0.007171155174787223,0.003629847036726353,0.00674508634562637,0.757789019529937
300,0.25,2.0,emp,50000,0.991927,8.948646082508793e-05,1000000,0.98982,0.00044891797914541065,0,0.98982,-1.574283923324747,-0.10906149030147583,1.3987642753751255,0.008655774996278407,0.005645777288794195,0.0076552447133556595,0.8632612766886072
300,0.25,2.0,G,50000,0.991927,8.948646082508793e-05,1000000,0.99108,0.0004204862328305182,0,0.99108,-1.5582310594516318,-0.10857564731077499,1.3867013077250288,0.008305917447762054,0.005546852970933229,0.007578154021280215,0.8533395080170207
300,0.25,3.0,emp,50000,0.987001,0.00011326970468311456,1000000,0.98426,0.0005566372678863674,0,0.98426,-1.7035553924803306,-0.047672303161325986,1.5775887376152444,0.008055246459855298,0.005379076397099896,0.008543144626153769,0.8873457858307475
300,0.25,3.0,G,50000,0.987001,0.00011326970468311456,1000000,0.98606,0.0005243219697857405,0,0.98606,-1.6830237423880383,-0.04704056997981673,1.5626805849365846,0.007232378986710445,0.005321153938841356,0.00817871268007484,0.8789192768733058
300,0.25,4.0,emp,50000,0.976615,0.00015112293596605377,1000000,0.9736,0.0007169803344583445,0,0.9736,-1.8209250908397165,-0.024015311144448673,1.704913582991328,0.00925513276524648,0.0055412324994171544,0.008897079818636392,0.9288685049699491
300,0.25,4.0,G,50000,0.976615,0.00015112293596605377,1000000,0.97594,0.000685289959068422,0,0.97594,-1.7997447197338812,-0.023840798141624625,1.6878788418089212,0.008943006787536744,0.005450252343929889,0.00898995730485688,0.9200145007965018
300,0.25,6.0,emp,50000,0.962156,0.0001908188451490051,1000000,0.9592,0.0008847074092602588,0,0.9592,-1.924386043503617,-0.012889312274022654,1.8382639164778942,0.012310072962346302,0.005505313146274619,0.011610534104179077,0.9708497338756785
300,0.25,6.0,G,50000,0.962156,0.0001908188451490051,1000000,0.96136,0.0008619390976165312,0,0.96136,-1.9076672721627332,-0.012758707081533184,1.8213030437762472,0.010630260887045804,0.005445119486444104,0.010914832881997114,0.9613294038162207
300,0.25,8.0,emp,50000,0.956566,0.0002038320083892615,1000000,0.95374,0.0009393616172699412,0,0.95374,-1.9592220862394254,-0.008529679488941516,1.89625045399407,0.012331886395837656,0.00567691294007736,0.011141059768729977,0.9881862756966889
300,0.25,8.0,G,50000,0.956566,0.0002038320083892615,1000000,0.95554,0.0009217733821281677,0,0.95554,-1.9413962973743446,-0.00868528061168075,1.8789707390191301,0.011504764420441927,0.005753728907615594,0.010655210690883354,0.9784494418907004
300,0.25,12.0,emp,50000,0.952686,0.00021230964510356086,1000000,0.94976,0.0009768924444379734,0,0.94976,-1.9870551979685824,-0.005234000459853028,1.938153275445787,0.01319581995370206,0.005539828633802843,0.011083191032634932,1.0011824598660075
300,0.25,12.0,G,50000,0.952686,0.00021230964510356086,1000000,0.95204,0.0009556132941729097,0,0.95204,-1.9654482548853782,-0.0051311414387087105,1.923527874691702,0.012024562495447848,0.005546401998401362,0.01092134862812317,0.99129024961492
300,0.25,16.0,emp,50000,0.951307,0.00021522544401394547,1000000,0.94834,0.0009898610447936624,0,0.94834,-1.9968381842966931,-0.004323445608039335,1.9515826192319419,0.013676834358499923,0.005563612065659148,0.011511064987650173,1.00584480402863
300,0.25,16.0,G,50000,0.951307,0.00021522544401394547,1000000,0.95076,0.0009676303261059975,0,0.95076,-1.9736075388000864,-0.0043203122605274345,1.938659979189087,0.012139258384825826,0.00556655996823699,0.010929582211160005,0.9958993454916182
300,0.25,24.0,emp,50000,0.950315,0.0002172933518886392,1000000,0.94758,0.0009967160438158907,0,0.94758,-2.002755432946094,-0.0027400646187454706,1.9609715010793498,0.0139445205727349,0.00553545758531043,0.011505844780892161,1.0092089117891598
300,0.25,24.0,G,50000,0.950315,0.0002172933518886392,1000000,0.94988,0.0009757867144002325,0,0.94988,-1.980399004632613,-0.0027017328626399877,1.9511217864725008,0.012378661836996034,0.005581377234044511,0.010905311028206369,0.9992272289645162
300,0.25,32.0,emp,50000,0.949948,0.0002180522811070776,1000000,0.94706,0.001001372621954485,0,0.94706,-2.004261392630775,-0.0024893278731069482,1.9656009590674857,0.014039569376937311,0.005609364051305319,0.011469199964294633,1.0103924598015235
300,0.25,32.0,G,50000,0.949948,0.0002180522811070776,1000000,0.94946,0.0009796500232225796,0,0.94946,-1.9830617971917608,-0.002548699530267021,1.9564159630435518,0.012394082301472239,0.0055716115498614365,0.010753283225950493,1.0003991900544662
300,0.25,48.0,emp,50000,0.949673,0.00021861883054988656,1000000,0.94682,0.0010035127064467097,0,0.94682,-2.005285814715742,-0.002294095968041142,1.9685229316695774,0.014177646213693135,0.005634784002787722,0.011378655151738474,1.011239357469299
300,0.25,48.0,G,50000,0.949673,0.00021861883054988656,1000000,0.9491,0.0009829464888792263,0,0.9491,-1.9835513954141935,-0.00225013346541856,1.9594441115125327,0.012446867718597598,0.005613960670792908,0.010626297363406458,1.0012389039021967
300,0.25,64.0,emp,50000,0.949581,0.0002188079624670912,1000000,0.94676,0.0010040468355609709,0,0.94676,-2.0059759276567894,-0.002414514402564256,1.9695794436044218,0.01415994510078363,0.005591922329077017,0.011260266454010964,1.0115358738749463
300,0.25,64.0,G,50000,0.949581,0.0002188079624670912,1000000,0.94898,0.000984042271449758,0,0.94898,-1.984591737278978,-0.002444774968977467,1.9596619441908696,0.01247979590549044,0.00558635897461023,0.01059902188089264,1.0015334860843033
300,0.25,96.0,emp,50000,0.949511,0.00021895173184745538,1000000,0.94672,0.001004402724010643,0,0.94672,-2.005465640017678,-0.0023428842149210848,1.9699556125074835,0.014121227890786455,0.0055537576327421845,0.01115890017258435,1.0117475132370588
300,0.25,96.0,G,50000,0.949511,0.00021895173184745538,1000000,0.94882,0.0009855009649919172,0,0.94882,-1.9857194273991605,-0.0022021695028838053,1.960559606350366,0.012501829462945872,0.005594795133588442,0.01056053310479875,1.001744297089084
300,0.25,128.0,emp,50000,0.949486,0.00021900304975958656,1000000,0.94666,0.0010049362606653226,0,0.94666,-2.0063892988261287,-0.0025780285412135774,1.970789439259591,0.014059998074475558,0.005539689817346521,0.011172050159641171,1.0118214635785414
300,0.25,128.0,G,50000,0.949486,0.00021900304975958656,1000000,0.94878,0.0009858652199971358,0,0.94878,-1.9853724715731609,-0.0025913314370738703,1.9612012723417287,0.012491619370741853,0.005616656494757134,0.01055930698183816,1.0018182475646242
300,0.25,192.0,emp,50000,0.949467,0.00021904204142355878,1000000,0.94662,0.0010052917546662758,0,0.94662,-2.006430857830619,-0.002675900820622003,1.971071814481748,0.014019351040301314,0.00552717047728893,0.011213795036616011,1.011874152977217
300,0.25,192.0,G,50000,0.949467,0.00021904204142355878,1000000,0.94874,0.0009862293080212124,0,0.94874,-1.9846545312090051,-0.0026785085921595016,1.961535006095736,0.012451901773940798,0.0056099112675423906,0.010552425949699778,1.0018712128776108
300,0.25,256.0,emp,50000,0.949459,0.00021905845639691692,1000000,0.94662,0.0010052917546662758,0,0.94662,-2.006312029368743,-0.0026876508945668583,1.9710491554951672,0.014011283620367371,0.005521543913047974,0.011233848097647336,1.0118925225749877
300,0.25,256.0,G,50000,0.949459,0.00021905845639691692,1000000,0.94872,0.000986411289473108,0,0.94872,-1.9843134825474937,-0.002694132245666427,1.9615541009011515,0.012429825934992986,0.005605164876424239,0.010550265796056052,1.0018898237082416
300,0.25,512.0,emp,50000,0.949463,0.00021905024910052041,1000000,0.94658,0.0010056470911805992,0,0.94658,-2.0061581025008266,-0.002732666698407969,1.970506046390689,0.01399967849330953,0.00552858053237465,0.011240727564568684,1.0119101065396392
300,0.25,512.0,G,50000,0.949463,0.00021905024910052041,1000000,0.94876,0.0009860472848702536,0,0.94876,-1.9843453795976993,-0.002758111263475453,1.961554014235045,0.012397884557219602,0.005597423896911461,0.010547387689579347,1.0019078984218062
300,0.25,1024.0,emp,50000,0.949461,0.00021905435279628662,1000000,0.94658,0.0010056470911805992,0,0.94658,-2.0063629021481653,-0.0027043492907846724,1.9707510368887036,0.013986126976497518,0.0055360476474429,0.011244415473964873,1.011914411577578
300,0.25,1024.0,G,50000,0.949461,0.00021905435279628662,1000000,0.94878,0.0009858652199971358,0,0.94878,-1.9844133203107854,-0.002801921628264698,1.9615410298459022,0.012383787676668598,0.00559632797710947,0.010546077547273654,1.0019125067660735
300,0.25,2048.0,emp,50000,0.949462,0.0002190523009602957,1000000,0.94658,0.0010056470911805992,0,0.94658,-2.0064623487800435,-0.002790712859402655,1.9708706052015126,0.013981295399667757,0.005540753013852983,0.011244815891510796,1.0119154423455607
300,0.25,2048.0,G,50000,0.949462,0.0002190523009602957,1000000,0.94878,0.0009858652199971358,0,0.94878,-1.9844704727647131,-0.0028052096991127776,1.9615354025550598,0.012378238279010844,0.005596019739678495,0.01054547736099234,1.00191370365409
300,0.25,4096.0,emp,50000,0.94946,0.00021905640460849354,1000000,0.94658,0.0010056470911805992,0,0.94658,-2.006510665091929,-0.0027859034647808247,1.97092965598168,0.013979906138427981,0.0055435437878204475,0.011245047386624848,1.0119156772933946
300,0.25,4096.0,G,50000,0.94946,0.00021905640460849354,1000000,0.94878,0.0009858652199971358,0,0.94878,-1.984461833668465,-0.002796551202990623,1.9615465875487677,0.012375457481908126,0.005596177949236157,0.01054519089797729,1.001914025276511
300,0.25,8192.0,emp,50000,0.949461,0.00021905435279628662,1000000,0.94658,0.0010056470911805992,0,0.94658,-2.006534489243555,-0.002785941710362687,1.97095899782298,0.01397971656251704,0.005545234091311194,0.011245151948378598,1.0119157246586865
300,0.25,8192.0,G,50000,0.949461,0.00021905435279628662,1000000,0.94878,0.0009858652199971358,0,0.94878,-1.9844707011439162,-0.002792222669163725,1.9615519594250206,0.012374065569950323,0.005596479240732941,0.01054505106363706,1.0019141168824621
300,0.5,0.0,emp,50000,0.999807,1.3891103303913578e-05,1000000,0.99962,8.716141348097183e-05,0,0.99962,-1.0617903609766395,-0.0020676230380786836,1.0502638767579189,0.005624320568967593,0.0030446752909589776,0.006141422956646174,0.5379708846487268
300,0.5,0.0,G,50000,0.999807,1.3891103303913578e-05,1000000,0.9998,6.323922833178438e-05,0,0.9998,-1.0486388681095795,-0.0019739624363620195,1.0393460048336751,0.005390659350289149,0.003066651056472807,0.00558537650238184,0.5327484667510711
300,0.5,0.25,emp,50000,0.99809,4.366178993124271e-05,1000000,0.99792,0.00020374855091509096,0,0.99792,-1.1117390889898757,-0.13440959898967286,1.070441410174706,0.0064190019256724256,0.004127245519664977,0.006792284429317105,0.5865792222055285
300,0.5,0.25,G,50000,0.99809,4.366178993124271e-05,1000000,0.99812,0.00019372483578519265,0,0.99812,-1.097719843430547,-0.13320026914213867,1.0625372064110683,0.006051819832021113,0.004225609697510223,0.006658731907221276,0.5816056304121487
300,0.5,0.5,emp,50000,0.993304,8.155466623069482e-05,1000000,0.99214,0.00039492329381792554,0,0.99214,-1.2825368542019984,-0.20299830468198793,1.1106389197593374,0.009958067230896902,0.004596577276763549,0.0061905851841133645,0.759760056553536
300,0.5,0.5,G,50000,0.993304,8.155466623069482e-05,1000000,0.99238,0.00038889421697937244,0,0.99238,-1.2706165509378256,-0.20193603060713577,1.1014796712853592,0.009671311130849888,0.004676355695349873,0.007840465726309453,0.7552616942003829
300,0.5,1.0,emp,50000,0.981873,0.00013341068874344366,1000000,0.98116,0.0006080304992350297,0,0.98116,-1.7150079152826117,-0.2427643142400749,1.2102484885780909,0.01461176263651301,0.004054363079414723,0.0072032699088302385,0.8958507758674796
300,0.5,1.0,G,50000,0.981873,0.00013341068874344366,1000000,0.98224,0.0005906705071357465,0,0.98224,-1.6880118836357452,-0.24193850208412204,1.1947621222378229,0.015860282371652913,0.0042738821428036965,0.0074957997829498205,0.8867114573626113
300,0.5,2.0,emp,50000,0.978759,0.00014418675361835414,1000000,0.97606,0.0006836208949410479,0,0.97606,-1.891554583838436,-0.15068161633840976,1.395790717962744,0.014937414254836346,0.005314691433779521,0.0071538667977922325,1.0892616083681952
300,0.5,2.0,G,50000,0.978759,0.00014418675361835414,1000000,0.9773,0.0006661037456733005,0,0.9773,-1.8559456511529921,-0.14976001208216022,1.3829444990639528,0.01593063660561783,0.005427614498320158,0.007297300344925879,1.0775452370020882
300,0.5,3.0,emp,50000,0.980722,0.00013750039533034085,1000000,0.9768,0.0006732274504207326,0,0.9768,-1.8654964405467007,-0.07619402684102386,1.5513426495134959,0.0071646162464262895,0.005677755229958683,0.010024368453144415,0.9436697665014011
300,0.5,3.0,G,50000,0.980722,0.00013750039533034085,1000000,0.97906,0.000640336105494606,0,0.97906,-1.8355060078936531,-0.07549102185602725,1.5343555173002392,0.006043158020932391,0.005617336381713207,0.007962385343125437,0.9347024839819721
300,0.5,4.0,emp,50000,0.971782,0.00016559512213830445,1000000,0.96836,0.0007828015125177008,0,0.96836,-1.9209992976891817,-0.04136137265201331,1.6741381644691988,0.009085661279680222,0.0053224024400326505,0.008875104481267253,0.943101235527737
300,0.5,4.0,G,50000,0.971782,0.00016559512213830445,1000000,0.9703,0.0007591825867339154,0,0.9703,-1.908634393207653,-0.04081208328103588,1.662515807990328,0.008879706904234112,0.005247104601675505,0.008395431727511464,0.9340763896519257
300,0.5,6.0,emp,50000,0.961321,0.0001928287710872006,1000000,0.95772,0.0008999155693730383,0,0.95772,-1.964697352799933,-0.019578529657555452,1.8171819653127856,0.013033711125321095,0.005270603200776087,0.011538789382523876,0.9734580615664998
300,0.5,6.0,G,50000,0.961321,0.0001928287710872006,1000000,0.96014,0.0008748849112883363,0,0.96014,-1.944231967872466,-0.01954361589516227,1.7953377505595534,0.01199048658730918,0.00521640961473561,0.01069961333117184,0.963925099435275
300,0.5,8.0,emp,50000,0.956324,0.00020437320524961203,1000000,0.95316,0.0009449445952012213,0,0.95316,-1.9812453688764584,-0.012971134667523882,1.881179926415983,0.013970180859017545,0.005351583631837251,0.011816319033011327,0.9890241868544972
300,0.5,8.0,G,50000,0.956324,0.00020437320524961203,1000000,0.95538,0.0009233531891968533,0,0.95538,-1.9631595863927132,-0.012866011583106855,1.863232923343761,0.012124050325139944,0.005289122479635278,0.01144622761088911,0.9792900739818512
300,0.5,12.0,emp,50000,0.952665,0.00021235441548270197,1000000,0.9495,0.0009792829009024919,0,0.9495,-1.9945097362884752,-0.007733903458452129,1.933619446776361,0.013452142081962683,0.0056358924661270475,0.011405131656095458,1.0013539649441794
300,0.5,12.0,G,50000,0.952665,0.00021235441548270197,1000000,0.95192,0.0009567477577710858,0,0.95192,-1.9733064667774165,-0.007589284818517471,1.9136386054730465,0.012454101349307283,0.005598558024537666,0.011034074020654878,0.9914689066028287
300,0.5,16.0,emp,50000,0.951312,0.0002152149591826738,1000000,0.9481,0.0009920321567368667,0,0.9481,-1.9991591631871695,-0.006488925704643662,1.9486160576015608,0.01388323036074699,0.005702870640127182,0.010747912609928256,1.0058983947761968
300,0.5,16.0,G,50000,0.951312,0.0002152149591826738,1000000,0.95068,0.000968375315670531,0,0.95068,-1.9812648958877002,-0.006542779565051058,1.9318032126716798,0.01248508916751641,0.005767044433440739,0.011182881101576036,0.9959599603742522
300,0.5,24.0,emp,50000,0.950314,0.0002172954242592329,1000000,0.9472,0.0010001215926076187,0,0.9472,-2.0042427428957135,-0.0038730936154741822,1.9609035883991848,0.014547895399713781,0.0055688143666553875,0.011660607323783698,1.0092157870391028
300,0.5,24.0,G,50000,0.950314,0.0002172954242592329,1000000,0.9498,0.0009765240396426503,0,0.9498,-1.9804211107952698,-0.0038559043550977492,1.9484140885012606,0.012399180322875554,0.005518727252522523,0.01107856572412047,0.9992399103955987
300,0.5,32.0,emp,50000,0.949969,0.00021800894256658382,1000000,0.94694,0.001002443378949654,0,0.94694,-2.005132136807114,-0.003380036822232784,1.9645510549949612,0.014481352623314172,0.005538790132517448,0.011625580940259405,1.0103910508932914
300,0.5,32.0,G,50000,0.949969,0.00021800894256658382,1000000,0.94942,0.0009800169753631817,0,0.94942,-1.9827413776923761,-0.003404590397553038,1.9533641321688535,0.012330435812384388,0.005562003234848176,0.01112108895583023,1.0004025844155962
300,0.5,48.0,emp,50000,0.949698,0.00021856740103684257,1000000,0.9467,0.0010045806090105463,0,0.9467,-2.0060041357799316,-0.002533287593523724,1.9681650389652519,0.014509487311669863,0.00553470964819882,0.011598635758926518,1.0112353377534262
300,0.5,48.0,G,50000,0.949698,0.00021856740103684257,1000000,0.94908,0.000983129224466448,0,0.94908,-1.9844742579004204,-0.0026313556050698043,1.9571592799947577,0.01247009705901299,0.005569361765314735,0.010971287371395144,1.00123840372765
300,0.5,64.0,emp,50000,0.949591,0.00021878741444379297,1000000,0.94656,0.0010058247004324364,0,0.94656,-2.0064791488966116,-0.0024336146650499224,1.9684100298705165,0.014477758800374782,0.0056118545588692125,0.011512208210055604,1.0115319653238763
300,0.5,64.0,G,50000,0.949591,0.00021878741444379297,1000000,0.94894,0.000984407196235379,0,0.94894,-1.9854265196567504,-0.002524441145076944,1.9595038017912056,0.012471034913064172,0.0055717195685815795,0.010780007986273182,1.0015323422312183
300,0.5,96.0,emp,50000,0.949517,0.00021893941333391744,1000000,0.9465,0.0010063572924165652,0,0.9465,-2.007027676552527,-0.0022614215733774293,1.9697136296220252,0.014324885022901537,0.005634399145468527,0.011283253006193934,1.011744391431095
300,0.5,96.0,G,50000,0.949517,0.00021893941333391744,1000000,0.94888,0.0009849542689891755,0,0.94888,-1.984696429359085,-0.002159660180896435,1.9606670151536052,0.012475093756339178,0.005612252843432091,0.010650126412041196,1.0017431047487149
300,0.5,128.0,emp,50000,0.949496,0.00021898252438037148,1000000,0.9466,0.001005469442598829,0,0.9466,-2.006658575451481,-0.002353263163355223,1.9698006608536687,0.014213952435792796,0.005590314977905688,0.011184752552743201,1.0118189447366568
300,0.5,128.0,G,50000,0.949496,0.00021898252438037148,1000000,0.94888,0.0009849542689891755,0,0.94888,-1.9850705193054936,-0.0024115148748962848,1.9604968479579532,0.012493766430890263,0.0055860305059595074,0.010613556354897245,1.0018172090822302
300,0.5,192.0,emp,50000,0.949473,0.00021902972919446344,1000000,0.94662,0.0010052917546662758,0,0.94662,-2.006504699738055,-0.0023233732561544,1.9703915055587404,0.014089840698418116,0.005553768609038645,0.011190570037647507,1.0118723602992374
300,0.5,192.0,G,50000,0.949473,0.00021902972919446344,1000000,0.9488,0.0009856831133787372,0,0.9488,-1.9859917857181062,-0.002201133098795243,1.960929379433829,0.012508478797266584,0.005594898545764507,0.01056844178490841,1.001870429690103
300,0.5,256.0,emp,50000,0.949462,0.0002190523009602957,1000000,0.94658,0.0010056470911805992,0,0.94658,-2.00666127331811,-0.0025778852525821187,1.9708033250509658,0.014044778077829024,0.005539385541775255,0.011215307481793087,1.0118911364975234
300,0.5,256.0,G,50000,0.949462,0.0002190523009602957,1000000,0.94876,0.0009860472848702536,0,0.94876,-1.985476778795774,-0.0025888475716075885,1.9614164410587007,0.012495287036626616,0.005616690573952058,0.0105634845536023,1.0018892033361615
300,0.5,512.0,emp,50000,0.949452,0.0002190728182500057,1000000,0.94658,0.0010056470911805992,0,0.94658,-2.006524482268198,-0.002687256693002336,1.9706716634251928,0.014009616440937959,0.005521424995861275,0.011241180929630838,1.011909382710863
300,0.5,512.0,G,50000,0.949452,0.0002190728182500057,1000000,0.94872,0.000986411289473108,0,0.94872,-1.9843498264594777,-0.0026937874739086766,1.9616017220581388,0.01243082553358674,0.005605024836418935,0.01055116888228085,1.001907563962087
300,0.5,1024.0,emp,50000,0.949461,0.00021905435279628662,1000000,0.94656,0.0010058247004324364,0,0.94656,-2.006520971388181,-0.00273260325447548,1.9708169648821028,0.013995769512020723,0.005528576059249277,0.011246742459193196,1.011914042016564
300,0.5,1024.0,G,50000,0.949461,0.00021905435279628662,1000000,0.94876,0.0009860472848702536,0,0.94876,-1.9843538578624464,-0.0027578358104533105,1.961565925823719,0.012398128378798615,0.005597412385385315,0.010547613477737776,1.0019123335359856
300,0.5,2048.0,emp,50000,0.94946,0.00021905640460849354,1000000,0.94658,0.0010056470911805992,0,0.94658,-2.0066031434750387,-0.0027041111594487844,1.9709038518060313,0.01398622473368458,0.005536047207456302,0.011245943339376464,1.0119152556561144
300,0.5,2048.0,G,50000,0.94946,0.00021905640460849354,1000000,0.94878,0.0009858652199971358,0,0.94878,-1.9844154505099119,-0.0028016581947992378,1.9615440084922728,0.012383851065936818,0.005596326723892013,0.01054613419603731,1.0019136155438961
300,0.5,4096.0,emp,50000,0.949462,0.0002190523009602957,1000000,0.94658,0.0010056470911805992,0,0.94658,-2.0065816598741977,-0.0027906836399086924,1.9709463500037414,0.013981264005640046,0.005540752083818698,0.011245604898707644,1.0119155834715485
300,0.5,4096.0,G,50000,0.949462,0.0002190523009602957,1000000,0.94878,0.0009858652199971358,0,0.94878,-1.9844710800746006,-0.0028052077844188256,1.9615362136291963,0.01237825409605402,0.005596019591563646,0.010545491546121184,1.0019139808480142
300,0.5,8192.0,emp,50000,0.94946,0.00021905640460849354,1000000,0.94658,0.0010056470911805992,0,0.94658,-2.006570789000155,-0.002785898758830188,1.9709673625224116,0.013979725067329366,0.005543543334908064,0.011245429647155024,1.0119156776284826
300,0.5,8192.0,G,50000,0.94946,0.00021905640460849354,1000000,0.94878,0.0009858652199971358,0,0.94878,-1.984461966629589,-0.002796550724374112,1.9615467902984198,0.012375461432398037,0.0055961777800973885,0.010545194446984553,1.001914094574898
300,1.0,0.0,emp,50000,0.999397,2.4548653547598495e-05,1000000,0.99918,0.00012800996836184617,0,0.99918,-1.1894402754157367,-0.005217258375666149,1.1749086398586297,0.006191994852695472,0.004594387768665369,0.006617879898413269,0.6112588379355424
300,1.0,0.0,G,50000,0.999397,2.4548653547598495e-05,1000000,0.99918,0.00012800996836184617,0,0.99918,-1.183574604466015,-0.005247614056619176,1.164772038612503,0.006153131582151334,0.004525341544207536,0.006016521696082111,0.6052964703811119
300,1.0,0.25,emp,50000,0.994495,7.399118173809621e-05,1000000,0.99458,0.0003283480957764178,0,0.99458,-1.320360214964558,-0.1774516886384267,1.1927311122305904,0.008137413200207395,0.005944611423321763,0.006752062834195137,0.767980112086936
300,1.0,0.25,G,50000,0.994495,7.399118173809621e-05,1000000,0.99478,0.0003222654682090528,0,0.99478,-1.3036926051411994,-0.1756750505801574,1.1803821077918282,0.007673313181167216,0.005933660751843321,0.0064059276655533985,0.7587117770929059
300,1.0,0.5,emp,50000,0.981679,0.0001341094365024327,1000000,0.98134,0.0006051744277479017,0,0.98134,-1.7135541312124987,-0.2441690459605441,1.2171457483561228,0.02297413142532922,0.0065341022153580924,0.006631632527931694,0.9651950960417759
300,1.0,0.5,G,50000,0.981679,0.0001341094365024327,1000000,0.98178,0.0005981309488732382,0,0.98178,-1.687207084970926,-0.24341266645035833,1.2030347792267162,0.02153493111290124,0.006593007919367936,0.0070734862901604325,0.9523124250696976
300,1.0,1.0,emp,50000,0.949626,0.00021871547755931685,1000000,0.94884,0.0009853187748135115,0,0.94884,-2.767557835792873,-0.2633333774178149,1.2739063077088746,0.03377555737865848,0.006238489563899758,0.006536687569903624,1.351725115348445
300,1.0,1.0,G,50000,0.949626,0.00021871547755931685,1000000,0.94988,0.0009757867144002325,0,0.94988,-2.730966944088006,-0.26235600561849526,1.2635626427367541,0.032803092560222465,0.006319395276144513,0.007637525962994505,1.3386539911950526
300,1.0,2.0,emp,50000,0.928132,0.00025826922111626087,1000000,0.92486,0.0011789315535687386,0,0.92486,-2.8424628049524885,-0.1810695595111105,1.408262556327857,0.030249709733986347,0.0050535737647495645,0.007984560655343418,1.4424367265675524
300,1.0,2.0,G,50000,0.928132,0.00025826922111626087,1000000,0.92726,0.0011614550563840173,0,0.92726,-2.8096331634887637,-0.17975690838565733,1.3906669676317138,0.03168156505082151,0.005040089666886556,0.007992275312590237,1.4292329335336427
300,1.0,3.0,emp,50000,0.946355,0.00022531580942091047,1000000,0.9426,0.001040242663997204,0,0.9426,-2.342583785181953,-0.10933866600255229,1.5264152715619608,0.01343835097111784,0.00488391193368168,0.009257418944933954,1.1551313186527283
300,1.0,3.0,G,50000,0.946355,0.00022531580942091047,1000000,0.94454,0.00102356424712863,0,0.94454,-2.3127019881000224,-0.10884184562480637,1.5156689987109428,0.013744515706996762,0.004847008778748161,0.008864308984705378,1.1471741649375322
300,1.0,4.0,emp,50000,0.956777,0.00020335872804234397,1000000,0.95294,0.0009470518085089115,0,0.95294,-2.1539477631748998,-0.06852979949195526,1.6331221116807735,0.012255036266675932,0.005525978026945758,0.010836975374243468,0.9895494573552974
300,1.0,4.0,G,50000,0.956777,0.00020335872804234397,1000000,0.95464,0.0009306177561168705,0,0.95464,-2.1380461148534615,-0.06883323088900978,1.6195326004085668,0.011777296003563016,0.00550497025414864,0.008778587862017427,0.9800921859756473
300,1.0,6.0,emp,50000,0.958103,0.00020035379055810242,1000000,0.95474,0.000929640063680562,0,0.95474,-2.048443543350753,-0.03273772557977059,1.7830856801984531,0.012434809223940722,0.005661382171155811,0.010143359491799371,0.9829341872121616
300,1.0,6.0,G,50000,0.958103,0.00020035379055810242,1000000,0.95692,0.0009080100616182621,0,0.95692,-2.0287290757698604,-0.03245059754315943,1.7630781667768494,0.012108145037155158,0.005665860333497876,0.010534007378373223,0.9733161053954088
300,1.0,8.0,emp,50000,0.955473,0.0002062628087440874,1000000,0.952,0.0009559916317625383,0,0.952,-2.0246321290950795,-0.020362979077035805,1.8533856239680908,0.014525356691792455,0.005699455018975541,0.012301316202878292,0.9921487541255121
300,1.0,8.0,G,50000,0.955473,0.0002062628087440874,1000000,0.9546,0.0009310084854607932,0,0.9546,-2.0033399321992187,-0.020351507681174497,1.8342781797528398,0.01295836834959605,0.005661187190889991,0.010934772800490879,0.9824031451820171
300,1.0,12.0,emp,50000,0.952475,0.00021275895838953536,1000000,0.94888,0.0009849542689891755,0,0.94888,-2.0139099128504587,-0.011036971617456048,1.9156220329302152,0.014434647489861539,0.005190934468552484,0.012193991071890484,1.0019975240767516
300,1.0,12.0,G,50000,0.952475,0.00021275895838953536,1000000,0.95168,0.0009590117580092543,0,0.95168,-1.9962189938410255,-0.01103857343394126,1.8993461282487198,0.012792229373092648,0.00517553795249239,0.0121581503601911,0.9921238566144104
300,1.0,16.0,emp,50000,0.951301,0.00021523802498396986,1000000,0.94764,0.0009961769963214365,0,0.94764,-2.008458905186259,-0.008020059473045935,1.9404415489845306,0.014373311766746591,0.005420241692153643,0.011663395160125154,1.0061018782393638
300,1.0,16.0,G,50000,0.951301,0.00021523802498396986,1000000,0.95048,0.0009702347097481105,0,0.95048,-1.9898002390485232,-0.008056389940115389,1.9230644276887658,0.013043959175810388,0.005301319777983854,0.011491170464985977,0.996176665297719
300,1.0,24.0,emp,50000,0.950387,0.00021714407712622515,1000000,0.94676,0.0010040468355609709,0,0.94676,-2.0074358709045597,-0.005800286237578596,1.9596603639324048,0.014533291862030567,0.00560874541334687,0.010937791644483611,1.0092484206894285
300,1.0,24.0,G,50000,0.950387,0.00021714407712622515,1000000,0.94966,0.0009778127059923087,0,0.94966,-1.9853173260039771,-0.005674687324192661,1.941250855018647,0.012759358405732201,0.005608336018792496,0.011172044263602795,0.9992840246151522
300,1.0,32.0,emp,50000,0.949994,0.00021795733519200494,1000000,0.94634,0.001007775812370986,0,0.94634,-2.0088899542329632,-0.005241089715105141,1.964160108144331,0.015082137708831055,0.005722730490284001,0.011134253865996946,1.0103940310506503
300,1.0,32.0,G,50000,0.949994,0.00021795733519200494,1000000,0.94934,0.0009807503698699282,0,0.94934,-1.9858547984566195,-0.005231866992142755,1.9476524809287852,0.012699211045011339,0.00573080584106707,0.011571254207636123,1.0004151395138168
300,1.0,48.0,emp,50000,0.949737,0.00021848714111132478,1000000,0.94642,0.0010070668657045565,0,0.94642,-2.0094038532333363,-0.0034851660188817725,1.967231779366917,0.014905856866022468,0.0055915694979387035,0.011643184310922866,1.0112283161331734
300,1.0,48.0,G,50000,0.949737,0.00021848714111132478,1000000,0.94922,0.000981849190049063,0,0.94922,-1.9829584433711127,-0.0033653763909846164,1.9547712255716,0.012496354479618676,0.005537440394619848,0.011168802750490836,1.0012384196530573
300,1.0,64.0,emp,50000,0.949633,0.00021870108667082578,1000000,0.94652,0.0010061798010296168,0,0.94652,-2.0092911677120937,-0.0029998429839762746,1.9699297887165146,0.014722432550504552,0.005531144747723899,0.011651175765563418,1.0115244074617427
300,1.0,64.0,G,50000,0.949633,0.00021870108667082578,1000000,0.94904,0.0009834945693800246,0,0.94904,-1.98458495398922,-0.003044802315803398,1.9573417415330034,0.012370925730934606,0.005543753007271317,0.011187730510495134,1.001530315150295
300,1.0,96.0,emp,50000,0.949548,0.00021887575401583438,1000000,0.94644,0.00100688953118006,0,0.94644,-2.0085838400062337,-0.0024391555499308046,1.9691628542689792,0.014598428076166953,0.0055356246890259815,0.01165840914857415,1.0117381611916787
300,1.0,96.0,G,50000,0.949548,0.00021887575401583438,1000000,0.94894,0.000984407196235379,0,0.94894,-1.9852591525928651,-0.0024415317053331775,1.9591429547349235,0.012488726614506163,0.005563779329283957,0.010989828630105761,1.0017407346997058
300,1.0,128.0,emp,50000,0.949505,0.00021896404950356567,1000000,0.9465,0.0010063572924165652,0,0.9465,-2.008359850060798,-0.002363247752727748,1.969609573341211,0.01452522533030677,0.005612205959451274,0.011472227846483092,1.0118138938418613
300,1.0,128.0,G,50000,0.949505,0.00021896404950356567,1000000,0.94882,0.0009855009649919172,0,0.94882,-1.985875085989517,-0.0024664761187143396,1.9604755223235315,0.012489681370150395,0.005570897037874025,0.010789338699127028,1.001815119723125
300,1.0,192.0,emp,50000,0.949482,0.00021901125924481588,1000000,0.94644,0.00100688953118006,0,0.94644,-2.0070784572407097,-0.002231777642814248,1.9702942719142182,0.014314054477883073,0.005633855855207525,0.01123466246519652,1.0118687622044136
300,1.0,192.0,G,50000,0.949482,0.00021901125924481588,1000000,0.94882,0.0009855009649919172,0,0.94882,-1.9849071599899473,-0.0021307634876467866,1.9610699501499915,0.012480885019275783,0.005611368078508477,0.01065650201235933,1.0018688509664946
300,1.0,256.0,emp,50000,0.949478,0.00021901946834927702,1000000,0.94652,0.0010061798010296168,0,0.94652,-2.006504611336187,-0.002322636033360639,1.9706930339945434,0.0141888878005135,0.0055894981233136805,0.011222464106165907,1.011888355740937
300,1.0,256.0,G,50000,0.949478,0.00021901946834927702,1000000,0.94886,0.0009851365428203338,0,0.94886,-1.9851415310598086,-0.00237537187475837,1.960736021408583,0.01249644032406965,0.005586067915775467,0.010618231499308491,1.0018879542132246
300,1.0,512.0,emp,50000,0.949459,0.00021905845639691692,1000000,0.94658,0.0010056470911805992,0,0.94658,-2.006650546627971,-0.002577813542967596,1.970932684875061,0.014044250146166018,0.005539241399296928,0.01123606143960809,1.0119079325192042
300,1.0,512.0,G,50000,0.949459,0.00021905845639691692,1000000,0.94874,0.0009862293080212124,0,0.94874,-1.985503090196694,-0.002587600089738569,1.9614797250579996,0.012496155595132851,0.005616626335550125,0.010564623205527491,1.0019068925641936
300,1.0,1024.0,emp,50000,0.94945,0.00021907692142259072,1000000,0.94654,0.0010060022703751712,0,0.94654,-2.0067356072096234,-0.002687059308079903,1.9708475294444352,0.01401257565958329,0.005521366301958802,0.01124543451854468,1.0119133022304647
300,1.0,1024.0,G,50000,0.94945,0.00021907692142259072,1000000,0.94872,0.000986411289473108,0,0.94872,-1.9843563501254993,-0.0026936147896084416,1.9616153814740074,0.012431053110757057,0.005604965479920359,0.010551402505734195,1.0019119864254946
300,1.0,2048.0,emp,50000,0.94946,0.00021905640460849354,1000000,0.94658,0.0010056470911805992,0,0.94658,-2.00636539230521,-0.0027325715563983185,1.9709702456353762,0.013996197267160549,0.00552857381870732,0.011247877571580758,1.0119148821084738
300,1.0,2048.0,G,50000,0.94946,0.00021905640460849354,1000000,0.94876,0.0009860472848702536,0,0.94876,-1.9843555249782283,-0.0027576982906822294,1.9615693415464213,0.012398182020304647,0.005597406635925703,0.010547671873582557,1.0019134391581717
300,1.0,4096.0,emp,50000,0.94946,0.00021905640460849354,1000000,0.94658,0.0010056470911805992,0,0.94658,-2.006542783992641,-0.002703991903751626,1.9709797131938225,0.013985949066048045,0.0055360469851512386,0.01124673044254665,1.0119153957853964
300,1.0,4096.0,G,50000,0.94946,0.00021905640460849354,1000000,0.94878,0.0009858652199971358,0,0.94878,-1.9844158684840318,-0.002801526283570995,1.9615448625279919,0.01238386531614637,0.005596326096456825,0.010546148848749246,1.001913891949409
300,1.0,8192.0,emp,50000,0.949462,0.0002190523009602957,1000000,0.94658,0.0010056470911805992,0,0.94658,-2.006631472507332,-0.0027906690228033547,1.9709840857066299,0.0139809828338507,0.005540751618677052,0.011246002515725046,1.0119155835574296
300,1.0,8192.0,G,50000,0.949462,0.0002190523009602957,1000000,0.94878,0.0009858652199971358,0,0.94878,-1.984471192623882,-0.0028052068271853664,1.9615364463032057,0.012378257657927886,0.005596019517251171,0.010545495215678706,1.0019140499493366
300,2.0,0.0,emp,50000,0.996304,6.068228393856013e-05,1000000,0.9955,0.00029932423891158394,0,0.9955,-1.4569501652852304,-0.007053104664171663,1.4381923236433956,0.00695274217353391,0.006881983812168646,0.006568917010136693,0.7707223661374507
300,2.0,0.0,G,50000,0.996304,6.068228393856013e-05,1000000,0.99624,0.0002737101532643605,0,0.99624,-1.4381999209520522,-0.00698121512834788,1.4190373176941145,0.005511523747514243,0.006912317529440699,0.0062875854291334216,0.763201278504873
300,2.0,0.25,emp,50000,0.991946,8.938195054931395e-05,1000000,0.99118,0.0004181436977882137,0,0.99118,-1.5745801679424296,-0.10713357539675822,1.4254754642398193,0.007140589717202763,0.007296255472489868,0.007314180871300114,0.890353916244088
300,2.0,0.25,G,50000,0.991946,8.938195054931395e-05,1000000,0.99228,0.00039141797608183376,0,0.99228,-1.5496042165060895,-0.10653484382325278,1.4022396610481382,0.005307527716330712,0.007248417724530824,0.007158068514281679,0.8794878914667499
300,2.0,0.5,emp,50000,0.978866,0.00014383099125014743,1000000,0.9771,0.000668963227688937,0,0.9771,-1.8636126741969194,-0.1509006918381721,1.4129489100513581,0.010683072866849936,0.007640896955674716,0.007350408386063059,1.1430019854392304
300,2.0,0.5,G,50000,0.978866,0.00014383099125014743,1000000,0.97864,0.000646587200615664,0,0.97864,-1.8344562694647675,-0.1503383857490805,1.3993844722586237,0.009366798508920329,0.007622272183396414,0.007375623051990047,1.1459442034782077
300,2.0,1.0,emp,50000,0.92845,0.0002577413383607682,1000000,0.92634,0.0011681969388763177,0,0.92634,-2.855286082992992,-0.18278418620715797,1.4190081302587605,0.026862950604738183,0.0072256558801014285,0.008165133426211746,2.130768746265019
300,2.0,1.0,G,50000,0.92845,0.0002577413383607682,1000000,0.92828,0.001153917168604402,0,0.92828,-2.8201128214215827,-0.18116621031502383,1.402435464204444,0.026368641587801934,0.007208641176494413,0.007736475497917385,2.060414166951608
300,2.0,2.0,emp,50000,0.909147,0.00028739995196763686,1000000,0.90588,0.0013058439845555821,0,0.90588,-3.3243595456259496,-0.1691766435231955,1.4694964393704104,0.034994418535720176,0.006381985130991287,0.008031903912505727,1.4875476901177065
300,2.0,2.0,G,50000,0.909147,0.00028739995196763686,1000000,0.90762,0.0012949589615119084,0,0.90762,-3.3176943790950375,-0.16833108913643824,1.4521400544153338,0.031995053323148115,0.006391807314648751,0.009815353723788615,1.4837655634327263
300,2.0,3.0,emp,50000,0.924013,0.0002649773119174546,1000000,0.92014,0.0012122902325763416,0,0.92014,-2.8791028588079617,-0.13257378287094507,1.5421198175557636,0.02281082961394887,0.005892549686144571,0.009178087190969237,1.2744624174030525
300,2.0,3.0,G,50000,0.924013,0.0002649773119174546,1000000,0.92252,0.0011956324652668143,0,0.92252,-2.856811583499607,-0.13216076691712558,1.521863461325807,0.026591998560376563,0.006043076689146971,0.008517702233104192,1.264587280729221
300,2.0,4.0,emp,50000,0.937761,0.0002415891282301421,1000000,0.9342,0.0011087863635525102,0,0.9342,-2.522935737041494,-0.09779815067093026,1.6033341574588182,0.020963000505200113,0.004746249261469101,0.009672343919065548,1.0698602770110566
300,2.0,4.0,G,50000,0.937761,0.0002415891282301421,1000000,0.93628,0.0010923347618747652,0,0.93628,-2.5001640907190015,-0.09796790195023203,1.5905272763852845,0.019442079899463012,0.004546674792044048,0.008474814418040369,1.0596006024807199
300,2.0,6.0,emp,50000,0.950098,0.00021774248642834958,1000000,0.94614,0.0010095454462281529,0,0.94614,-2.207360902265884,-0.05261628883861577,1.7254899414523162,0.014927205763540227,0.0056093626687463176,0.011287283451543973,1.0102501521139808
300,2.0,6.0,G,50000,0.950098,0.00021774248642834958,1000000,0.94854,0.0009880472498823116,0,0.94854,-2.186325458054786,-0.05267833751463488,1.708867307406006,0.014985660946070886,0.00554284214611298,0.009588653001103155,1.000347724120338
300,2.0,8.0,emp,50000,0.952393,0.0002129332607907932,1000000,0.94912,0.0009827637111737494,0,0.94912,-2.1131968502579714,-0.03615516523206492,1.8129146507989384,0.013731898011550359,0.005441403197035283,0.012111875269962848,1.0024805243480739
300,2.0,8.0,G,50000,0.952393,0.0002129332607907932,1000000,0.95132,0.0009623955278366577,0,0.95132,-2.0846628769546567,-0.035403221839652776,1.7915861830414337,0.013264910159262377,0.0054383422733288184,0.010865624466226716,0.9926620434116121
300,2.0,12.0,emp,50000,0.951934,0.0002139057260664147,1000000,0.9489,0.000984771953296803,0,0.9489,-2.046150418107996,-0.016581829021074614,1.8871251519002696,0.01385014143967771,0.005759090258201064,0.012602741947800686,1.0043246478759653
300,2.0,12.0,G,50000,0.951934,0.0002139057260664147,1000000,0.95122,0.0009633328770471819,0,0.95122,-2.0261549068660396,-0.016185750512776,1.8736395583377012,0.013476312207759689,0.005824143940965336,0.011748017000749034,0.9944628119018597
300,2.0,16.0,emp,50000,0.951107,0.00021564432417988646,1000000,0.9479,0.000993836908149421,0,0.9479,-2.029060143178046,-0.011496920471502657,1.9253889455412156,0.015309599759094522,0.005392975263492918,0.01246555990000916,1.0068647098024994
300,2.0,16.0,G,50000,0.951107,0.00021564432417988646,1000000,0.95054,0.0009696773525250547,0,0.95054,-2.0066714054743877,-0.011479069901798665,1.905824474133806,0.013057780524259835,0.005314506921920094,0.012482958328498595,0.9969625191966636
300,2.0,24.0,emp,50000,0.950389,0.00021713992879938035,1000000,0.94686,0.0010031564224985052,0,0.94686,-2.0174256640645725,-0.007795322134212279,1.9508777489736633,0.014974106390999123,0.005279485871139267,0.012219347769505012,1.0093867695250378
300,2.0,24.0,G,50000,0.950389,0.00021713992879938035,1000000,0.9497,0.000977444729895251,0,0.9497,-1.9979693931824711,-0.007787032584397212,1.93277925863498,0.012877979409858983,0.005209498214882611,0.012187933886037079,0.9994446963901493
300,2.0,32.0,emp,50000,0.950038,0.0002178664695541743,1000000,0.94652,0.0010061798010296168,0,0.94652,-2.010813579199381,-0.0057382751214434405,1.9594416207414997,0.015058368093164807,0.0053085440427029455,0.011624242631698997,1.0104228183569324
300,2.0,32.0,G,50000,0.950038,0.0002178664695541743,1000000,0.94938,0.0009803837575153925,0,0.94938,-1.9897946442005645,-0.005736868108454511,1.9429530400225925,0.01312402794369769,0.005306072333346059,0.011620180625276979,1.000462888159814
300,2.0,48.0,emp,50000,0.949802,0.00021835329353137766,1000000,0.9462,0.00100901496520121,0,0.9462,-2.0105651754138814,-0.004434969650117299,1.9697901718935156,0.015351900376882412,0.005653804994561414,0.010774135616231724,1.0112183426762356
300,2.0,48.0,G,50000,0.949802,0.00021835329353137766,1000000,0.94916,0.0009823980293139842,0,0.94916,-1.98439928210858,-0.0044269161812168206,1.9509391860478102,0.012773165313577934,0.005618893225569873,0.011289688499206096,1.0012424917246203
300,2.0,64.0,emp,50000,0.949676,0.00021861265979810051,1000000,0.94608,0.001010075577370327,0,0.94608,-2.0104709052549534,-0.004672493684310086,1.9698748804008641,0.015301026963572334,0.005726940076820342,0.011251225276748818,1.0115103399617766
300,2.0,64.0,G,50000,0.949676,0.00021861265979810051,1000000,0.94894,0.000984407196235379,0,0.94894,-1.9844916922261442,-0.0048564410046755095,1.95332761093299,0.012730808551800832,0.005716737701829988,0.011633379798710698,1.001527303703742
300,2.0,96.0,emp,50000,0.949579,0.00021881207178535658,1000000,0.94636,0.0010075986343777966,0,0.94636,-2.010837709860973,-0.0032355867532136433,1.9702232830656488,0.01514486891238313,0.005604358644133852,0.011677427174631473,1.0117257595958826
300,2.0,96.0,G,50000,0.949579,0.00021881207178535658,1000000,0.94898,0.000984042271449758,0,0.94898,-1.9832005361200506,-0.0031193842071844495,1.9570792277689373,0.012503805177627877,0.005549046790709704,0.011202264613329588,1.0017360548721537
300,2.0,128.0,emp,50000,0.949549,0.00021887370010807608,1000000,0.9464,0.0010072441610652302,0,0.9464,-2.010038590985022,-0.0029017561525783416,1.9709952548315972,0.014961062872614042,0.005529568180406638,0.011693969969851208,1.011803741748628
300,2.0,128.0,G,50000,0.949549,0.00021887370010807608,1000000,0.949,0.0009838597461020553,0,0.949,-1.9848085881520827,-0.0029717881673042602,1.9586135871644383,0.012379662308158148,0.0055334238642829065,0.011209274832841223,1.0018108923444842
300,2.0,192.0,emp,50000,0.949502,0.000218970208010131,1000000,0.94636,0.0010075986343777966,0,0.94636,-2.009298357401804,-0.002385606738004072,1.970013494724248,0.014683317848857408,0.005536312259179678,0.011687683610182778,1.0118615158675006
300,2.0,192.0,G,50000,0.949502,0.000218970208010131,1000000,0.94894,0.000984407196235379,0,0.94894,-1.9853467850923798,-0.002348795681780916,1.9597496128275307,0.012491462161292904,0.005561237890903124,0.01099695761464001,1.001865644426121
300,2.0,256.0,emp,50000,0.949477,0.00021902152056590236,1000000,0.94638,0.0010074214172827577,0,0.94638,-2.0087844863802413,-0.0022974108142809766,1.9703408965564988,0.014502237201285318,0.005612263628167581,0.01144496276817973,1.0118827601711315
300,2.0,256.0,G,50000,0.949477,0.00021902152056590236,1000000,0.9488,0.0009856831133787372,0,0.9488,-1.9859271772288447,-0.002397901737263731,1.9607853807081008,0.012494336903960063,0.005570639042910606,0.010792129346783214,1.0018854225827316
300,2.0,512.0,emp,50000,0.949475,0.00021902562492776969,1000000,0.94646,0.0010067121574710422,0,0.94646,-2.0065128665686363,-0.0023073195489766926,1.9708860333334792,0.014188287277669673,0.005589095609960069,0.01124566517794587,1.011905022044631
300,2.0,512.0,G,50000,0.949475,0.00021902562492776969,1000000,0.94886,0.0009851365428203338,0,0.94886,-1.9851329403992097,-0.002357139029906098,1.9608111509955721,0.01249668216169735,0.005585779650234507,0.010619842300001322,1.001905539871235
300,2.0,1024.0,emp,50000,0.949459,0.00021905845639691692,1000000,0.94654,0.0010060022703751712,0,0.94654,-2.006984857890675,-0.0025777776718174652,1.9712448399006772,0.014048773935473935,0.005539172452188079,0.011244884628897708,1.011911820007704
300,2.0,1024.0,G,50000,0.949459,0.00021905845639691692,1000000,0.94874,0.0009862293080212124,0,0.94874,-1.9855046005839057,-0.0025869749540624034,1.9615004648502674,0.012496355153267764,0.0056165944102779045,0.010564950307732163,1.001911289605345
300,2.0,2048.0,emp,50000,0.94945,0.00021907692142259072,1000000,0.94654,0.0010060022703751712,0,0.94654,-2.0068413444971602,-0.0026869605444256464,1.9707897454414862,0.014014799869801814,0.005521337048211568,0.011247019694425793,1.0119141343389224
300,2.0,2048.0,G,50000,0.94945,0.00021907692142259072,1000000,0.94872,0.000986411289473108,0,0.94872,-1.9843567241447377,-0.0026935283727004787,1.9616196713438694,0.012431100318016265,0.0056049372128494,0.010551464701439205,1.001913085725636
300,2.0,4096.0,emp,50000,0.94946,0.00021905640460849354,1000000,0.94658,0.0010056470911805992,0,0.94658,-2.0062869256983813,-0.0027325557133265925,1.9710463401596106,0.013995637155274437,0.005528572697434032,0.01124828378538029,1.0119150202433418
300,2.0,4096.0,G,50000,0.94946,0.00021905640460849354,1000000,0.94876,0.0009860472848702536,0,0.94876,-1.9843557149734554,-0.0027576295823906836,1.961570414147534,0.012398191941751284,0.005597403762758256,0.010547687435856278,1.001913713985785
300,2.0,8192.0,emp,50000,0.94946,0.00021905640460849354,1000000,0.94658,0.0010056470911805992,0,0.94658,-2.006503517311817,-0.002703932228307111,1.9710175072167115,0.013985655456259202,0.005536046873421063,0.011247129780093993,1.0119153953727555
300,2.0,8192.0,G,50000,0.94946,0.00021905640460849354,1000000,0.94878,0.0009858652199971358,0,0.94878,-1.984415915627099,-0.0028014602792404376,1.9615451306945446,0.012383868096841435,0.005596325782531993,0.0105461527562772,1.0019139606564844
300,3.0,0.0,emp,50000,0.988287,0.00010759091797637928,1000000,0.98568,0.0005313179387146645,0,0.98568,-1.6548517855810772,-0.0055082145065175475,1.6248493022901782,0.007252551267340465,0.007381699253247791,0.007489591627922801,0.8747743477364666
300,3.0,0.0,G,50000,0.988287,0.00010759091797637928,1000000,0.9878,0.0004909411370011682,0,0.9878,-1.6332132785312197,-0.005428738510694321,1.6042370037561562,0.005383738405979848,0.007426176034292654,0.007640784616488606,0.86641354553859
300,3.0,0.25,emp,50000,0.986948,0.00011349733607446456,1000000,0.9844,0.0005541956333281587,0,0.9844,-1.7200836192806195,-0.04899755909387058,1.592682567109513,0.006597110615385824,0.007335997949721462,0.006822661085003008,0.8952104858092884
300,3.0,0.25,G,50000,0.986948,0.00011349733607446456,1000000,0.98602,0.0005250630362156527,0,0.98602,-1.697680858291491,-0.04803482573443535,1.5727118281054988,0.005640573195032406,0.0074233728619791575,0.006950973644487472,0.8868608006938857
300,3.0,0.5,emp,50000,0.980692,0.00013760523658640317,1000000,0.9772,0.0006675351676129137,0,0.9772,-1.8706747347801012,-0.07654493172163272,1.5724612796841302,0.008728266829067344,0.007768458499249446,0.006662697120325252,0.9470055534060103
300,3.0,0.5,G,50000,0.980692,0.00013760523658640317,1000000,0.9797,0.0006306807433242271,0,0.9797,-1.8333778610823765,-0.0771396559490421,1.550191301330966,0.006447764473228539,0.00775784808746433,0.007304700934896628,0.9378982833656776
300,3.0,1.0,emp,50000,0.9464,0.0002252266414081602,1000000,0.94184,0.001046684426176295,0,0.94184,-2.329911198809931,-0.1084760134651268,1.5499070453185102,0.012777319998565323,0.0077251278113377895,0.007632533980482003,1.0861126088702544
300,3.0,1.0,G,50000,0.9464,0.0002252266414081602,1000000,0.94358,0.0010318602967456401,0,0.94358,-2.3080096569338657,-0.10814750086767441,1.5274467395900124,0.013467920177295645,0.007782006645207796,0.008348285680208338,1.0735618725052305
300,3.0,2.0,emp,50000,0.923933,0.0002651052838232388,1000000,0.91998,0.0012133985297502216,0,0.91998,-2.878306657663534,-0.1309830750916693,1.552119306433747,0.028485988139703277,0.006821948931315751,0.008891946689326148,4.152965662506058
300,3.0,2.0,G,50000,0.923933,0.0002651052838232388,1000000,0.92178,0.0012008466313397392,0,0.92178,-2.8505236283231943,-0.13059863902538177,1.533122324830788,0.026388977565331855,0.006767454150536525,0.008284518609389592,3.8844768883899707
300,3.0,3.0,emp,50000,0.925259,0.00026297296993987797,1000000,0.92168,0.001201548813823225,0,0.92168,-2.8290452711714025,-0.12342790400084544,1.5774213781003585,0.0261239948269777,0.006817398249796219,0.00961850032352261,1.1509830834756132
300,3.0,3.0,G,50000,0.925259,0.00026297296993987797,1000000,0.92366,0.0011875369838451346,0,0.92366,-2.8127659078459035,-0.12221914582828641,1.56652623984697,0.02703330948948553,0.00661312520104089,0.01034026704536736,1.1418094282928135
300,3.0,4.0,emp,50000,0.932526,0.00025084110373700723,1000000,0.92912,0.0011476587088503276,0,0.92912,-2.6291601958059014,-0.10451909914604013,1.6208602702885577,0.02232967541886175,0.00599956213466002,0.009706050965792655,1.0931626940292969
300,3.0,4.0,G,50000,0.932526,0.00025084110373700723,1000000,0.93136,0.0011307391423312455,0,0.93136,-2.610787148832433,-0.1041569886360767,1.6082863305984816,0.022618669268305164,0.0058436800905786596,0.010156228336909528,1.0832330791341243
300,3.0,6.0,emp,50000,0.94425,0.00022943830870192532,1000000,0.9414,0.0010503907844226356,0,0.9414,-2.3332709466014703,-0.06743153147187368,1.7040669958413948,0.017516902814220345,0.004889437681741407,0.010426519786591131,1.03346842203896
300,3.0,6.0,G,50000,0.94425,0.00022943830870192532,1000000,0.94368,0.0010310000737148376,0,0.94368,-2.3017018031071137,-0.06755702042734729,1.6890372172976396,0.01652996085804573,0.004984550470373671,0.009439516300356405,1.0234068271738648
300,3.0,8.0,emp,50000,0.949129,0.00021973425167460807,1000000,0.94556,0.0010146554725619927,0,0.94556,-2.1801950275458477,-0.045049681520457074,1.775421617004069,0.015019881841310706,0.005619556773869212,0.011680248715914634,1.014277079049554
300,3.0,8.0,G,50000,0.949129,0.00021973425167460807,1000000,0.94822,0.000990947340679615,0,0.94822,-2.157096281364835,-0.04472570338507334,1.761089409274891,0.014756497338202742,0.005569843520645982,0.010378023238611141,1.0043717780617298
300,3.0,12.0,emp,50000,0.950961,0.00021594947668146836,1000000,0.94782,0.000994557666503054,0,0.94782,-2.0826555505742514,-0.02456252728966301,1.8707825437147758,0.014161103924630122,0.005322009486988999,0.012925348051447618,1.0075823548691816
300,3.0,12.0,G,50000,0.950961,0.00021594947668146836,1000000,0.95038,0.0009711627628775724,0,0.95038,-2.055686836104542,-0.024667736797222332,1.847487141853749,0.01292827571629795,0.005327101733728898,0.011282753178288056,0.9977213969997059
300,3.0,16.0,emp,50000,0.950843,0.00021619572001082724,1000000,0.9477,0.000995637584666228,0,0.9477,-2.047831771780427,-0.01635440142130703,1.9056907239750198,0.014041769928644287,0.0055285145590098965,0.012937725816702097,1.0080140068454002
300,3.0,16.0,G,50000,0.950843,0.00021619572001082724,1000000,0.95006,0.0009741252116642911,0,0.95006,-2.0269124871145654,-0.016208528457315942,1.8923283567012619,0.013294213922756131,0.00554709670544734,0.01233282024672848,0.9981305056292715
300,3.0,24.0,emp,50000,0.950331,0.00021726019064476578,1000000,0.94696,0.0010022650188448161,0,0.94696,-2.0260837854551026,-0.008564954146708836,1.942992256236376,0.015256006909868286,0.005306915799646426,0.012545034381965614,1.0096148245825445
300,3.0,24.0,G,50000,0.950331,0.00021726019064476578,1000000,0.95,0.0009746794344808968,0,0.95,-2.0016985373747875,-0.008452246764378876,1.926138170720409,0.013011941032523427,0.005318856400413204,0.012470055545243705,0.9996940614246314
300,3.0,32.0,emp,50000,0.950091,0.00021775695561565875,1000000,0.94656,0.0010058247004324364,0,0.94656,-2.0184907662195988,-0.007013781269475983,1.9556161279275097,0.01510589608559935,0.005229753114010567,0.012478612466772449,1.0104808275874244
300,3.0,32.0,G,50000,0.950091,0.00021775695561565875,1000000,0.94948,0.0009794664833469291,0,0.94948,-1.993840514040999,-0.006815723047116655,1.9387257133465887,0.013435476011310728,0.005101383020413704,0.012650492028858559,1.0005395015311909
300,3.0,48.0,emp,50000,0.949781,0.00021839654768104742,1000000,0.94618,0.0010091918311203275,0,0.94618,-2.0101998740062483,-0.005097895949028555,1.9649768272461297,0.01516174352670896,0.005278405470787904,0.011601588404176352,1.0112137602821811
300,3.0,48.0,G,50000,0.949781,0.00021839654768104742,1000000,0.9491,0.0009829464888792263,0,0.9491,-1.9888405550594488,-0.005236979233622874,1.9480346727778497,0.01307771991012292,0.005283126243440621,0.011644053892206548,1.0012518730248678
300,3.0,64.0,emp,50000,0.949719,0.00021852418868171099,1000000,0.94618,0.0010091918311203275,0,0.94618,-2.0117703166814542,-0.0045357014871945205,1.9682135192284433,0.01527127701280683,0.005516764604727536,0.010832867418280278,1.0114976894790935
300,3.0,64.0,G,50000,0.949719,0.00021852418868171099,1000000,0.94894,0.000984407196235379,0,0.94894,-1.9847845613976842,-0.004528758837497074,1.9510932557882994,0.012890746419319624,0.00544732807795997,0.011277069011209786,1.0015256815484743
300,3.0,96.0,emp,50000,0.94962,0.00021872781167469303,1000000,0.94612,0.0010097221954577411,0,0.94612,-2.0092307548829513,-0.004635932349517709,1.9710299329641785,0.015407506462258275,0.005727437117192203,0.0112625828176879,1.0117134475784402
300,3.0,96.0,G,50000,0.94962,0.00021872781167469303,1000000,0.94888,0.0009849542689891755,0,0.94888,-1.9838949136639537,-0.004620202689782724,1.954647673736406,0.012743225614228549,0.005718118689271497,0.011647385435428863,1.0017314596502813
300,3.0,128.0,emp,50000,0.949585,0.0002187997435441824,1000000,0.9463,0.0010081300511342768,0,0.9463,-2.012016176295228,-0.0032800460665503156,1.970175264616147,0.015298080185126064,0.005586706473357368,0.01154983700505264,1.011793527812913
300,3.0,128.0,G,50000,0.949585,0.0002187997435441824,1000000,0.949,0.0009838597461020553,0,0.949,-1.9838017415630729,-0.003111454721849829,1.9579468125902972,0.012584620512414088,0.00562472034110304,0.011292814105710617,1.001806602262033
300,3.0,192.0,emp,50000,0.949534,0.00021890450622132017,1000000,0.94638,0.0010074214172827577,0,0.94638,-2.0104195759287595,-0.0028458281450212505,1.9716117016112191,0.015031635277607494,0.005528910741050647,0.011686256822733386,1.0118542043043457
300,3.0,192.0,G,50000,0.949534,0.00021890450622132017,1000000,0.949,0.0009838597461020553,0,0.949,-1.984779027289791,-0.0029033621735803064,1.9589356130399156,0.012380057531545207,0.0055300056165973515,0.01121481654072124,1.001862373107208
300,3.0,256.0,emp,50000,0.94949,0.00021899483989354645,1000000,0.9463,0.0010081300511342768,0,0.9463,-2.0099669953834804,-0.0026179102773302137,1.9711889760360457,0.014799600054888843,0.00550920154415989,0.01172880930292344,1.0118771198923164
300,3.0,256.0,G,50000,0.94949,0.00021899483989354645,1000000,0.94902,0.000983677178753274,0,0.94902,-1.9844519092764124,-0.0026936358080486703,1.959292454179555,0.012489981232177459,0.005590165367667402,0.011073565548623522,1.001882846723622
300,3.0,512.0,emp,50000,0.949464,0.0002190481972169596,1000000,0.94642,0.0010070668657045565,0,0.94642,-2.00747299461212,-0.0022809830328572346,1.9703284047280571,0.014364438646214164,0.005626876121137371,0.011292833317814499,1.0119020982033171
300,3.0,512.0,G,50000,0.949464,0.0002190481972169596,1000000,0.94882,0.0009855009649919172,0,0.94882,-1.9855774880570514,-0.0024101432075144353,1.9611732774070545,0.012491769879479777,0.005613449311594795,0.010674070963759028,1.001904174016145
300,3.0,1024.0,emp,50000,0.949468,0.00021903998944485003,1000000,0.94652,0.0010061798010296168,0,0.94652,-2.0073877276922865,-0.002248922912503054,1.971089736911789,0.014114363666163648,0.005566805792921816,0.0112399503872972,1.0119103342619087
300,3.0,1024.0,G,50000,0.949468,0.00021903998944485003,1000000,0.9488,0.0009856831133787372,0,0.9488,-1.9860160930339246,-0.002277160612883796,1.9607226885033935,0.012509746456847487,0.00558796853425099,0.01058007302320824,1.0019105893237727
300,3.0,2048.0,emp,50000,0.949453,0.0002190707666280465,1000000,0.94654,0.0010060022703751712,0,0.94654,-2.006760481378599,-0.0026596902433243777,1.970818867720709,0.014026045830784067,0.0055305345492177894,0.011247070914365238,1.0119133856717246
300,3.0,2048.0,G,50000,0.949453,0.0002190707666280465,1000000,0.94874,0.0009862293080212124,0,0.94874,-1.9849206731465832,-0.0026678035477104155,1.9616649694766954,0.01246590170696536,0.005612102332551144,0.010556306616355619,1.0019127314121599
300,3.0,4096.0,emp,50000,0.949454,0.00021906871498230865,1000000,0.94656,0.0010058247004324364,0,0.94656,-2.006450127639179,-0.0028077894724889106,1.9709518856922958,0.014005240082066458,0.005524540968697835,0.011247956405771158,1.0119146444751264
300,3.0,4096.0,G,50000,0.949454,0.00021906871498230865,1000000,0.94874,0.0009862293080212124,0,0.94874,-1.9842925595619156,-0.0027690005743900813,1.9615958536642661,0.012413918388766515,0.005599268280301098,0.010549455349992628,1.0019135358003388
300,3.0,8192.0,emp,50000,0.949463,0.00021905024910052041,1000000,0.94656,0.0010058247004324364,0,0.94656,-2.0063755341321285,-0.002708784825579254,1.9710508955827377,0.013990405220254682,0.005531533515692072,0.011248303966676728,1.0119152071313453
300,3.0,8192.0,G,50000,0.949463,0.00021905024910052041,1000000,0.94878,0.0009858652199971358,0,0.94878,-1.984386725972453,-0.0028101214492056996,1.961557975161583,0.012390399637233106,0.005596580230295837,0.01054688495779065,1.001913871308001
300,4.0,0.0,emp,50000,0.977616,0.00014792889016010348,1000000,0.97388,0.0007132705741862625,0,0.97388,-1.7869239415314964,-0.005045580217944197,1.7442330699143618,0.007415060935465527,0.007605686137398801,0.008782596529290362,0.9301529457950222
300,4.0,0.0,G,50000,0.977616,0.00014792889016010348,1000000,0.9762,0.0006816679543590126,0,0.9762,-1.7592103082848085,-0.005167993124457298,1.7251281798407176,0.006656527502756931,0.0076012176947692755,0.007641540260725585,0.9213717684992946
300,4.0,0.25,emp,50000,0.976563,0.0001512868369389751,1000000,0.97252,0.0007310930118664787,0,0.97252,-1.8335911606362725,-0.025611601604101322,1.7110023025233208,0.00835172400165465,0.007444322817380299,0.008223388219755337,0.9348867826510329
300,4.0,0.25,G,50000,0.976563,0.0001512868369389751,1000000,0.97532,0.0006938428871149439,0,0.97532,-1.8115862760496306,-0.025522432970911106,1.689024987023609,0.007565769028571814,0.0073529137863809334,0.00817618140979309,0.9261030279360672
300,4.0,0.5,emp,50000,0.971732,0.00016573750383060547,1000000,0.96766,0.000791127352579849,0,0.96766,-1.9244491349059394,-0.04121825969078689,1.6831088730634163,0.010354022265454035,0.007224031333099662,0.007876872866856482,0.9482996838167795
300,4.0,0.5,G,50000,0.971732,0.00016573750383060547,1000000,0.9703,0.0007591825867339154,0,0.9703,-1.9059373570657927,-0.041549168469704315,1.6705400022400623,0.008934116953293806,0.007229709220823009,0.008267569653325873,0.9394054814535627
300,4.0,1.0,emp,50000,0.956523,0.00020392829737679856,1000000,0.95212,0.0009548560687349695,0,0.95212,-2.1533163157425883,-0.07088351163443632,1.64945477770257,0.011486476736733052,0.007609521229638283,0.0071479176293129856,0.994969325802339
300,4.0,1.0,G,50000,0.956523,0.00020392829737679856,1000000,0.9544,0.0009329591630934333,0,0.9544,-2.1343910974524647,-0.0700402273371287,1.6290841180538784,0.01175753634646335,0.00756415237982259,0.00771143741434583,0.9849933249692673
300,4.0,2.0,emp,50000,0.937617,0.00024184987349800283,1000000,0.93374,0.0011123813410876685,0,0.93374,-2.5079739166255535,-0.09667924356518937,1.6235737012480995,0.019043726091763996,0.00730299871284798,0.008900948563915722,1.0710635356021436
300,4.0,2.0,G,50000,0.937617,0.00024184987349800283,1000000,0.93538,0.00109949311594025,0,0.93538,-2.499735770249799,-0.09644742849566695,1.6057586161440296,0.020466705165993696,0.007252095503172689,0.00831666481967836,1.0618383760830707
300,4.0,3.0,emp,50000,0.932499,0.0002508876541382617,1000000,0.92868,0.0011509427231621914,0,0.92868,-2.6262484859148096,-0.1034373578269244,1.630791777467122,0.022446024364350926,0.006645118291418251,0.00940999096741216,1.0945865934543184
300,4.0,3.0,G,50000,0.932499,0.0002508876541382617,1000000,0.93076,0.0011353045617806701,0,0.93076,-2.6080121669546985,-0.10290891106437444,1.612204774061245,0.020942557494707567,0.006545968461651383,0.009355690770741663,1.0848708120289026
300,4.0,4.0,emp,50000,0.934076,0.00024814920153810687,1000000,0.93116,0.001132263700734065,0,0.93116,-2.5771954573080547,-0.09793721178674547,1.648547203439429,0.02218025535747585,0.006658534003010653,0.010392380464555795,1.0826423028071295
300,4.0,4.0,G,50000,0.934076,0.00024814920153810687,1000000,0.93316,0.0011168922454740206,0,0.93316,-2.5522351122579394,-0.09708299429512889,1.6352824247874205,0.022036107104273967,0.0065074800627065695,0.010269032106707675,1.0728067596573607
300,4.0,6.0,emp,50000,0.941488,0.00023470906641201574,1000000,0.9383,0.0010760400550165405,0,0.9383,-2.3752370512582166,-0.0743713747809605,1.7102855553087164,0.019898554866321114,0.0057389765174674125,0.010306960021879532,1.0450710556528688
300,4.0,6.0,G,50000,0.941488,0.00023470906641201574,1000000,0.94078,0.001055585066207362,0,0.94078,-2.3562397623581353,-0.07353169075737555,1.6908989223659374,0.017297459740268126,0.005757519549984718,0.00918915161617898,1.0350208931331983
300,4.0,8.0,emp,50000,0.946663,0.00022470461595392287,1000000,0.94332,0.0010340926225440345,0,0.94332,-2.2343066319046923,-0.05208971056631441,1.7594465905668288,0.01632230330199755,0.0050606114474879196,0.011091919237035777,1.0237873762249645
300,4.0,8.0,G,50000,0.946663,0.00022470461595392287,1000000,0.94522,0.0010176360017216377,0,0.94522,-2.2114722075473217,-0.05165982731616876,1.7447812045400186,0.015131220115133594,0.005066799172145892,0.010405439605628614,1.0138333020197192
300,4.0,12.0,emp,50000,0.949994,0.00021795733519200494,1000000,0.94674,0.0010042247995344466,0,0.94674,-2.108848699068277,-0.028116622336892313,1.8513374151120245,0.01370126077979375,0.005657466321257375,0.012492529380298609,1.011143203943168
300,4.0,12.0,G,50000,0.949994,0.00021795733519200494,1000000,0.94978,0.0009767082635055366,0,0.94978,-2.0863463425532656,-0.02760483010017744,1.8322798827843771,0.014004980152209023,0.005615609618863664,0.010561568212312345,1.0012788241389903
300,4.0,16.0,emp,50000,0.950432,0.00021705071613795692,1000000,0.94708,0.0010011940231543532,0,0.94708,-2.0626522733370254,-0.019281924406168584,1.8972501660058765,0.014032144398286938,0.005249408849512428,0.012907087699585443,1.0094123839245022
300,4.0,16.0,G,50000,0.950432,0.00021705071613795692,1000000,0.94978,0.0009767082635055366,0,0.94978,-2.0390041374630954,-0.01922334411585889,1.8757262069046226,0.013220246732724159,0.0052396528274820525,0.012063186969636817,0.9995441363654862
300,4.0,24.0,emp,50000,0.950281,0.00021736379882353907,1000000,0.94704,0.0010015511809188784,0,0.94704,-2.03078082991914,-0.010442750956950669,1.9343685980726104,0.014056550726491052,0.0057987409468582725,0.013044860551548876,1.009919346346388
300,4.0,24.0,G,50000,0.950281,0.00021736379882353907,1000000,0.94916,0.0009823980293139842,0,0.94916,-2.0107195174363808,-0.010181258898191697,1.9196898903712414,0.012799072049937804,0.005876325290691288,0.012415211224079684,1.0000187671467573
300,4.0,32.0,emp,50000,0.950109,0.00021771974673648694,1000000,0.94676,0.0010040468355609709,0,0.94676,-2.024242166246353,-0.007146675371290679,1.9508548475532765,0.015056297022406764,0.005310846454697017,0.012706877391410345,1.0105658770394372
300,4.0,32.0,G,50000,0.950109,0.00021771974673648694,1000000,0.9495,0.0009792829009024919,0,0.9495,-1.9974887162983144,-0.007204597054099912,1.934330844008136,0.013160846969127246,0.005352435114305324,0.012438940977247643,1.0006426923446983
300,4.0,48.0,emp,50000,0.949875,0.00021820285143645576,1000000,0.94628,0.001008307111945562,0,0.94628,-2.0153486439922386,-0.005623525535866019,1.9629572113181906,0.01507752547605203,0.005321008672763529,0.012186982891256668,1.0112144783677084
300,4.0,48.0,G,50000,0.949875,0.00021820285143645576,1000000,0.9491,0.0009829464888792263,0,0.9491,-1.9934949378104927,-0.005555405104819047,1.9465865653672254,0.012909581808602818,0.005268398981913525,0.01218111964678725,1.0012664258224055
300,4.0,64.0,emp,50000,0.94973,0.00021850154942242407,1000000,0.94596,0.0010111347922013164,0,0.94596,-2.0097041325639116,-0.004826642503285943,1.9676376791887318,0.015125475938307986,0.005264455562311717,0.011600046347376892,1.0114864760345719
300,4.0,64.0,G,50000,0.94973,0.00021850154942242407,1000000,0.94898,0.000984042271449758,0,0.94898,-1.9877551871661776,-0.004858838800137393,1.9506801246268504,0.013049132408112219,0.005274973950208443,0.011658169988158973,1.001525445387826
300,4.0,96.0,emp,50000,0.949657,0.00021865173758971144,1000000,0.94614,0.0010095454462281529,0,0.94614,-2.0108692859348687,-0.004001008372318891,1.971702123719153,0.01536340769741984,0.005658116841240743,0.01081654556652869,1.011701239597934
300,4.0,96.0,G,50000,0.949657,0.00021865173758971144,1000000,0.94894,0.000984407196235379,0,0.94894,-1.9833394655927272,-0.0040015108939366415,1.9542085748028024,0.012752112650917791,0.005622794978922016,0.011351149742965803,1.0017269555215047
300,4.0,128.0,emp,50000,0.94961,0.0002187483666224734,1000000,0.94614,0.0010095454462281529,0,0.94614,-2.008769282141093,-0.0044974215927373225,1.9715540073447937,0.015440892988599306,0.005724397529007844,0.011265906913784107,1.0117832588952376
300,4.0,128.0,G,50000,0.94961,0.0002187483666224734,1000000,0.94882,0.0009855009649919172,0,0.94882,-1.9834222692870718,-0.004565137353689206,1.9552132829669204,0.012749198908684886,0.005720794477322022,0.011653066046463365,1.001802252740229
300,4.0,192.0,emp,50000,0.949538,0.0002188962917822045,1000000,0.94638,0.0010074214172827577,0,0.94638,-2.010445883947695,-0.00316306197511903,1.9704528972371815,0.015295317646710788,0.005609381385255291,0.011670626721207392,1.0118468296264156
300,4.0,192.0,G,50000,0.949538,0.0002188962917822045,1000000,0.949,0.0009838597461020553,0,0.949,-1.9830901007560415,-0.0030259191900007896,1.9578208856916086,0.01250222877433381,0.005554857432067394,0.011215082615188124,1.0018590379846806
300,4.0,256.0,emp,50000,0.949526,0.0002189209339556179,1000000,0.94634,0.001007775812370986,0,0.94634,-2.0101435735081723,-0.0028293331012387447,1.9717118072085607,0.015067994409499703,0.005528580769960981,0.011684158927081516,1.011871435794642
300,4.0,256.0,G,50000,0.949526,0.0002189209339556179,1000000,0.949,0.0009838597461020553,0,0.949,-1.9847446869806211,-0.0028747383732887887,1.9590780408437078,0.012379804658672004,0.0055283045429121245,0.011217196252109735,1.0018802270312739
300,4.0,512.0,emp,50000,0.949472,0.0002190317812921221,1000000,0.9464,0.0010072441610652302,0,0.9464,-2.007979819305713,-0.002277413946895455,1.9704376858389556,0.01449884392936139,0.005612290015650512,0.011434325333625957,1.0118991611045771
300,4.0,512.0,G,50000,0.949472,0.0002190317812921221,1000000,0.94878,0.0009858652199971358,0,0.94878,-1.9859103001788745,-0.002363833703151982,1.9608972524440658,0.01249554263250947,0.005570718259569894,0.010792954562984288,1.0019027950434767
300,4.0,1024.0,emp,50000,0.949475,0.00021902562492776969,1000000,0.94646,0.0010067121574710422,0,0.94646,-2.0069779001912917,-0.002299660259135846,1.9707168623210807,0.014185243017899044,0.0055888957965727305,0.011254699552612228,1.011908845006553
300,4.0,1024.0,G,50000,0.949475,0.00021902562492776969,1000000,0.94886,0.0009851365428203338,0,0.94886,-1.9851173642098192,-0.0023479818496579697,1.9608376187516483,0.01249652724160971,0.0055856368570242135,0.010620456374933838,1.0019098855859718
300,4.0,2048.0,emp,50000,0.949459,0.00021905845639691692,1000000,0.94654,0.0010060022703751712,0,0.94654,-2.007139893418002,-0.0025777597321544085,1.9712511077593176,0.014049452924728121,0.005539138107762862,0.011248785903216553,1.0119126361085522
300,4.0,2048.0,G,50000,0.949459,0.00021905845639691692,1000000,0.94874,0.0009862293080212124,0,0.94874,-1.9855024687798626,-0.0025866620366012897,1.9615081307196491,0.012496397092700368,0.00561657849605314,0.010565052737530075,1.0019123762183677
300,4.0,4096.0,emp,50000,0.94945,0.00021907692142259072,1000000,0.94654,0.0010060022703751712,0,0.94654,-2.0068935451723395,-0.002686911144780466,1.9707603665699178,0.014014791566683255,0.0055213224444752955,0.01124776270864344,1.0119142684809577
300,4.0,4096.0,G,50000,0.94945,0.00021907692142259072,1000000,0.94872,0.000986411289473108,0,0.94872,-1.9843561922262967,-0.0026934851455379296,1.961621181073999,0.012431107461548015,0.005604923114338834,0.0105514821297519,1.0019133573931474
300,4.0,8192.0,emp,50000,0.94946,0.00021905640460849354,1000000,0.94656,0.0010058247004324364,0,0.94656,-2.006247522976085,-0.0027325477932817663,1.9710842508052169,0.013995272572142201,0.005528572136545876,0.01124848384316624,1.0119150188332247
300,4.0,8192.0,G,50000,0.94946,0.00021905640460849354,1000000,0.94876,0.0009860472848702536,0,0.94876,-1.9843556490112215,-0.002757595241132057,1.9615707916034058,0.01239819269869642,0.005597402326563441,0.010547691806784543,1.0019137819038957
300,6.0,0.0,emp,50000,0.962867,0.000189087652455151,1000000,0.95882,0.0008886417455870503,0,0.95882,-1.9097133072606165,-0.005045408590939785,1.8660601731994828,0.00965050985651355,0.0076023841670641,0.00983070099114772,0.976978698130403
300,6.0,0.0,G,50000,0.962867,0.000189087652455151,1000000,0.96132,0.000862367179338361,0,0.96132,-1.8872562954994339,-0.0051679987850207715,1.850814870697309,0.009748895615325905,0.007594213346080544,0.00995869961509393,0.9679373400301021
300,6.0,0.25,emp,50000,0.962454,0.00019009549674834478,1000000,0.958,0.0008970618707759241,0,0.958,-1.9362018696010443,-0.012282174150556886,1.8394330870272544,0.010655848982157618,0.007588916606594226,0.00960876720865197,0.9778269937129391
300,6.0,0.25,G,50000,0.962454,0.00019009549674834478,1000000,0.96074,0.0008685465145862939,0,0.96074,-1.916416223345856,-0.012298623512089043,1.823314711320913,0.010444604020571471,0.007492780822531809,0.009108205828507807,0.9688349367743783
300,6.0,0.5,emp,50000,0.961499,0.0001924023726438944,1000000,0.95716,0.0009055907950062213,0,0.95716,-1.972563301825517,-0.02085503905682739,1.81719750041646,0.011539832433015432,0.007530075135884937,0.010135781963239698,0.980240398191035
300,6.0,0.5,G,50000,0.961499,0.0001924023726438944,1000000,0.95986,0.0008778243605642299,0,0.95986,-1.9480546494546664,-0.020839271749428914,1.8005627564395565,0.012274530378409362,0.007523266226378699,0.008614275826689423,0.9712895988264272
300,6.0,1.0,emp,50000,0.958133,0.0002002851824549185,1000000,0.95368,0.0009399410364485638,0,0.95368,-2.053647058260989,-0.03208568295636065,1.7803436191475421,0.013115177513171183,0.007234523548629211,0.009022020129438172,0.989020483508929
300,6.0,1.0,G,50000,0.958133,0.0002002851824549185,1000000,0.95594,0.0009178095270806464,0,0.95594,-2.036286636042831,-0.03163653525872367,1.7663531255781189,0.011630543487410761,0.007139730343221415,0.008726981285346196,0.9801271795831532
300,6.0,2.0,emp,50000,0.949904,0.0002181430511934772,1000000,0.94586,0.0010120164069816256,0,0.94586,-2.2128392010645648,-0.055702010866801085,1.7415557326365987,0.015359533961135064,0.00805741028801465,0.007964701882873638,1.0143753761503913
300,6.0,2.0,G,50000,0.949904,0.0002181430511934772,1000000,0.9478,0.0009947377543855467,0,0.9478,-2.1909901885341134,-0.05493019367485835,1.7207742238317276,0.015157770803075028,0.007987360865981463,0.00891869994505832,1.0054771911874243
300,6.0,3.0,emp,50000,0.944131,0.00022966857608083862,1000000,0.9408,0.0010554180214493215,0,0.9408,-2.3296714720189526,-0.06581315460371101,1.7271564248735738,0.018126840138636816,0.007174155069289824,0.009062127557511613,1.0360479546737515
300,6.0,3.0,G,50000,0.944131,0.00022966857608083862,1000000,0.94236,0.0010422824031902297,0,0.94236,-2.305410597961104,-0.06567673250547795,1.704028952528175,0.018433907285624454,0.0071392837645694665,0.00925619111126882,1.0269560938602216
300,6.0,4.0,emp,50000,0.941614,0.00023447190664128623,1000000,0.93864,0.0010732655812984964,0,0.93864,-2.3739777279751153,-0.07196157419166463,1.7209419144058686,0.019142729941619887,0.006617339172278043,0.009173555833208396,1.0466288935067738
300,6.0,4.0,G,50000,0.941614,0.00023447190664128623,1000000,0.9408,0.0010554180214493215,0,0.9408,-2.3596177687704767,-0.07165412095298099,1.7009566199727322,0.018559551628978193,0.006583390211979683,0.009778304020538161,1.0372491340411472
300,6.0,6.0,emp,50000,0.942023,0.0002336999517993103,1000000,0.93878,0.0010721204372643965,0,0.93878,-2.3497654684249314,-0.07074878949727881,1.7335168932486775,0.02026256620811791,0.006519751456083042,0.010677075191935219,1.0436748350937723
300,6.0,6.0,G,50000,0.942023,0.0002336999517993103,1000000,0.94142,0.0010502226773403817,0,0.94142,-2.3270096205184085,-0.07035309381636817,1.722579917182388,0.01787152186760026,0.006558534806263396,0.012093670662849967,1.0338918557757648
300,6.0,8.0,emp,50000,0.944584,0.0002287904432969175,1000000,0.9417,0.0010478655448100203,0,0.9417,-2.2731491424571475,-0.05866200572837639,1.764799693576926,0.01859640293782374,0.006155833312147989,0.010604941923095312,1.031901014728765
300,6.0,8.0,G,50000,0.944584,0.0002287904432969175,1000000,0.94446,0.0010242588383802215,0,0.94446,-2.251179115187271,-0.058993145495382655,1.7514812631589978,0.016180898698765392,0.006069758139966375,0.010273580731006291,1.0220127232141356
300,6.0,12.0,emp,50000,0.948448,0.00022112076179318856,1000000,0.9458,0.0010125449125841285,0,0.9458,-2.1529677343405984,-0.03706941361511462,1.8219207828702766,0.014933564457249568,0.005299756145152713,0.011646707208412486,1.0171930940008505
300,6.0,12.0,G,50000,0.948448,0.00022112076179318856,1000000,0.94802,0.000992754547710561,0,0.94802,-2.1250517573315206,-0.03659360484637317,1.8069900049590644,0.013986819752054205,0.005274961776041029,0.010636975484382142,1.0073365952617765
300,6.0,16.0,emp,50000,0.949695,0.00021857357336832838,1000000,0.94658,0.0010056470911805992,0,0.94658,-2.0896077725057776,-0.025852284666522327,1.8747598403543293,0.0151950681715213,0.0054080253370862395,0.012772272284507408,1.012381400971237
300,6.0,16.0,G,50000,0.949695,0.00021857357336832838,1000000,0.94936,0.0009805670849054645,0,0.94936,-2.0655398887475602,-0.025251155337266323,1.8555012832275941,0.014061349868093173,0.005379542600459843,0.011471823642958404,1.0025394610080038
300,6.0,24.0,emp,50000,0.95004,0.000217862338186296,1000000,0.94674,0.0010042247995344466,0,0.94674,-2.0437303028610705,-0.014627178771439943,1.9268192581669088,0.01416162037279313,0.005184506656976344,0.013128085265914104,1.0106902088987424
300,6.0,24.0,G,50000,0.95004,0.000217862338186296,1000000,0.94956,0.0009787318979168917,0,0.94956,-2.017703763571842,-0.014804537887459944,1.904151393797117,0.012961068147731677,0.005120439676860833,0.01278949404200445,1.0008266522244833
300,6.0,32.0,emp,50000,0.950019,0.0002179057127268582,1000000,0.94684,0.00100333458427386,0,0.94684,-2.0301104934489578,-0.010304142263682339,1.9388134282533953,0.014319381365185475,0.0055567072819196015,0.013479247057615931,1.0108050314517532
300,6.0,32.0,G,50000,0.950019,0.0002179057127268582,1000000,0.94898,0.000984042271449758,0,0.94898,-2.005845694418337,-0.010096448707889196,1.9246488436837574,0.01307433202814117,0.005528790614086102,0.01214475934757525,1.0009164552589631
300,6.0,48.0,emp,50000,0.949911,0.00021812861361820472,1000000,0.94672,0.001004402724010643,0,0.94672,-2.0191323658039764,-0.0059430668908262,1.9588293598424553,0.014944972171978321,0.005323118098285716,0.012980463729763752,1.011231198499196
300,6.0,48.0,G,50000,0.949911,0.00021812861361820472,1000000,0.9492,0.0009820321786988444,0,0.9492,-1.9929417756338845,-0.00586541584113282,1.943114755284091,0.013335572649981942,0.00541737242362191,0.012420375844561073,1.0013102643680647
300,6.0,64.0,emp,50000,0.949846,0.00021826263144203139,1000000,0.94632,0.001007952951282945,0,0.94632,-2.0127534446452966,-0.005354431917085546,1.9641299065357187,0.014826155719074774,0.005307964355819975,0.012338694783580227,1.0114684215228884
300,6.0,64.0,G,50000,0.949846,0.00021826263144203139,1000000,0.9492,0.0009820321786988444,0,0.9492,-1.990167400774339,-0.005263667181714577,1.9486644108703277,0.01346021110744915,0.005172191943275282,0.012664666873528154,1.001529106478035
300,6.0,96.0,emp,50000,0.949666,0.00021863322813332834,1000000,0.94598,0.0010109583532470561,0,0.94598,-2.00926766478439,-0.004388625571345787,1.9687507041086276,0.015033779525253258,0.005252825488939382,0.011649960460516775,1.0116771999542422
300,6.0,96.0,G,50000,0.949666,0.00021863322813332834,1000000,0.94886,0.0009851365428203338,0,0.94886,-1.9864356825857374,-0.004500672143146919,1.9528713310222499,0.013020929266101097,0.0052693214622697646,0.011671271720368179,1.001718254252406
300,6.0,128.0,emp,50000,0.949657,0.00021865173758971144,1000000,0.94608,0.001010075577370327,0,0.94608,-2.010162893104108,-0.004132277580812374,1.9695178191044387,0.015336525335221765,0.005509811817172521,0.010783655665582172,1.0117625868054827
300,6.0,128.0,G,50000,0.949657,0.00021865173758971144,1000000,0.94886,0.0009851365428203338,0,0.94886,-1.9839091994142222,-0.004112037233760332,1.9536476496782733,0.012876011398003517,0.005429555223299125,0.011285396901437771,1.0017933921074862
300,6.0,192.0,emp,50000,0.9496,0.00021876891918186185,1000000,0.94604,0.0010104288040233217,0,0.94604,-2.0084324206642834,-0.0043752752647712384,1.9718557180746619,0.015472578457619216,0.005721011778891114,0.011288332675656806,1.0118319002010747
300,6.0,192.0,G,50000,0.9496,0.00021876891918186185,1000000,0.94888,0.0009849542689891755,0,0.94888,-1.9829117568817256,-0.00450985570898473,1.9557202002986926,0.01274667827961955,0.005719412494080585,0.01165744811274134,1.0018521811365082
300,6.0,256.0,emp,50000,0.949561,0.0002188490513550379,1000000,0.94632,0.001007952951282945,0,0.94632,-2.011693491866818,-0.003200859634977799,1.9703731791467114,0.01540502266915443,0.005591687421447436,0.011586004337870827,1.01185993998805
300,6.0,256.0,G,50000,0.949561,0.0002188490513550379,1000000,0.94894,0.000984407196235379,0,0.94894,-1.98361880269632,-0.002878534260129337,1.9583627338096448,0.012579960363921547,0.005627445996297533,0.011301562540876718,1.0018748580373273
300,6.0,512.0,emp,50000,0.949482,0.00021901125924481588,1000000,0.94634,0.001007775812370986,0,0.94634,-2.010007211491662,-0.0026064279265454117,1.9712362790604891,0.014848505433738729,0.005509398263915053,0.011742914641385854,1.011893247591397
300,6.0,512.0,G,50000,0.949482,0.00021901125924481588,1000000,0.94902,0.000983677178753274,0,0.94902,-1.9843842343620588,-0.0026818165736628378,1.9594248914376389,0.012489510976599241,0.005590093078264404,0.011075518441182815,1.0018999979443655
300,6.0,1024.0,emp,50000,0.949461,0.00021905435279628662,1000000,0.94638,0.0010074214172827577,0,0.94638,-2.00795160941792,-0.002279732853476225,1.970285379858409,0.01435191360075185,0.005626329852927653,0.011306513198402344,1.011905856022294
300,6.0,1024.0,G,50000,0.949461,0.00021905435279628662,1000000,0.94882,0.0009855009649919172,0,0.94882,-1.9855548095472697,-0.0023967950910163457,1.9612114514046177,0.012492100516459704,0.00561298175925442,0.010674418871717816,1.0019084677637853
300,6.0,2048.0,emp,50000,0.949468,0.00021903998944485003,1000000,0.9465,0.0010063572924165652,0,0.9465,-2.007426294693776,-0.0022463888797915306,1.9708976581926734,0.014112119454085293,0.005566868049135786,0.011247957375655853,1.0119111343010447
300,6.0,2048.0,G,50000,0.949468,0.00021903998944485003,1000000,0.9488,0.0009856831133787372,0,0.9488,-1.9860122246055298,-0.002274836110439634,1.9607331600875708,0.012509688493047653,0.005587987680749725,0.010580306138346308,1.0019116631924163
300,6.0,4096.0,emp,50000,0.949452,0.0002190728182500057,1000000,0.94654,0.0010060022703751712,0,0.94654,-2.00677725433524,-0.002659349174451679,1.9707529933491077,0.014026631487982813,0.0055305220377297355,0.01124894364391205,1.011913515815599
300,6.0,4096.0,G,50000,0.949452,0.0002190728182500057,1000000,0.94874,0.0009862293080212124,0,0.94874,-1.9849194718607746,-0.002667788776311657,1.9616669323938363,0.012465903744375213,0.005612079882599202,0.010556325631133888,1.0019129999138385
300,6.0,8192.0,emp,50000,0.949455,0.0002190666633127915,1000000,0.94656,0.0010058247004324364,0,0.94656,-2.006476252364841,-0.0028077709387693646,1.9709369693007288,0.01400497437427945,0.0055245386047770295,0.011248170321584242,1.011914642066956
300,6.0,8192.0,G,50000,0.949455,0.0002190666633127915,1000000,0.94874,0.0009862293080212124,0,0.94874,-1.984292380131228,-0.002768998922285991,1.9615963404092625,0.012413919052844514,0.0055992614219653476,0.01054946024921329,1.0019136029288578
300,8.0,0.0,emp,50000,0.957019,0.00020281428361681048,1000000,0.95284,0.0009480077468037904,0,0.95284,-1.9577240132555362,-0.00504534928789043,1.9117169344001332,0.011292393143132354,0.007602589144217584,0.009921826239529325,0.9946819181572102
300,8.0,0.0,G,50000,0.957019,0.00020281428361681048,1000000,0.95508,0.0009263065756001084,0,0.95508,-1.9346437091479125,-0.005168000173852551,1.8957205316960988,0.010954007092326327,0.007594422254351307,0.010453375225717739,0.9855618799207474
300,8.0,0.25,emp,50000,0.95694,0.0002029922077322181,1000000,0.95266,0.0009497254803362922,0,0.95266,-1.9729053597069839,-0.008740181222184288,1.895280886515726,0.012259319482936262,0.007269139013184341,0.010562302987304668,0.9949506648656489
300,8.0,0.25,G,50000,0.95694,0.0002029922077322181,1000000,0.95524,0.000924732852233552,0,0.95524,-1.9522250426092926,-0.008678266808839083,1.878534451839422,0.011702685006349989,0.007252944931608152,0.010283576252346976,0.9858718116720313
300,8.0,0.5,emp,50000,0.956654,0.00020363478161650086,1000000,0.95248,0.0009514394315982495,0,0.95248,-1.993885297337401,-0.013183523116609329,1.8846935440849246,0.012537168064879886,0.007525405200905717,0.009994479687190872,0.9957006345675646
300,8.0,0.5,G,50000,0.956654,0.00020363478161650086,1000000,0.95514,0.0009257168076685224,0,0.95514,-1.9658154262954133,-0.013151786556853406,1.8640329585406137,0.01258554835748973,0.0073924792993923395,0.009823536462833227,0.9866596468210912
300,8.0,1.0,emp,50000,0.955634,0.00020590691596932828,1000000,0.95162,0.0009595767358580551,0,0.95162,-2.0325020139594794,-0.019586905517165486,1.8558292724503311,0.01303826032016118,0.007416679395639727,0.010721331836486086,0.9985198498798751
300,8.0,1.0,G,50000,0.955634,0.00020590691596932828,1000000,0.95398,0.0009370395893450816,0,0.95398,-2.009758416863864,-0.01942623088153346,1.83850101015478,0.012859945763157335,0.007581187058575203,0.008800821514235118,0.989542668351796
300,8.0,2.0,emp,50000,0.952444,0.00021282487369666178,1000000,0.94846,0.0009887732642016574,0,0.94846,-2.1177219949832424,-0.03341320990909614,1.8164945785656617,0.014419411959026152,0.007500474942446727,0.00841554267503101,1.0078588839538614
300,8.0,2.0,G,50000,0.952444,0.00021282487369666178,1000000,0.95012,0.0009735705993917445,0,0.95012,-2.097497589704463,-0.03347240593565398,1.8028546305845963,0.013874185156966834,0.007523965675351828,0.010358071423118502,0.9989445729764733
300,8.0,3.0,emp,50000,0.949123,0.00021974651503721271,1000000,0.94506,0.0010190348021534886,0,0.94506,-2.1888798787394936,-0.044429554382157135,1.7916821067132243,0.016362744252395263,0.007935842741933147,0.00801281877401121,1.0184821134617899
300,8.0,3.0,G,50000,0.949123,0.00021974651503721271,1000000,0.94716,0.0010004792291697015,0,0.94716,-2.164293734937216,-0.0439434197286383,1.7716798372882192,0.01565414999804205,0.007906390690319252,0.009768343452522588,1.0095211719903883
300,8.0,4.0,emp,50000,0.946552,0.0002249251237545509,1000000,0.94288,0.0010378564987511517,0,0.94288,-2.2370250179096267,-0.050459161363614134,1.7796423543708482,0.016901198733816767,0.007251898903214715,0.009511137931323304,1.0269142242391813
300,8.0,4.0,G,50000,0.946552,0.0002249251237545509,1000000,0.94506,0.0010190348021534886,0,0.94506,-2.2186234767940345,-0.04979364948748269,1.7617012662005038,0.017450716544783803,0.007209028070419369,0.00918014619162751,1.0178100122206721
300,8.0,6.0,emp,50000,0.944604,0.00022875157526014984,1000000,0.94182,0.0010468532619235611,0,0.94182,-2.268961441250806,-0.05712721403335407,1.7778568549297615,0.016837296494620783,0.0064427062059925835,0.010374233029143922,1.0333056281276265
300,8.0,6.0,G,50000,0.944604,0.00022875157526014984,1000000,0.94328,0.0010344355136981715,0,0.94328,-2.24967585621397,-0.05630118501595498,1.7570163064651223,0.017377411664627675,0.006377269520826641,0.009935149104456403,1.0238411801169163
300,8.0,8.0,emp,50000,0.94515,0.00022768723613764553,1000000,0.9421,0.001044486380954773,0,0.9421,-2.2478330785674094,-0.05757598205206718,1.7823891875726856,0.018228390106888624,0.006351685983501438,0.01093443066854819,1.030438193765108
300,8.0,8.0,G,50000,0.94515,0.00022768723613764553,1000000,0.9447,0.0010221732729826193,0,0.9447,-2.2270087818015365,-0.05745494051596505,1.7739040488276439,0.016703370168166906,0.006219163201052487,0.012229237695517632,1.020747279383714
300,8.0,12.0,emp,50000,0.947633,0.00022276601471274751,1000000,0.94552,0.0010150066955444182,0,0.94552,-2.1815466819002247,-0.04224193315812767,1.8251663949816972,0.016690252017493835,0.005511889475038395,0.01014434415209213,1.0204691130318089
300,8.0,12.0,G,50000,0.947633,0.00022276601471274751,1000000,0.94724,0.00099976379610386,0,0.94724,-2.147910460841166,-0.04244080628591686,1.8064698848756426,0.015517995377134256,0.005388555812971908,0.009402512213960245,1.010665591815227
300,8.0,16.0,emp,50000,0.949,0.00021999772726098796,1000000,0.94646,0.0010067121574710422,0,0.94646,-2.112309387883828,-0.030724643525430154,1.8536178127111405,0.014293253628930275,0.00516338107195608,0.01172367337858152,1.0148621221776182
300,8.0,16.0,G,50000,0.949,0.00021999772726098796,1000000,0.94908,0.000983129224466448,0,0.94908,-2.0860966265184917,-0.03038816735350763,1.838508427728487,0.013696339555343528,0.005102411709392039,0.011101691094253,1.0050520688071864
300,8.0,24.0,emp,50000,0.949856,0.00021824201993200112,1000000,0.94698,0.001002086619010552,0,0.94698,-2.0575262222233417,-0.01603789439940575,1.9165735493547698,0.013314314248140852,0.005559324876902477,0.013950552018289023,1.0115569269385993
300,8.0,24.0,G,50000,0.949856,0.00021824201993200112,1000000,0.9498,0.0009765240396426503,0,0.9498,-2.030213782602024,-0.01601768638624227,1.894189867272816,0.01328359719097941,0.005493653748190789,0.012090735191303659,1.0017268738513199
300,8.0,32.0,emp,50000,0.949886,0.00021818017096885773,1000000,0.94668,0.0010047584545551237,0,0.94668,-2.0329317363024275,-0.012711294255431979,1.9383854443529969,0.014334479385044474,0.005122252807543864,0.01346908295687776,1.0111120014649873
300,8.0,32.0,G,50000,0.949886,0.00021818017096885773,1000000,0.94948,0.0009794664833469291,0,0.94948,-2.007098209429954,-0.012626220639883421,1.9183767704176502,0.013084189288515258,0.005142948912174277,0.012945515434630673,1.0012556154193046
300,8.0,48.0,emp,50000,0.94987,0.000218213159777315,1000000,0.94674,0.0010042247995344466,0,0.94674,-2.020474552793176,-0.007112659075792296,1.9574998411889943,0.01407645109365407,0.005842583396931238,0.013302178608875097,1.0112668316899118
300,8.0,48.0,G,50000,0.94987,0.000218213159777315,1000000,0.9487,0.0009865932292490154,0,0.9487,-1.9976296858702702,-0.00700944843197643,1.9402116626109225,0.012735558142240056,0.0058475345330455,0.0126620891759687,1.0013720631170526
300,8.0,64.0,emp,50000,0.949816,0.0002183244515486069,1000000,0.94674,0.0010042247995344466,0,0.94674,-2.0158736429872017,-0.005278834564612069,1.9627262467238262,0.014957554256784971,0.0053084487412627295,0.012986538514227614,1.011456261655602
300,8.0,64.0,G,50000,0.949816,0.0002183244515486069,1000000,0.94908,0.000983129224466448,0,0.94908,-1.991179682677492,-0.005161378034373063,1.946631374106291,0.013352113085404401,0.005428158870224166,0.012409906195424293,1.0015382174312457
300,8.0,96.0,emp,50000,0.949772,0.00021841508193346,1000000,0.9463,0.0010081300511342768,0,0.9463,-2.011478445059048,-0.004917233947103442,1.9679409993542767,0.014884626124300434,0.005343110138470088,0.01228313451384144,1.0116537807794552
300,8.0,96.0,G,50000,0.949772,0.00021841508193346,1000000,0.94884,0.0009853187748135115,0,0.94884,-1.9901088456274474,-0.004895736130796427,1.9512695241866633,0.012993571162341011,0.0052510142190818326,0.01214969737326359,1.0017100333187376
300,8.0,128.0,emp,50000,0.949644,0.0002186784700513518,1000000,0.94586,0.0010120164069816256,0,0.94586,-2.0085911892836696,-0.004150744034238679,1.9693505478486248,0.015010322635472292,0.005256246341931734,0.011667461636472032,1.0117417930720325
300,8.0,128.0,G,50000,0.949644,0.0002186784700513518,1000000,0.9489,0.000984771953296803,0,0.9489,-1.985682854408275,-0.004125885030298192,1.9538092572909151,0.013010217996943563,0.005269578044659154,0.01167882615373112,1.0017843510552293
300,8.0,192.0,emp,50000,0.94963,0.00021870725433784774,1000000,0.94608,0.001010075577370327,0,0.94608,-2.0092794001466547,-0.0038486086750867555,1.9730997653199325,0.015391727411729792,0.0056476273022821565,0.010839339169042842,1.0118167477613955
300,8.0,192.0,G,50000,0.94963,0.00021870725433784774,1000000,0.94894,0.000984407196235379,0,0.94894,-1.9826956225324452,-0.003919971517524995,1.955554959971714,0.012729312250083539,0.0056058576832735615,0.011367375882666491,1.0018450852901162
300,8.0,256.0,emp,50000,0.949599,0.00021877097430646512,1000000,0.94608,0.001010075577370327,0,0.94608,-2.008519494866441,-0.0042781223269715,1.9721778171428976,0.015488444900736299,0.0057197069021827,0.011299796890764682,1.0118482810029714
300,8.0,256.0,G,50000,0.949599,0.00021877097430646512,1000000,0.94886,0.0009851365428203338,0,0.94886,-1.982642689920236,-0.004419834939455655,1.9559517436751759,0.012744815090703607,0.005717109623192133,0.011658261780695709,1.0018693199949362
300,8.0,512.0,emp,50000,0.94951,0.00021895378484968018,1000000,0.94636,0.0010075986343777966,0,0.94636,-2.010092641979126,-0.0027817869585064136,1.97136930746004,0.015128092881108529,0.00552808420374849,0.011691696180567361,1.0118872824566447
300,8.0,512.0,G,50000,0.94951,0.00021895378484968018,1000000,0.94898,0.000984042271449758,0,0.94898,-1.9846687069792246,-0.0028452699909650827,1.9592687762044338,0.01237886347022853,0.005525861348321668,0.011219989056218505,1.0018971490132065
300,8.0,1024.0,emp,50000,0.949473,0.00021902972919446344,1000000,0.94642,0.0010070668657045565,0,0.94642,-2.0078152859890395,-0.0022723344675330106,1.9706072517803743,0.014518870998751057,0.0056123025821003415,0.011427594594464024,1.0119028531676653
300,8.0,1024.0,G,50000,0.949473,0.00021902972919446344,1000000,0.94874,0.0009862293080212124,0,0.94874,-1.9858911495681626,-0.0023468535301333355,1.9609425424547458,0.012495870943102214,0.005570827854131809,0.010793212199478387,1.0019070361856333
300,8.0,2048.0,emp,50000,0.949475,0.00021902562492776969,1000000,0.94646,0.0010067121574710422,0,0.94646,-2.006944373631649,-0.0022958303125638927,1.9705267243985614,0.014184644176117478,0.005588796246396609,0.011256253875936529,1.011909628930081
300,8.0,2048.0,G,50000,0.949475,0.00021902562492776969,1000000,0.94886,0.0009851365428203338,0,0.94886,-1.9851067234021866,-0.0023433930167832753,1.9608480807240833,0.012496380568943382,0.005585565791409523,0.010620714373428668,1.0019109466531118
300,8.0,4096.0,emp,50000,0.949459,0.00021905845639691692,1000000,0.94652,0.0010061798010296168,0,0.94652,-2.007216670551282,-0.0025777507613005974,1.9711495334860907,0.01404921642502257,0.005539120967666576,0.01125075751904291,1.0119127622489497
300,8.0,4096.0,G,50000,0.949459,0.00021905845639691692,1000000,0.94874,0.0009862293080212124,0,0.94874,-1.9855006841627378,-0.0025865054903474326,1.961511290332742,0.012496403708575828,0.005616570551035196,0.010565088602670634,1.0019126415484916
300,8.0,8192.0,emp,50000,0.949451,0.00021907486984818674,1000000,0.94654,0.0010060022703751712,0,0.94654,-2.006919478931626,-0.002686886440500886,1.9707455556249125,0.014014531671180424,0.005521315148371142,0.011247674595673034,1.011914265074159
300,8.0,8192.0,G,50000,0.949451,0.00021907486984818674,1000000,0.94872,0.000986411289473108,0,0.94872,-1.9843557469127915,-0.002693463527277123,1.9616217771078694,0.012431106941502897,0.005604916073822028,0.010551487424671943,1.0019134237314475
300,12.0,0.0,emp,50000,0.952972,0.00021169876526800992,1000000,0.94842,0.000989136023001892,0,0.94842,-1.9940104444691527,-0.005045298665529588,1.949619828143048,0.011223389422886785,0.00760275446841035,0.009865633033875009,1.0077262264035445
300,12.0,0.0,G,50000,0.952972,0.00021169876526800992,1000000,0.95102,0.0009652042229497343,0,0.95102,-1.9695543800686846,-0.005168001017233496,1.9314163351335836,0.011269769937735888,0.0075945594839241185,0.011140319108700704,0.9985422494221714
300,12.0,0.25,emp,50000,0.952919,0.00021181213241691334,1000000,0.9489,0.000984771953296803,0,0.9489,-2.0009299496225643,-0.00642791365220227,1.9375703047415669,0.012039241114054623,0.00733886073928348,0.010201712782025476,1.0077778509615525
300,12.0,0.25,G,50000,0.952919,0.00021181213241691334,1000000,0.95086,0.0009666980955810347,0,0.95086,-1.9766907111357026,-0.006362316731599513,1.9213774799414394,0.01233498524839102,0.007275792020281657,0.011379827798998017,0.9986188513507631
300,12.0,0.5,emp,50000,0.952895,0.00021186344416864358,1000000,0.9492,0.0009820321786988444,0,0.9492,-2.009520182126283,-0.007889117792630164,1.93163212577982,0.013318099683533133,0.007531930867581435,0.010176515559879102,1.0079180135390153
300,12.0,0.5,G,50000,0.952895,0.00021186344416864358,1000000,0.95106,0.0009648303104691517,0,0.95106,-1.982053154522102,-0.00800958853056137,1.9121067469611421,0.012795299485239072,0.0074909787734108,0.010808084873716619,0.9987827066603459
300,12.0,1.0,emp,50000,0.952744,0.00021218593370909384,1000000,0.9487,0.0009865932292490154,0,0.9487,-2.0185167980694456,-0.012501138506715314,1.9198240309390553,0.012843767014127145,0.00723729555796176,0.010036375294346055,1.008453666523872
300,12.0,1.0,G,50000,0.952744,0.00021218593370909384,1000000,0.95104,0.0009650172889642963,0,0.95104,-1.9965765003899227,-0.012528060641512599,1.8983668189584055,0.014002445340410705,0.0071828271863006,0.010153132166430663,0.9993611942958484
300,12.0,2.0,emp,50000,0.952075,0.00021360757096835307,1000000,0.94818,0.000991309110217393,0,0.94818,-2.0470907890868806,-0.015874632661780637,1.8922475584912424,0.013932598082945252,0.007277742008146784,0.009720117569560724,1.0104025446929048
300,12.0,2.0,G,50000,0.952075,0.00021360757096835307,1000000,0.95022,0.000972645378336833,0,0.95022,-2.035088506936041,-0.015611503593393871,1.8776619528795269,0.01332869747063721,0.007228669141911745,0.009250125785410821,1.0013726897968374
300,12.0,3.0,emp,50000,0.951135,0.00021558574112171713,1000000,0.94716,0.0010004792291697015,0,0.94716,-2.0848340668841265,-0.023252044903947215,1.8744890956217624,0.01451662026156254,0.007335947514079681,0.008843008988620258,1.0131160346526111
300,12.0,3.0,G,50000,0.951135,0.00021558574112171713,1000000,0.94896,0.0009842247548197513,0,0.94896,-2.069030408536528,-0.022741795485982617,1.8602128301165903,0.013613494871413792,0.007346164148566847,0.009668376209960413,1.0041105319809227
300,12.0,4.0,emp,50000,0.950236,0.00021745699414826839,1000000,0.94636,0.0010075986343777966,0,0.94636,-2.1091709237211322,-0.029317552178600614,1.8644854260800483,0.014360635386913758,0.007741077127894512,0.0088900230996866,1.0160349401456634
300,12.0,4.0,G,50000,0.950236,0.00021745699414826839,1000000,0.94772,0.0009954576997542387,0,0.94772,-2.090897783799756,-0.02923131586565814,1.8410733370650885,0.013709358362615564,0.007640897395550604,0.00944115777789378,1.0070120345738645
300,12.0,6.0,emp,50000,0.948398,0.0002212221363155144,1000000,0.9452,0.0010178109844170475,0,0.9452,-2.1541858702368555,-0.034970645366329725,1.8413436876520974,0.016871281849210305,0.007433240670629433,0.009245212401004128,1.0207206820334385
300,12.0,6.0,G,50000,0.948398,0.0002212221363155144,1000000,0.9478,0.0009947377543855467,0,0.9478,-2.135800590640089,-0.0343076330080095,1.8202683219130387,0.01596761400924395,0.007395417061056872,0.010345114134922773,1.0115633962293855
300,12.0,8.0,emp,50000,0.947522,0.00022298892240647298,1000000,0.9444,0.001024779390893474,0,0.9444,-2.1685342193851502,-0.039158102197229275,1.8372990408245888,0.015997521217007662,0.00657150470829058,0.009482377293805928,1.0226971229413662
300,12.0,8.0,G,50000,0.947522,0.00022298892240647298,1000000,0.94698,0.001002086619010552,0,0.94698,-2.1483788799597527,-0.03845864072270762,1.8133402253959248,0.015704581289166002,0.006575738871222629,0.009544464979474965,1.01335629552096
300,12.0,12.0,emp,50000,0.947481,0.0002230711873797241,1000000,0.9447,0.0010221732729826193,0,0.9447,-2.1535984339042287,-0.041852451768643065,1.8385681325789638,0.01627826616632774,0.006181939019224949,0.011485587132614817,1.0208852304885836
300,12.0,12.0,G,50000,0.947481,0.0002230711873797241,1000000,0.94742,0.0009981517279452053,0,0.94742,-2.134759085862835,-0.04162818503365544,1.8252056834154526,0.01500986540767259,0.006138543282441322,0.0125568431202465,1.0112844101724463
300,12.0,16.0,emp,50000,0.948515,0.00022098482928698974,1000000,0.94588,0.0010118401612903092,0,0.94588,-2.130139669372499,-0.03596610375500668,1.8579847481943317,0.016112321747878904,0.005857877904808153,0.011322644291519874,1.0172914160583963
300,12.0,16.0,G,50000,0.948515,0.00022098482928698974,1000000,0.94856,0.000987865642686292,0,0.94856,-2.105101363264469,-0.03584742473198215,1.844746195017376,0.014134703771385787,0.005904498363183135,0.010790363818907783,1.0075881505346171
300,12.0,24.0,emp,50000,0.949465,0.0002190461453096128,1000000,0.94734,0.0009988686039715136,0,0.94734,-2.073112593667321,-0.022203094334780137,1.8882702674035532,0.013988814989812123,0.004897336331971926,0.011817699329556165,1.0131215860280693
300,12.0,24.0,G,50000,0.949465,0.0002190461453096128,1000000,0.94936,0.0009805670849054645,0,0.94936,-2.044078378457936,-0.02186940865722994,1.8699426880123677,0.012958576038392136,0.004924355781030018,0.011326837747997327,1.0033560199584448
300,12.0,32.0,emp,50000,0.949775,0.00021840890406528752,1000000,0.94722,0.0009999427143591781,0,0.94722,-2.044408878939884,-0.015336936702657903,1.9224091739599858,0.014861290982629902,0.005439037800931831,0.012992921649394576,1.011809479526627
300,12.0,32.0,G,50000,0.949775,0.00021840890406528752,1000000,0.94956,0.0009787318979168917,0,0.94956,-2.018227075911541,-0.015296802811511363,1.9023164662822551,0.013035513057858272,0.005354541806870506,0.011780818006700368,1.0020112335477613
300,12.0,48.0,emp,50000,0.949856,0.00021824201993200112,1000000,0.94658,0.0010056470911805992,0,0.94658,-2.023399695191046,-0.010320734085135643,1.949180122541767,0.0144571825254621,0.00513767268977716,0.013809999315533266,1.0113856351771715
300,12.0,48.0,G,50000,0.949856,0.00021824201993200112,1000000,0.94938,0.0009803837575153925,0,0.94938,-1.997796616318893,-0.010583353816963856,1.930073695062847,0.013040531075232823,0.005096668876427791,0.013032486420217395,1.0015397234937424
300,12.0,64.0,emp,50000,0.949807,0.0002183429933636526,1000000,0.94666,0.0010049362606653226,0,0.94666,-2.017308960167113,-0.007449640923058114,1.9543662073353287,0.014841703084524477,0.0055159593660751025,0.0136317940179225,1.0114496861309221
300,12.0,64.0,G,50000,0.949807,0.0002183429933636526,1000000,0.94874,0.0009862293080212124,0,0.94874,-1.9951341630953672,-0.007541786863400599,1.9405007133436871,0.012789734517011497,0.005530523010991969,0.012164978102215021,1.0015723804962586
300,12.0,96.0,emp,50000,0.949768,0.0002184233187551184,1000000,0.94664,0.0010051140273620697,0,0.94664,-2.013347111110355,-0.004737120254732285,1.9664903582804452,0.014854451397951388,0.005343142147586596,0.012974792657408326,1.011609445386914
300,12.0,96.0,G,50000,0.949768,0.0002184233187551184,1000000,0.94898,0.000984042271449758,0,0.94898,-1.9888380548946607,-0.004651193273464152,1.9506967054323607,0.013350845242713724,0.005429964642467606,0.012401916702692677,1.001695470798049
300,12.0,128.0,emp,50000,0.949745,0.00021847067303187412,1000000,0.94626,0.0010084841337373632,0,0.94626,-2.0116472421577343,-0.004674117768957875,1.967761479918283,0.01479986558312501,0.005332325269591932,0.012270690250202703,1.0117001571698048
300,12.0,128.0,G,50000,0.949745,0.00021847067303187412,1000000,0.94918,0.00098221512511262,0,0.94918,-1.9871864026190575,-0.004592722746596781,1.9525800915668885,0.013471846885124029,0.005205601660765778,0.012674908509197275,1.0017659446965308
300,12.0,192.0,emp,50000,0.949641,0.00021868463850714353,1000000,0.94584,0.0010121926140809366,0,0.94584,-2.0076182229849158,-0.003954271769891957,1.971042907355832,0.01499169369689897,0.005255107347455227,0.011659674291549932,1.0117858670226265
300,12.0,192.0,G,50000,0.949641,0.00021868463850714353,1000000,0.94894,0.000984407196235379,0,0.94894,-1.9850007649191612,-0.0039263280861833675,1.95483868279973,0.013005262167579714,0.005277341337948898,0.01168542359822764,1.0018302362665332
300,12.0,256.0,emp,50000,0.949639,0.0002186887506914793,1000000,0.9461,0.0010098989058316674,0,0.9461,-2.011042172141468,-0.004002803201956152,1.9714458919090867,0.015360345102913878,0.005506139279396101,0.010773009791803897,1.011824510890024
300,12.0,256.0,G,50000,0.949639,0.0002186887506914793,1000000,0.94884,0.0009853187748135115,0,0.94884,-1.9833056333326713,-0.0039022560039104225,1.954822425997558,0.012863949184855516,0.005425683077504511,0.011285588582324936,1.0018577591813778
300,12.0,512.0,emp,50000,0.949551,0.00021886959222103004,1000000,0.94636,0.0010075986343777966,0,0.94636,-2.0115463918072383,-0.003168995155161844,1.9706674381549771,0.015448592545508335,0.005594211964323918,0.011599981234253962,1.0118752014331702
300,12.0,512.0,G,50000,0.949551,0.00021886959222103004,1000000,0.94896,0.0009842247548197513,0,0.94896,-1.983479467973973,-0.0028663845379760604,1.9585369213497636,0.0125771502546106,0.0056287705393830295,0.01130535498473581,1.001891297741673
300,12.0,1024.0,emp,50000,0.949483,0.00021900920690920742,1000000,0.94636,0.0010075986343777966,0,0.94636,-2.0098556965957135,-0.0026009459306939268,1.9713419875676748,0.014871568034304885,0.005509526485808112,0.011741285088642457,1.0118968063179348
300,12.0,1024.0,G,50000,0.949483,0.00021900920690920742,1000000,0.949,0.0009838597461020553,0,0.949,-1.9843372839822981,-0.002676076233468102,1.9594820426356139,0.012489037571269608,0.005590054186838139,0.011076318209546975,1.0019041319699644
300,12.0,2048.0,emp,50000,0.949461,0.00021905435279628662,1000000,0.94638,0.0010074214172827577,0,0.94638,-2.007930199170723,-0.0022791083809962477,1.970219642182287,0.014345128993760174,0.005626055812679543,0.011313386761505732,1.0119066075537553
300,12.0,2048.0,G,50000,0.949461,0.00021905435279628662,1000000,0.94882,0.0009855009649919172,0,0.94882,-1.9855404067513136,-0.0023923618161985237,1.9612279293433894,0.012492192267901731,0.005612768770394846,0.010674539064673477,1.0019095030570926
300,12.0,4096.0,emp,50000,0.949468,0.00021903998944485003,1000000,0.9465,0.0010063572924165652,0,0.9465,-2.007415029852381,-0.00224512310325549,1.970800961361051,0.014111005489106048,0.005566899150779914,0.011251972112331527,1.011911252418593
300,12.0,4096.0,G,50000,0.949468,0.00021903998944485003,1000000,0.9488,0.0009856831133787372,0,0.9488,-1.986009496393945,-0.0022731130648959985,1.9607377507562787,0.012509642283371683,0.005587997249109071,0.01058040867033461,1.001911922162298
300,12.0,8192.0,emp,50000,0.949452,0.0002190728182500057,1000000,0.94654,0.0010060022703751712,0,0.94654,-2.0067854807509407,-0.0026591787256466564,1.9707176595291744,0.014026927289588518,0.005530515788809543,0.01124993571032441,1.0119135104098194
300,12.0,8192.0,G,50000,0.949452,0.0002190728182500057,1000000,0.94874,0.0009862293080212124,0,0.94874,-1.9849186916335873,-0.0026677813908344214,1.9616677555675217,0.012465900692516477,0.005612068670199146,0.010556331737902724,1.0019130646698244
300,16.0,0.0,emp,50000,0.951573,0.0002146667782191739,1000000,0.9472,0.0010001215926076187,0,0.9472,-2.006258145945569,-0.005045275555791331,1.9612603145713692,0.011128036488195912,0.007602821842409374,0.009951693308496124,1.0123743278052577
300,16.0,0.0,G,50000,0.951573,0.0002146667782191739,1000000,0.94972,0.0009772606776085897,0,0.94972,-1.9808977806611396,-0.005168001284056997,1.9425588269965142,0.011494944492104201,0.007594605168087865,0.011562353178021548,1.0031601232275502
300,16.0,0.25,emp,50000,0.951506,0.00021480766272179405,1000000,0.94752,0.0009972547277401092,0,0.94752,-2.010394729511401,-0.0057155474498859615,1.9543320394456205,0.012004447665130213,0.007374216557237775,0.009811320238593754,1.0123868673216243
300,16.0,0.25,G,50000,0.951506,0.00021480766272179405,1000000,0.9496,0.0009783643493096014,0,0.9496,-1.9852017484071487,-0.005591308902179109,1.9344171278415712,0.012400130501191054,0.007362833349888939,0.011483332335471488,1.0031895578884873
300,16.0,0.5,emp,50000,0.951489,0.00021484339151810086,1000000,0.94776,0.0009950978082580622,0,0.94776,-2.0131987694519315,-0.006639270482935718,1.947499349512139,0.012814474933196263,0.0072363504374963385,0.01019665173603921,1.012424465089022
300,16.0,0.5,G,50000,0.951489,0.00021484339151810086,1000000,0.94976,0.0009768924444379734,0,0.94976,-1.9879708321480958,-0.006711061124380414,1.9335163189499953,0.012623470282458476,0.007200267653894564,0.011432322758042667,1.0032433727246608
300,16.0,1.0,emp,50000,0.95151,0.00021479925488697587,1000000,0.9477,0.000995637584666228,0,0.9477,-2.018878794025061,-0.009321994884961226,1.939637479173657,0.013390195479267827,0.007364717502101413,0.010124155278300897,1.0125731588453575
300,16.0,1.0,G,50000,0.95151,0.00021479925488697587,1000000,0.94978,0.0009767082635055366,0,0.94978,-1.9928633595163443,-0.009219919351560458,1.9252436624904705,0.013604312312568489,0.007274052750389044,0.010973324486046692,1.0034221944626418
300,16.0,2.0,emp,50000,0.951461,0.00021490222306667746,1000000,0.9474,0.0009983310072315692,0,0.9474,-2.0363753871248678,-0.011381064480612432,1.9275668528027754,0.013352722370945789,0.00757517435687517,0.01057550247453798,1.0131399943509054
300,16.0,2.0,G,50000,0.951461,0.00021490222306667746,1000000,0.94982,0.0009763397728250141,0,0.94982,-2.008611756448628,-0.011126964696073806,1.9094549444736768,0.013440823840583468,0.007535756897026388,0.010305997127733776,1.0040382277861781
300,16.0,3.0,emp,50000,0.950924,0.00021602672571698162,1000000,0.9472,0.0010001215926076187,0,0.9472,-2.047654675071242,-0.014115263521284078,1.9132020611445402,0.013984233398033067,0.007244255015151814,0.00992508213251365,1.0139915392336352
300,16.0,3.0,G,50000,0.950924,0.00021602672571698162,1000000,0.94918,0.00098221512511262,0,0.94918,-2.0314651578155516,-0.013832029339964778,1.8985923253611927,0.012728554041371812,0.007222460734092833,0.009257499892232091,1.004921235580253
300,16.0,4.0,emp,50000,0.950582,0.00021673915492130156,1000000,0.94652,0.0010061798010296168,0,0.94652,-2.0648482010108418,-0.017788091656432203,1.9028526080145673,0.01429011572016987,0.007665516515680428,0.009536957135001039,1.0150108452585502
300,16.0,4.0,G,50000,0.950582,0.00021673915492130156,1000000,0.94836,0.0009896798512650444,0,0.94836,-2.0542558384295706,-0.017805231875418014,1.8846664926710728,0.013439474176851346,0.007619768617475872,0.009782049754664453,1.0059520204176557
300,16.0,6.0,emp,50000,0.949846,0.00021826263144203139,1000000,0.9458,0.0010125449125841285,0,0.9458,-2.088860821363959,-0.02328461909763138,1.8874941544672377,0.015524943165722529,0.007734083343944441,0.008480167463538368,1.0170639184413548
300,16.0,6.0,G,50000,0.949846,0.00021826263144203139,1000000,0.94782,0.000994557666503054,0,0.94782,-2.0708260146671877,-0.022984082768034028,1.8624403684032391,0.014407780340522165,0.007783116046224101,0.010052040545576155,1.0079695726112927
300,16.0,8.0,emp,50000,0.949048,0.00021989973555236486,1000000,0.94582,0.0010123687826083933,0,0.94582,-2.11327393637914,-0.027725444386159297,1.8743868549909868,0.01679812357116963,0.0073625350570299345,0.009593218232702054,1.0185363141769825
300,16.0,8.0,G,50000,0.949048,0.00021989973555236486,1000000,0.94864,0.0009871387987512188,0,0.94864,-2.096841162884361,-0.02757113723252105,1.8538938810735626,0.01506125161605959,0.007361050846748147,0.01092553688029671,1.0093495715687475
300,16.0,12.0,emp,50000,0.948344,0.00022133155596073514,1000000,0.94562,0.0010141283508511138,0,0.94562,-2.1239001780439333,-0.032468694140578916,1.8672083260483774,0.015444761881129098,0.006010728390352592,0.01123962015004104,1.0189935241772254
300,16.0,12.0,G,50000,0.948344,0.00022133155596073514,1000000,0.94864,0.0009871387987512188,0,0.94864,-2.1026530020590353,-0.032022868424047134,1.8492390047829121,0.015086036365609293,0.00602472686265723,0.010466747215867994,1.0095857844135603
300,16.0,16.0,emp,50000,0.948489,0.00022103759155175386,1000000,0.94598,0.0010109583532470561,0,0.94598,-2.106824576155013,-0.033913786893402055,1.870700563824507,0.01599866500410419,0.006323182517786801,0.011535383755816817,1.0174531940101532
300,16.0,16.0,G,50000,0.948489,0.00022103759155175386,1000000,0.94842,0.000989136023001892,0,0.94842,-2.0914810126814865,-0.033502559097430946,1.8540139351853233,0.014304524147890085,0.0062663523773848874,0.012787151963752425,1.0078909575789108
300,16.0,24.0,emp,50000,0.949254,0.00021947857181055274,1000000,0.94668,0.0010047584545551237,0,0.94668,-2.0850045387140277,-0.02566251695094784,1.894119612944841,0.014887785661761879,0.005598566606215134,0.01066895668016309,1.0141365071326556
300,16.0,24.0,G,50000,0.949254,0.00021947857181055274,1000000,0.94962,0.0009781805109487715,0,0.94962,-2.0562058628284308,-0.025163722339797263,1.8760385646559137,0.014181707744852714,0.005540004484121374,0.009873174227666271,1.004443044909399
300,16.0,32.0,emp,50000,0.949665,0.00021863528483527086,1000000,0.94794,0.0009934762845684843,0,0.94794,-2.053607704315034,-0.018325521541370668,1.9063508828327098,0.014074461443720376,0.00492008032913196,0.011942304809044907,1.0124654071759391
300,16.0,32.0,G,50000,0.949665,0.00021863528483527086,1000000,0.94988,0.0009757867144002325,0,0.94988,-2.0260293044270896,-0.01824095237046485,1.8893825878314505,0.012542932419963492,0.004996550884135761,0.011455934318192858,1.0027211900819177
300,16.0,48.0,emp,50000,0.949841,0.00021827293629536382,1000000,0.94696,0.0010022650188448161,0,0.94696,-2.0247683920573345,-0.010780344684122468,1.9428744660235444,0.013572803627757835,0.005444911249614266,0.014461683194129599,1.011550669800695
300,16.0,48.0,G,50000,0.949841,0.00021827293629536382,1000000,0.9496,0.0009783643493096014,0,0.9496,-1.997877215950732,-0.010684648886480146,1.9244444299473884,0.012938129048970995,0.005365255245245551,0.012590033147046398,1.0017488878314476
300,16.0,64.0,emp,50000,0.94984,0.0002182749971939067,1000000,0.94654,0.0010060022703751712,0,0.94654,-2.0183901516491654,-0.008827136587496438,1.9545074286184385,0.014496693899848548,0.005153695597216697,0.013810346743907362,1.011466399754616
300,16.0,64.0,G,50000,0.94984,0.0002182749971939067,1000000,0.94946,0.0009796500232225796,0,0.94946,-1.9929157658366663,-0.008864371238906463,1.9371394386780325,0.012923336098056019,0.005139308361910902,0.013082556993449807,1.0016269720318332
300,16.0,96.0,emp,50000,0.949735,0.0002184912578914772,1000000,0.94672,0.001004402724010643,0,0.94672,-2.014636255091455,-0.00527182848046625,1.965049039939606,0.014265543855829099,0.005816605919326023,0.013293321118795989,1.011569634636775
300,16.0,96.0,G,50000,0.949735,0.0002184912578914772,1000000,0.94856,0.000987865642686292,0,0.94856,-1.9909186581572667,-0.005362396075692856,1.9496970729262397,0.012519435559427297,0.005905854343088707,0.012767002337288683,1.0016843268588045
300,16.0,128.0,emp,50000,0.949765,0.00021842949611945733,1000000,0.9466,0.001005469442598829,0,0.9466,-2.011912571793051,-0.004293357639169649,1.9673645384456506,0.014814352696083666,0.005358750598033918,0.012985113645409708,1.0116590635111202
300,16.0,128.0,G,50000,0.949765,0.00021842949611945733,1000000,0.9489,0.000984771953296803,0,0.9489,-1.9875776601256967,-0.004378595656671501,1.9525752273372259,0.013334615999601512,0.005440289738056383,0.012399666643128379,1.0017475663326176
300,16.0,192.0,emp,50000,0.949732,0.0002184974328819448,1000000,0.94626,0.0010084841337373632,0,0.94626,-2.0092173587632574,-0.004486052187554983,1.971793406759908,0.01476185414851564,0.005340761398727982,0.01230679903906001,1.0117543971189786
300,16.0,192.0,G,50000,0.949732,0.0002184974328819448,1000000,0.94888,0.0009849542689891755,0,0.94888,-1.9878889156959672,-0.004476500243616313,1.953296119844359,0.013045109539410899,0.005232242899792305,0.012172375870778305,1.001814637047042
300,16.0,256.0,emp,50000,0.949646,0.00021867435762795785,1000000,0.94582,0.0010123687826083933,0,0.94582,-2.0074442932711443,-0.003769428504077691,1.971635913152473,0.014986944068243255,0.005254931881201274,0.011652323963796955,1.0118002086493514
300,16.0,256.0,G,50000,0.949646,0.00021867435762795785,1000000,0.94902,0.000983677178753274,0,0.94902,-1.9846447528326525,-0.0038209988501269245,1.955339173496549,0.013001637796062055,0.005281106892353959,0.011686805996831334,1.0018455988491703
300,16.0,512.0,emp,50000,0.949597,0.00021877508448404258,1000000,0.9462,0.00100901496520121,0,0.9462,-2.0086232430587083,-0.004067963221145034,1.9723936833280946,0.015510487559856512,0.005718154898861661,0.011313802536688119,1.0118629268555839
300,16.0,512.0,G,50000,0.949597,0.00021877508448404258,1000000,0.94884,0.0009853187748135115,0,0.94884,-1.982222254913867,-0.004363346702112026,1.9562717744551268,0.012741447050488925,0.005713442295239501,0.011659033103054373,1.0018852460569436
300,16.0,1024.0,emp,50000,0.949505,0.00021896404950356567,1000000,0.94634,0.001007775812370986,0,0.94634,-2.010200710318107,-0.0027511391233662986,1.9717700544394237,0.015158079576117364,0.005527835181657088,0.011701448097672332,1.0118907054377582
300,16.0,1024.0,G,50000,0.949505,0.00021896404950356567,1000000,0.94898,0.000984042271449758,0,0.94898,-1.984619700163651,-0.0028330490767393517,1.9593539411198844,0.012378140482012408,0.005524686821990313,0.011221210299787506,1.0019011733981997
300,16.0,2048.0,emp,50000,0.949472,0.0002190317812921221,1000000,0.9464,0.0010072441610652302,0,0.9464,-2.0077661483971987,-0.002269791136560508,1.9703876222322114,0.01452891984646179,0.00561230870660643,0.011425307481425211,1.0119035720939988
300,16.0,2048.0,G,50000,0.949472,0.0002190317812921221,1000000,0.94874,0.0009862293080212124,0,0.94874,-1.9858788987450757,-0.0023383767878013446,1.9609625408413973,0.012495967225092833,0.005570882446261112,0.010793300731960265,1.0019080454782734
300,16.0,4096.0,emp,50000,0.949475,0.00021902562492776969,1000000,0.94646,0.0010067121574710422,0,0.94646,-2.006926661272002,-0.002293915258896458,1.9704294807560803,0.014184439556105582,0.005588746559905599,0.011257047527643456,1.0119097390036718
300,16.0,4096.0,G,50000,0.949475,0.00021902562492776969,1000000,0.94886,0.0009851365428203338,0,0.94886,-1.9851006857323836,-0.0023413562976514635,1.9608526190404365,0.012496289898112552,0.005585530340868201,0.010620830961673792,1.0019111992399627
300,16.0,8192.0,emp,50000,0.949459,0.00021905845639691692,1000000,0.94652,0.0010061798010296168,0,0.94652,-2.0072548742107825,-0.0025777462756180858,1.9710985812128043,0.014049093434584214,0.005539112405626894,0.011251748047823092,1.0119127548418965
300,16.0,8192.0,G,50000,0.949459,0.00021905845639691692,1000000,0.94874,0.0009862293080212124,0,0.94874,-1.985499612554241,-0.002586427195324965,1.961512702144172,0.012496403441373316,0.005616566581548811,0.010565102689197825,1.0019127047196625
300,24.0,0.0,emp,50000,0.950595,0.00021671212696801264,1000000,0.94618,0.0010091918311203275,0,0.94618,-2.014869302804643,-0.005045253527118097,1.969763325969062,0.011393927361621951,0.007602878439863956,0.010129702727204008,1.01572644976911
300,24.0,0.0,G,50000,0.950595,0.00021671212696801264,1000000,0.94864,0.0009871387987512188,0,0.94864,-1.9880001536860776,-0.005168001464918174,1.9511109408678637,0.011737905073973777,0.007594636995149754,0.01184467834390617,1.0064820856060166
300,24.0,0.25,emp,50000,0.950559,0.00021678696344337674,1000000,0.94648,0.001006534744556789,0,0.94648,-2.0145729905891256,-0.004797142897497277,1.9657020657422641,0.011892469860987106,0.007339240722500378,0.009731866535961389,1.0157235432897687
300,24.0,0.25,G,50000,0.950559,0.00021678696344337674,1000000,0.94874,0.0009862293080212124,0,0.94874,-1.991989414390213,-0.004696893332530715,1.948143790993588,0.012538150603613083,0.007461606343694883,0.01170733338438361,1.006489090191325
300,24.0,0.5,emp,50000,0.950552,0.00021680151128624552,1000000,0.94676,0.0010040468355609709,0,0.94676,-2.0166029023632506,-0.005754462252201274,1.9609911379577307,0.012470614140881344,0.007299812477691481,0.009732747261096086,1.0157238711580445
300,24.0,0.5,G,50000,0.950552,0.00021680151128624552,1000000,0.94898,0.000984042271449758,0,0.94898,-1.992307553168625,-0.005720985407214205,1.9449655097597902,0.012792211796492831,0.0072641114249251335,0.011695634003994808,1.0064990502047668
300,24.0,1.0,emp,50000,0.950547,0.00021681190186657181,1000000,0.94682,0.0010035127064467097,0,0.94682,-2.020430845046375,-0.006389206198613733,1.956557275483327,0.013024793120113651,0.007488712894867054,0.010212784227751385,1.015734132696927
300,24.0,1.0,G,50000,0.950547,0.00021681190186657181,1000000,0.94894,0.000984407196235379,0,0.94894,-1.9934455113649465,-0.006404466390491131,1.9394237018423002,0.013306597736336917,0.007416355409359664,0.01113320967153317,1.0065276717209641
300,24.0,2.0,emp,50000,0.950596,0.0002167100477227579,1000000,0.94654,0.0010060022703751712,0,0.94654,-2.0207171661060874,-0.008722988968422826,1.951388255847018,0.013056474066088267,0.0072519386251079605,0.01021636624573246,1.015791425173748
300,24.0,2.0,G,50000,0.950596,0.0002167100477227579,1000000,0.94896,0.0009842247548197513,0,0.94896,-1.9990940806942208,-0.008788161870728187,1.934945448058139,0.013952489352699864,0.007302620689434899,0.010606951022326639,1.0066176114679353
300,24.0,3.0,emp,50000,0.950643,0.00021661229547511836,1000000,0.9464,0.0010072441610652302,0,0.9464,-2.0279332259033067,-0.008808303916817542,1.9462781204955406,0.01359783507238591,0.007529186504769655,0.01096564810817116,1.0158922383668896
300,24.0,3.0,G,50000,0.950643,0.00021661229547511836,1000000,0.94918,0.00098221512511262,0,0.94918,-2.0050012258416268,-0.00899572012572694,1.9279700684186585,0.013697469140452853,0.007441587490435346,0.01006398173809384,1.0067448540977533
300,24.0,4.0,emp,50000,0.95054,0.00021682644764880495,1000000,0.94682,0.0010035127064467097,0,0.94682,-2.0305526115915433,-0.008922885864234904,1.9377610596032837,0.01376956191348736,0.007166621715931375,0.009857166191579694,1.0160269383183673
300,24.0,4.0,G,50000,0.95054,0.00021682644764880495,1000000,0.94858,0.0009876839939980805,0,0.94858,-2.0171725243260665,-0.00890543992905805,1.921006732179947,0.013341545382522885,0.007195583041325787,0.009313692535672307,1.0068990049630924
300,24.0,6.0,emp,50000,0.950224,0.00021748183791756045,1000000,0.94662,0.0010052917546662758,0,0.94662,-2.043725944985837,-0.01233252556523206,1.9277513390166747,0.01364894987247824,0.00774843625154692,0.009597756829019552,1.0163485444936613
300,24.0,6.0,G,50000,0.950224,0.00021748183791756045,1000000,0.94822,0.000990947340679615,0,0.94822,-2.0319403726851983,-0.012596554439314924,1.9131412138450528,0.012987641546138217,0.007657938466512549,0.00982315804712661,1.0072370024140238
300,24.0,8.0,emp,50000,0.949983,0.00021798004429534365,1000000,0.94612,0.0010097221954577411,0,0.94612,-2.056875380874207,-0.017256167940492874,1.924663056665916,0.013449227520355708,0.007629199446000866,0.00899848121724184,1.0166533077718343
300,24.0,8.0,G,50000,0.949983,0.00021798004429534365,1000000,0.94788,0.000994017158805622,0,0.94788,-2.0364001245766956,-0.01671686460044749,1.9023187281443166,0.014035179551153378,0.0076640198610404015,0.011222396228077813,1.0075289185243232
300,24.0,12.0,emp,50000,0.949478,0.00021901946834927702,1000000,0.94628,0.001008307111945562,0,0.94628,-2.073266557391947,-0.019967042740612694,1.907382054536299,0.015697658113704945,0.007389144922025621,0.009844651731548524,1.0169076787762275
300,24.0,12.0,G,50000,0.949478,0.00021901946834927702,1000000,0.9486,0.0009875023037947811,0,0.9486,-2.057187296444256,-0.01957889883010791,1.8876516469742501,0.015344399714267784,0.0074034210090311095,0.010671071777053696,1.0076934257551158
300,24.0,16.0,emp,50000,0.949112,0.0002197689956659038,1000000,0.94604,0.0010104288040233217,0,0.94604,-2.08001687057434,-0.022657678988725942,1.901375277669966,0.01597730334213673,0.006652081180453217,0.01056436335560162,1.016555539257583
300,24.0,16.0,G,50000,0.949112,0.0002197689956659038,1000000,0.9489,0.000984771953296803,0,0.9489,-2.0567212556059653,-0.022450087189488682,1.879887608059065,0.01504951537477071,0.006662583317496522,0.01002858471081399,1.0072190871209838
300,24.0,24.0,emp,50000,0.949133,0.00021972607562826947,1000000,0.94658,0.0010056470911805992,0,0.94658,-2.0634928762517593,-0.026968267830700443,1.9032867464585788,0.015261164678598208,0.006294615122462352,0.011965674832837893,1.0149078843846455
300,24.0,24.0,G,50000,0.949133,0.00021972607562826947,1000000,0.94888,0.0009849542689891755,0,0.94888,-2.049116747068817,-0.02714566668903276,1.8812809148455858,0.013580019308859942,0.006243389708143257,0.01279262104505605,1.0053780039761586
300,24.0,32.0,emp,50000,0.949453,0.0002190707666280465,1000000,0.94696,0.0010022650188448161,0,0.94696,-2.0606169626717055,-0.024151470516911383,1.9107069898423517,0.015068080437598335,0.0057282557968658,0.011838847396461077,1.0133954955275417
300,24.0,32.0,G,50000,0.949453,0.0002190707666280465,1000000,0.94934,0.0009807503698699282,0,0.94934,-2.0402391363897556,-0.023883543574028727,1.896119783746334,0.013079516222448292,0.005736972750026348,0.010511239825101519,1.0037633937107875
300,24.0,48.0,emp,50000,0.949806,0.00021834505344522912,1000000,0.94778,0.0009949178016298637,0,0.94778,-2.0331371216050345,-0.015053504884412386,1.9250090975233374,0.013543577814527332,0.005005302984175634,0.011919199989085054,1.0119494336635935
300,24.0,48.0,G,50000,0.949806,0.00021834505344522912,1000000,0.95012,0.0009735705993917445,0,0.95012,-2.006178939119476,-0.014716783480798506,1.9079073493102088,0.012384504046216365,0.005053486953862204,0.011595149307162501,1.0022258875285917
300,24.0,64.0,emp,50000,0.949744,0.00021847273162571107,1000000,0.9473,0.0009992268010817161,0,0.9473,-2.0200785941240302,-0.010241151272075527,1.9493751886433097,0.014351333544430255,0.005290634639708013,0.01364961750642349,1.0115656791561949
300,24.0,64.0,G,50000,0.949744,0.00021847273162571107,1000000,0.95006,0.0009741252116642911,0,0.95006,-1.9919137175204678,-0.010379175078314484,1.9257993549521055,0.012515819290853714,0.005181621378957812,0.012165321855801305,1.0017933996140964
300,24.0,96.0,emp,50000,0.949781,0.00021839654768104742,1000000,0.9464,0.0010072441610652302,0,0.9464,-2.014703340408977,-0.007423406310685435,1.9603360773481149,0.014521095282934576,0.005128951950073583,0.013841453656483912,1.0115096351034094
300,24.0,96.0,G,50000,0.949781,0.00021839654768104742,1000000,0.94938,0.0009803837575153925,0,0.94938,-1.98614203062739,-0.007267804103352153,1.9427221358156503,0.012879404708404712,0.005086749515236271,0.01307620781441148,1.0016775232896702
300,24.0,128.0,emp,50000,0.94972,0.0002185221306870313,1000000,0.9467,0.0010045806090105463,0,0.9467,-2.0113410047138807,-0.006633141810654357,1.9605668307540995,0.014898834436031575,0.005480762029529259,0.01367274477147537,1.0115818291399683
300,24.0,128.0,G,50000,0.94972,0.0002185221306870313,1000000,0.94882,0.0009855009649919172,0,0.94882,-1.9874576199052585,-0.006539101721869663,1.9499688919800762,0.012649898806433035,0.0054935977478617875,0.012134212118761619,1.0017136733070762
300,24.0,192.0,emp,50000,0.949744,0.00021847273162571107,1000000,0.94664,0.0010051140273620697,0,0.94664,-2.010404530164514,-0.0039632962180037555,1.9688277840862212,0.014790902519708344,0.0053802083274889475,0.012974419507634094,1.0116906945003623
300,24.0,192.0,G,50000,0.949744,0.00021847273162571107,1000000,0.94888,0.0009849542689891755,0,0.94888,-1.9862649650446116,-0.004011177071495775,1.9542971537488807,0.013317949920531152,0.005437378776750918,0.01239935923593159,1.001781969693548
300,24.0,256.0,emp,50000,0.949725,0.00021851184035424708,1000000,0.94622,0.0010088380603446724,0,0.94622,-2.010414777230328,-0.004228589086520906,1.9696401197449729,0.01475283182756328,0.005336665876426144,0.012298275551551673,1.0117504032857778
300,24.0,256.0,G,50000,0.949725,0.00021851184035424708,1000000,0.94918,0.00098221512511262,0,0.94918,-1.9857634372931958,-0.004181330016923955,1.9542965999100181,0.013454262236069344,0.005207301330141675,0.012685534113828622,1.0018197685363892
300,24.0,512.0,emp,50000,0.94963,0.00021870725433784774,1000000,0.94604,0.0010104288040233217,0,0.94604,-2.0099789904353433,-0.003874277031405483,1.9718887672182612,0.015371711515277445,0.005504346196910932,0.01077147069247293,1.0118378370146401
300,24.0,512.0,G,50000,0.94963,0.00021870725433784774,1000000,0.94882,0.0009855009649919172,0,0.94882,-1.9829626827686522,-0.0038125834371311495,1.955281251939358,0.01285743878140758,0.005425721738536862,0.011284704801775394,1.001872565924055
300,24.0,1024.0,emp,50000,0.949552,0.0002188675382417412,1000000,0.94636,0.0010075986343777966,0,0.94636,-2.0114643570933177,-0.0031565226570579915,1.9708014136208747,0.015467964459982945,0.00559543808074441,0.01159698283390653,1.011878345817904
300,24.0,1024.0,G,50000,0.949552,0.0002188675382417412,1000000,0.94894,0.000984407196235379,0,0.94894,-1.983365127039285,-0.002862073065731787,1.9586498778269377,0.012575737948192875,0.005629412208374067,0.011307097885108114,1.001895095359262
300,24.0,2048.0,emp,50000,0.949484,0.00021900715454980005,1000000,0.94636,0.0010075986343777966,0,0.94636,-2.0097778960793113,-0.0025982078738409887,1.9715419587722718,0.014883391741250616,0.0055095910166234364,0.011735620456864215,1.011897459401692
300,24.0,2048.0,G,50000,0.949484,0.00021900715454980005,1000000,0.949,0.0009838597461020553,0,0.949,-1.9843105172000712,-0.002673208812969504,1.9595083379969964,0.012488740916190413,0.0055900350049542784,0.011076673261033659,1.001905088585364
300,24.0,4096.0,emp,50000,0.949461,0.00021905435279628662,1000000,0.94636,0.0010075986343777966,0,0.94636,-2.007915725967108,-0.002278796298878368,1.9702368593277557,0.014341804690203219,0.005625918565092611,0.011316285439142438,1.011906701476521
300,24.0,4096.0,G,50000,0.949461,0.00021905435279628662,1000000,0.94882,0.0009855009649919172,0,0.94882,-1.9855324423854055,-0.0023923548528040537,1.961235513949586,0.012492219756399617,0.005612662065037757,0.010674585616416623,1.0019097428097903
300,24.0,8192.0,emp,50000,0.949468,0.00021903998944485003,1000000,0.9465,0.0010063572924165652,0,0.9465,-2.0074061014651647,-0.0022444905245841,1.970752448820943,0.014110450567632132,0.005566914695030308,0.011253982437656846,1.0119112410021394
300,24.0,8192.0,G,50000,0.949468,0.00021903998944485003,1000000,0.9488,0.0009856831133787372,0,0.9488,-1.9860079336174055,-0.0022722514805988423,1.9607398852216644,0.012509614872548078,0.0055880020320688735,0.010580456420165545,1.0019119821563558
300,32.0,0.0,emp,50000,0.95025,0.00021742800532590086,1000000,0.94578,0.001012721004028257,0,0.94578,-2.0164724344862446,-0.005045242847933553,1.9706468280875096,0.011431576840555045,0.007602902502590018,0.010199795269129161,1.0169087935970724
300,32.0,0.0,G,50000,0.95025,0.00021742800532590086,1000000,0.94822,0.000990947340679615,0,0.94822,-1.9907503223514067,-0.00516800152601844,1.9541237443048725,0.011836815589777287,0.007594647955934605,0.011930744992827204,1.0076494016847153
300,32.0,0.25,emp,50000,0.950269,0.00021738865572747804,1000000,0.9461,0.0010098989058316674,0,0.9461,-2.0172904169228167,-0.005087174708315627,1.9679394331633724,0.011840602460025914,0.007316602034527437,0.009901851256946655,1.0169035700490636
300,32.0,0.25,G,50000,0.950269,0.00021738865572747804,1000000,0.94826,0.0009905854067166547,0,0.94826,-1.9948678764169119,-0.004891967924442033,1.9520470022499625,0.012569684238197551,0.007471762757861643,0.011777290293831084,1.0076511182247203
300,32.0,0.5,emp,50000,0.95024,0.0002174487121139144,1000000,0.94628,0.001008307111945562,0,0.94628,-2.018592826188922,-0.005452995192770144,1.9681551766961018,0.012472567852428102,0.007367013356724484,0.009766807507060044,1.0168985958618213
300,32.0,0.5,G,50000,0.95024,0.0002174487121139144,1000000,0.9486,0.0009875023037947811,0,0.9486,-1.9942099983484836,-0.0053256456411356085,1.949083718404139,0.012669213322752532,0.007357413240036738,0.011765868977792648,1.0076529342543044
300,32.0,1.0,emp,50000,0.950213,0.00021750460829830716,1000000,0.94636,0.0010075986343777966,0,0.94636,-2.0198484710786637,-0.005627659476434123,1.963783123011723,0.012766797495296653,0.007231985666038165,0.010083911901635502,1.016889395031841
300,32.0,1.0,G,50000,0.950213,0.00021750460829830716,1000000,0.94856,0.000987865642686292,0,0.94856,-1.994667620251687,-0.00575918606725238,1.9490668869413217,0.012749278110630115,0.00718548071479119,0.01158691333066779,1.0076568390361866
300,32.0,2.0,emp,50000,0.950297,0.00021733065083186047,1000000,0.9464,0.0010072441610652302,0,0.9464,-2.020509657297637,-0.007849204971879898,1.960674712551432,0.013066554836737848,0.007366980026980607,0.009644851321774563,1.0168738554181036
300,32.0,2.0,G,50000,0.950297,0.00021733065083186047,1000000,0.9485,0.0009884103398892586,0,0.9485,-1.9947555523683596,-0.007721156317184546,1.9444312981542495,0.013714485274894161,0.007231608047803276,0.011327368729368485,1.0076654402467646
300,32.0,3.0,emp,50000,0.9503,0.0002173244348894067,1000000,0.94634,0.001007775812370986,0,0.94634,-2.0191323625566002,-0.007900278994142024,1.9581833144002145,0.013050432651823273,0.007202970788261855,0.010242444623231326,1.0168615747465855
300,32.0,3.0,G,50000,0.9503,0.0002173244348894067,1000000,0.94872,0.000986411289473108,0,0.94872,-1.9993048044128774,-0.007647772147201935,1.9394764423079558,0.014354279740026779,0.007250446083292261,0.010270543855207852,1.0076742350595895
300,32.0,4.0,emp,50000,0.950327,0.00021726848154069649,1000000,0.94622,0.0010088380603446724,0,0.94622,-2.0238608832669582,-0.007183419238692064,1.9545108864155296,0.013353936793208409,0.007493266871669795,0.011129419469064523,1.0168514488597449
300,32.0,4.0,G,50000,0.950327,0.00021726848154069649,1000000,0.94904,0.0009834945693800246,0,0.94904,-2.001826349506714,-0.007194444670713905,1.9363066679909533,0.013869017120105468,0.007405756983535404,0.010209833939500135,1.0076817990488056
300,32.0,6.0,emp,50000,0.950244,0.0002174404296905247,1000000,0.94658,0.0010056470911805992,0,0.94658,-2.0278759635908123,-0.00776688741426949,1.949099178323895,0.013719258252518508,0.0071242207048169,0.009710284570606728,1.0168312941017021
300,32.0,6.0,G,50000,0.950244,0.0002174404296905247,1000000,0.94818,0.000991309110217393,0,0.94818,-2.0126969380059836,-0.007636415268634225,1.9322395765033804,0.012909780092515113,0.007151176412554865,0.009561792433807234,1.0076859439405055
300,32.0,8.0,emp,50000,0.950149,0.0002176370322325683,1000000,0.94642,0.0010070668657045565,0,0.94642,-2.0323152736541656,-0.00974051546676936,1.9387527992880826,0.013566989732973753,0.007771300455035024,0.009726075684521579,1.0167985113098335
300,32.0,8.0,G,50000,0.950149,0.0002176370322325683,1000000,0.94822,0.000990947340679615,0,0.94822,-2.0219838276059927,-0.009666042904594777,1.9268520240668827,0.012776488460062787,0.0076867715735314,0.009969808172332933,1.0076620366475402
300,32.0,12.0,emp,50000,0.94988,0.0002181925424940093,1000000,0.94616,0.001009368658122492,0,0.94616,-2.0388030224699696,-0.013304083524893848,1.9357994498338453,0.014828814734841964,0.007646831975905236,0.008955130513816616,1.0166369869627392
300,32.0,12.0,G,50000,0.94988,0.0002181925424940093,1000000,0.9483,0.0009902233081482174,0,0.9483,-2.0244763687501415,-0.012998363380597898,1.9075745847443424,0.014252972827025239,0.007669465117791889,0.010782242492676248,1.0074755181889192
300,32.0,16.0,emp,50000,0.949676,0.00021861265979810051,1000000,0.94644,0.00100688953118006,0,0.94644,-2.0553148611082355,-0.015787534825712383,1.9257416340069018,0.01556221622070494,0.007443061221682638,0.010063701044756212,1.016294868500364
300,32.0,16.0,G,50000,0.949676,0.00021861265979810051,1000000,0.94876,0.0009860472848702536,0,0.94876,-2.039697434427091,-0.01561122801772228,1.904836972815295,0.015227172664633179,0.00745286253073138,0.010786193125080168,1.0070679809674699
300,32.0,24.0,emp,50000,0.949247,0.00021949289963686764,1000000,0.94624,0.0010086611165302252,0,0.94624,-2.058666309703122,-0.02123913720792705,1.9167315401663867,0.014959051547743374,0.0060806303619760655,0.011871080058669659,1.0151793393086455
300,32.0,24.0,G,50000,0.949247,0.00021949289963686764,1000000,0.94932,0.0009809336124325637,0,0.94932,-2.036155245096371,-0.02100594181547541,1.8989155801351978,0.01448934974104514,0.006057933227437151,0.010811095147979288,1.0057900525323293
300,32.0,32.0,emp,50000,0.949383,0.00021921432277796087,1000000,0.94704,0.0010015511809188784,0,0.94704,-2.042543234657806,-0.02338054929446695,1.9188321075368684,0.014379079617460816,0.0062909570781870955,0.012164628807017228,1.013966478179299
300,32.0,32.0,G,50000,0.949383,0.00021921432277796087,1000000,0.94886,0.0009851365428203338,0,0.94886,-2.028982980851961,-0.023578157369520125,1.8966349754622418,0.012983065392237559,0.006172229867209268,0.012897596260786445,1.0044501561260353
300,32.0,48.0,emp,50000,0.949723,0.0002185159565592408,1000000,0.94714,0.0010006579875262078,0,0.94714,-2.039779324140138,-0.017877355868963156,1.931871170028958,0.014700680247549006,0.0056203475826620795,0.01098661292275236,1.0123764496303602
300,32.0,48.0,G,50000,0.949723,0.0002185159565592408,1000000,0.94936,0.0009805670849054645,0,0.94936,-2.0143022218081574,-0.017458615326285763,1.9116687615377923,0.01343186701104169,0.005633775468235169,0.009950339386419694,1.0027266349303956
300,32.0,64.0,emp,50000,0.949793,0.00021837183232047123,1000000,0.9476,0.000996536401743559,0,0.9476,-2.023719984381767,-0.013020611235625895,1.93453496304243,0.013401800469734836,0.0049129190767123725,0.01203161797100009,1.0117436420784558
300,32.0,64.0,G,50000,0.949793,0.00021837183232047123,1000000,0.95012,0.0009735705993917445,0,0.95012,-1.996222657852086,-0.013150111314206767,1.916524715643635,0.012305444375419087,0.004989409505225149,0.011653798103257264,1.0020301610601394
300,32.0,96.0,emp,50000,0.949866,0.0002182214060169167,1000000,0.94714,0.0010006579875262078,0,0.94714,-2.011026069081827,-0.008148661351401774,1.9568544436431141,0.013770355816843754,0.005458769596979689,0.015147903304165055,1.0114852358310333
300,32.0,96.0,G,50000,0.949866,0.0002182214060169167,1000000,0.94982,0.0009763397728250141,0,0.94982,-1.983965330868944,-0.008030465256706872,1.9381955772454804,0.01283663827467386,0.0053926872731678505,0.012943508134930675,1.001700500087809
300,32.0,128.0,emp,50000,0.949761,0.0002184377322694045,1000000,0.94646,0.0010067121574710422,0,0.94646,-2.0118131862036734,-0.006702676997826388,1.9628422661189433,0.014533660290099731,0.005135229766683015,0.013834713056014955,1.011517158758398
300,32.0,128.0,G,50000,0.949761,0.0002184377322694045,1000000,0.94932,0.0009809336124325637,0,0.94932,-1.9824045011726104,-0.00665445668192991,1.9453228047689555,0.012895728350440023,0.00504674451442443,0.013046509429130701,1.0016890165635313
300,32.0,192.0,emp,50000,0.949694,0.00021857563076427335,1000000,0.94672,0.001004402724010643,0,0.94672,-2.010990936971958,-0.004583837139381275,1.9678381010050583,0.014283160190671287,0.005773111264682898,0.013220254035128687,1.0116279050657173
300,32.0,192.0,G,50000,0.949694,0.00021857563076427335,1000000,0.94864,0.0009871387987512188,0,0.94864,-1.9865582537166686,-0.004589102526635311,1.9531640961031915,0.012419247472066724,0.00589534560767875,0.012946171283670394,1.001748973429125
300,32.0,256.0,emp,50000,0.949742,0.00021847684874146283,1000000,0.94658,0.0010056470911805992,0,0.94658,-2.0091349572271726,-0.003890086655636003,1.969709435775222,0.014774769228582795,0.005389683349018278,0.012959651599816763,1.0116997646833217
300,32.0,256.0,G,50000,0.949742,0.00021847684874146283,1000000,0.94898,0.000984042271449758,0,0.94898,-1.9855266420114026,-0.0037878212308120065,1.9550043278857292,0.01330875538144429,0.005436491546577697,0.0124036409301566,1.0017925366134945
300,32.0,512.0,emp,50000,0.949631,0.00021870519847273862,1000000,0.94582,0.0010123687826083933,0,0.94582,-2.007095999884734,-0.0035420030933842705,1.9723794165245578,0.014991033704124482,0.005255758389015237,0.011651571591758912,1.011812101878498
300,32.0,512.0,G,50000,0.949631,0.00021870519847273862,1000000,0.949,0.0009838597461020553,0,0.949,-1.9840834490656112,-0.0036221498670976422,1.9561006638326757,0.012997657241896637,0.005286519223021228,0.01168910550396742,1.0018591676191875
300,32.0,1024.0,emp,50000,0.949589,0.00021879152423940007,1000000,0.94622,0.0010088380603446724,0,0.94622,-2.008662940812139,-0.004057452303905765,1.9722859874928746,0.015505674604403826,0.005717498822153861,0.011322041836909044,1.011865783382893
300,32.0,1024.0,G,50000,0.949589,0.00021879152423940007,1000000,0.94884,0.0009853187748135115,0,0.94884,-1.982105098669558,-0.004346214685690327,1.9564195486147593,0.012739511086174504,0.00571162947625901,0.01165921680487186,1.0018888070810992
300,32.0,2048.0,emp,50000,0.949503,0.00021896815519842152,1000000,0.94634,0.001007775812370986,0,0.94634,-2.0102221761397256,-0.0027407185745456407,1.9719960555500466,0.015172990886134902,0.005527710482908888,0.011706921105209022,1.0118912918475114
300,32.0,2048.0,G,50000,0.949503,0.00021896815519842152,1000000,0.94894,0.000984407196235379,0,0.94894,-1.984592441559446,-0.0028269467349449524,1.9593939940270688,0.012377715987853439,0.005524100599815713,0.011221776515839301,1.0019020764430722
300,32.0,4096.0,emp,50000,0.949471,0.00021903383336598946,1000000,0.9464,0.0010072441610652302,0,0.9464,-2.0077410895036905,-0.0022685185716905657,1.9702772537975415,0.014533953195857754,0.005612311728945862,0.011426079262309412,1.0119036497827594
300,32.0,4096.0,G,50000,0.949471,0.00021903383336598946,1000000,0.94874,0.0009862293080212124,0,0.94874,-1.9858721047783279,-0.0023353186339292705,1.960971880237557,0.012495998494668396,0.005570909690885343,0.010793334734650866,1.0019082723064878
300,32.0,8192.0,emp,50000,0.949474,0.00021902767707301278,1000000,0.94644,0.00100688953118006,0,0.94644,-2.00691762320932,-0.0022929577113462224,1.9703806940251765,0.01418433913548588,0.00558872173874317,0.01125754377527088,1.0119097235687233
300,32.0,8192.0,G,50000,0.949474,0.00021902767707301278,1000000,0.94886,0.0009851365428203338,0,0.94886,-1.9850974870684241,-0.002340705196472519,1.9608547150702322,0.01249624022517104,0.005585512636104213,0.010620886134116755,1.0019112560469567
300,48.0,0.0,emp,50000,0.950008,0.0002179284284713677,1000000,0.94552,0.0010150066955444182,0,0.94552,-2.0190173911308795,-0.00504523236009722,1.9718624531028488,0.01136333934522689,0.007602923617117651,0.0102560464683765,1.017758915077485
300,48.0,0.0,G,50000,0.950008,0.0002179284284713677,1000000,0.94796,0.000993295911599358,0,0.94796,-1.9932500011052803,-0.005168001568796985,1.956279276437462,0.011900464266475619,0.0075946557170630796,0.011978743704593797,1.008484679051656
300,48.0,0.25,emp,50000,0.95001,0.00021792429855341965,1000000,0.94576,0.0010128970569608735,0,0.94576,-2.0187497973972084,-0.004872004997167211,1.9707292374069671,0.011724891044642968,0.00736203748634312,0.010050937847157751,1.017753738965641
300,48.0,0.25,G,50000,0.95001,0.00021792429855341965,1000000,0.94802,0.000992754547710561,0,0.94802,-1.995506099715895,-0.005012064400816883,1.9552800606968144,0.012369092484159029,0.00745497832326765,0.011756244769584385,1.0084838225171064
300,48.0,0.5,emp,50000,0.949995,0.00021795527058320928,1000000,0.94576,0.0010128970569608735,0,0.94576,-2.0181651275658603,-0.004666995287610882,1.9700081650932855,0.012183464579769574,0.00733507614044999,0.009877362542638784,1.017748169370495
300,48.0,0.5,G,50000,0.949995,0.00021795527058320928,1000000,0.94812,0.0009918514566203958,0,0.94812,-1.995881456051339,-0.004593388258415742,1.9542256379821583,0.012637597284994601,0.0074574061295935214,0.011902639357631372,1.0084825091480805
300,48.0,1.0,emp,50000,0.950023,0.00021789745173131337,1000000,0.94608,0.001010075577370327,0,0.94608,-2.0214557317067268,-0.005314739016623677,1.9691332164607007,0.012598836721255186,0.007296374676059697,0.009724308136633768,1.0177358556709781
300,48.0,1.0,G,50000,0.950023,0.00021789745173131337,1000000,0.94832,0.000990042197080508,0,0.94832,-1.9948115629098946,-0.005440548503580991,1.9521644120945116,0.012853462157184758,0.0072699031457745065,0.01184767563327727,1.008478511378397
300,48.0,2.0,emp,50000,0.949967,0.00021801307050495848,1000000,0.946,0.0010107818755794946,0,0.946,-2.0204438767584127,-0.005851615912515387,1.9658061809330611,0.012852489909455495,0.007469885457082654,0.00997846868185469,1.0177065740181024
300,48.0,2.0,G,50000,0.949967,0.00021801307050495848,1000000,0.94836,0.0009896798512650444,0,0.94836,-1.9947965010882285,-0.005947270101542065,1.9484248251225018,0.013297244814416881,0.00740264135372168,0.011349705269341688,1.008465031170387
300,48.0,3.0,emp,50000,0.950063,0.00021781482050356446,1000000,0.94614,0.0010095454462281529,0,0.94614,-2.0190411569371625,-0.0073245826647628555,1.9666559497357763,0.012966615355064348,0.007342061672778869,0.009604251962370653,1.0176711753795207
300,48.0,3.0,G,50000,0.950063,0.00021781482050356446,1000000,0.9483,0.0009902233081482174,0,0.9483,-1.9932163079832517,-0.007137548636866935,1.949874393203536,0.0137144585041759,0.007230200007089976,0.01139593312842794,1.008444245629573
300,48.0,4.0,emp,50000,0.950054,0.0002178334159030704,1000000,0.94626,0.0010084841337373632,0,0.94626,-2.0160562194995255,-0.007219530909580557,1.9649510415377007,0.013157866392000426,0.007281579478628232,0.00993535132066473,1.017629773643451
300,48.0,4.0,G,50000,0.950054,0.0002178334159030704,1000000,0.94846,0.0009887732642016574,0,0.94846,-1.9955807530462288,-0.007205975348892304,1.948105028570769,0.013855384205421309,0.007257181063489049,0.010909003488166327,1.0084161778426113
300,48.0,6.0,emp,50000,0.950131,0.00021767425855851686,1000000,0.9462,0.00100901496520121,0,0.9462,-2.0206838503683415,-0.005877610036764498,1.9628206547368334,0.01333460155129532,0.007499602887269477,0.011258617892182403,1.0175294572385116
300,48.0,6.0,G,50000,0.950131,0.00021767425855851686,1000000,0.94892,0.000984589595719963,0,0.94892,-1.9981830142666017,-0.00595580886667546,1.943250674331915,0.013984891366381433,0.0073982828520925414,0.01034807555617984,1.0083383781946964
300,48.0,8.0,emp,50000,0.950181,0.00021757083269363097,1000000,0.9466,0.001005469442598829,0,0.9466,-2.0159037721616655,-0.0060683164975045365,1.9571194996702437,0.013684468036142011,0.007222773142360262,0.010033959165987719,1.0174067042508925
300,48.0,8.0,G,50000,0.950181,0.00021757083269363097,1000000,0.94842,0.000989136023001892,0,0.94842,-2.0041307270587896,-0.006060771690590016,1.9416057422437982,0.013268842229545927,0.0072360172195227584,0.009569474546360904,1.0082322102434371
300,48.0,12.0,emp,50000,0.95004,0.000217862338186296,1000000,0.94652,0.0010061798010296168,0,0.94652,-2.0209669134008323,-0.007499538899625082,1.9519895346927496,0.013648083835509897,0.007760363624399383,0.009974065226924456,1.0170990542579517
300,48.0,12.0,G,50000,0.95004,0.000217862338186296,1000000,0.94808,0.000992212815881754,0,0.94808,-2.0107931891574613,-0.007229255169774894,1.9400125921120572,0.01264909637580831,0.007663469229233132,0.010201913306355996,1.0079391224024632
300,48.0,16.0,emp,50000,0.949943,0.00021806259823958812,1000000,0.94634,0.001007775812370986,0,0.94634,-2.027809261333615,-0.010137580053720206,1.953902105304604,0.013351355580896021,0.007545718341005975,0.009118335697906271,1.0167194156681285
300,48.0,16.0,G,50000,0.949943,0.00021806259823958812,1000000,0.9485,0.0009884103398892586,0,0.9485,-2.0091041754883747,-0.010343689967282932,1.932472048248881,0.01377639791775292,0.0075421210598034544,0.01172236043796595,1.0075504220065499
300,48.0,24.0,emp,50000,0.949783,0.00021839242869431155,1000000,0.94618,0.0010091918311203275,0,0.94618,-2.036455695925865,-0.012525240911087402,1.9438804427315788,0.015269433023217798,0.007515587946510233,0.010548461137631629,1.0158141657804964
300,48.0,24.0,G,50000,0.949783,0.00021839242869431155,1000000,0.94862,0.0009873205720534743,0,0.94862,-2.0176953729173044,-0.012282012622321991,1.9240206462486384,0.014903184775199158,0.007488376618712887,0.010793181767719807,1.0065754330098617
300,48.0,32.0,emp,50000,0.949531,0.00021891066680040968,1000000,0.94646,0.0010067121574710422,0,0.94646,-2.036150034933803,-0.013937451312496307,1.936127862363404,0.015463331189388394,0.006661164401840822,0.011061534204301606,1.0148511179948985
300,48.0,32.0,G,50000,0.949531,0.00021891066680040968,1000000,0.94942,0.0009800169753631817,0,0.94942,-2.015450084257141,-0.014057575056444479,1.9151286016139655,0.01458190084889185,0.006567895365641838,0.0098862671995075,1.0055140634644293
300,48.0,48.0,emp,50000,0.949543,0.00021888602319700538,1000000,0.94706,0.001001372621954485,0,0.94706,-2.0245597536375746,-0.019377588588675047,1.938300752826012,0.013955495571263863,0.006097063101547233,0.012261231766550388,1.0132454469827243
300,48.0,48.0,G,50000,0.949543,0.00021888602319700538,1000000,0.94922,0.000981849190049063,0,0.94922,-2.0092880760875675,-0.019722224250563573,1.914446760210591,0.012760855234883359,0.006003359425116645,0.013157979926516272,1.0037408336630838
300,48.0,64.0,emp,50000,0.949708,0.00021854682504214058,1000000,0.9472,0.0010001215926076187,0,0.9472,-2.02809450775272,-0.017813080064463947,1.940170332205737,0.01493963816587297,0.005709153410119508,0.011740065510420762,1.0122836331193608
300,48.0,64.0,G,50000,0.949708,0.00021854682504214058,1000000,0.94912,0.0009827637111737494,0,0.94912,-2.0097786522692296,-0.017576816674625167,1.9219236465352045,0.012728384129106046,0.005635740636751074,0.0104468265111297,1.0026794598226736
300,48.0,96.0,emp,50000,0.94987,0.000218213159777315,1000000,0.94774,0.000995277774292182,0,0.94774,-2.0160984392775387,-0.010951004782003976,1.942447915010009,0.013390620387011564,0.004863610897549171,0.01216674639557982,1.011572511225529
300,48.0,96.0,G,50000,0.94987,0.000218213159777315,1000000,0.95008,0.0009739403842125038,0,0.95008,-1.9862583820700113,-0.01094880812244647,1.924966279856084,0.01243435291192479,0.004931051605900336,0.011773054608411724,1.0018689080866143
300,48.0,128.0,emp,50000,0.949797,0.0002183635930987581,1000000,0.94728,0.000999405839486642,0,0.94728,-2.0084131229433146,-0.008022135132103633,1.9612545511086752,0.014169351154767463,0.005258077569048968,0.014071621177576099,1.0114518169624
300,48.0,128.0,G,50000,0.949797,0.0002183635930987581,1000000,0.95016,0.0009732006411835126,0,0.95016,-1.9802053707452345,-0.008199870882287633,1.9374255229455843,0.012254635702257708,0.005171711248930138,0.012394488733931966,1.0016935402203682
300,48.0,192.0,emp,50000,0.949771,0.00021841714117486286,1000000,0.94646,0.0010067121574710422,0,0.94646,-2.0086221449505564,-0.006018838518800165,1.9645819463692957,0.014517465075759014,0.005120721682851281,0.013861711917605008,1.0115152813816546
300,48.0,192.0,G,50000,0.949771,0.00021841714117486286,1000000,0.94924,0.000981666159139654,0,0.94924,-1.9802484689171322,-0.0059593799839565385,1.9485350977483762,0.012900016794629612,0.005056251088815538,0.01307832976787083,1.0016913162650962
300,48.0,256.0,emp,50000,0.949716,0.00021853036252200746,1000000,0.94668,0.0010047584545551237,0,0.94668,-2.0071089997118325,-0.005891850546232302,1.964961889246814,0.01494102806683337,0.005485283199244221,0.01360913730858769,1.0116002511213986
300,48.0,256.0,G,50000,0.949716,0.00021853036252200746,1000000,0.94876,0.0009860472848702536,0,0.94876,-1.983718220915834,-0.005741300035743439,1.953294845865822,0.012554037055660125,0.005494056144091848,0.01211588669197555,1.001737548994786
300,48.0,512.0,emp,50000,0.949705,0.00021855299809199594,1000000,0.94622,0.0010088380603446724,0,0.94622,-2.008918059231727,-0.004080438513456602,1.970907735407523,0.0147385311365902,0.005337110588647017,0.012305674709663737,1.0117591185721495
300,48.0,512.0,G,50000,0.949705,0.00021855299809199594,1000000,0.94918,0.00098221512511262,0,0.94918,-1.9851643405135535,-0.00400514029687646,1.9551946837556842,0.013442087125383464,0.005208716210779777,0.012692588210411557,1.0018305291313048
300,48.0,1024.0,emp,50000,0.949625,0.00021871753330494553,1000000,0.94606,0.0010102522100940933,0,0.94606,-2.0096203108881685,-0.0038436143875829757,1.972305988072511,0.01537724239195171,0.005503453150928353,0.010775410288612775,1.011840091143876
300,48.0,1024.0,G,50000,0.949625,0.00021871753330494553,1000000,0.94882,0.0009855009649919172,0,0.94882,-1.982780956140689,-0.0037676927016478063,1.9554981046688567,0.012853583964290313,0.005427013425040942,0.011283895805908484,1.0018756251166543
300,48.0,2048.0,emp,50000,0.949554,0.00021886343021162763,1000000,0.94634,0.001007775812370986,0,0.94634,-2.011412445538681,-0.003150277794022744,1.9707811419942416,0.015477161655373817,0.005596143892002637,0.011595934777973348,1.0118787964429998
300,48.0,2048.0,G,50000,0.949554,0.00021886343021162763,1000000,0.94894,0.000984407196235379,0,0.94894,-1.9833050753621284,-0.0028618445801635007,1.9587566400238414,0.01257497491324674,0.005629735965396522,0.0113079300283101,1.0018958886231168
300,48.0,4096.0,emp,50000,0.949485,0.00021900510216659334,1000000,0.94638,0.0010074214172827577,0,0.94638,-2.009739810983155,-0.0025968395797595573,1.9715738325137346,0.01488925636211399,0.00550962338673149,0.011732779320780108,1.0118975043762872
300,48.0,4096.0,G,50000,0.949485,0.00021900510216659334,1000000,0.949,0.0009838597461020553,0,0.949,-1.9842963092528905,-0.0026717757887850203,1.9595209139449687,0.01248857755316598,0.005590025479557543,0.011076839496364597,1.0019052892958713
300,48.0,8192.0,emp,50000,0.949461,0.00021905435279628662,1000000,0.94636,0.0010075986343777966,0,0.94636,-2.007908162365832,-0.0022786402963274185,1.9702715009519773,0.014340192404134,0.005625849884317148,0.011317500327766876,1.0119066779775077
300,48.0,8192.0,G,50000,0.949461,0.00021905435279628662,1000000,0.94882,0.0009855009649919172,0,0.94882,-1.9855282698249817,-0.0023923513710867664,1.9612391423996538,0.012492228904498795,0.005612608659528771,0.010674605493104478,1.0019097932129404
300,64.0,0.0,emp,50000,0.949935,0.0002180791043979226,1000000,0.94546,0.001015533243178184,0,0.94546,-2.0192233207734764,-0.005045227181203034,1.9726724226337933,0.011336925099096149,0.007602933036070958,0.01030663389292517,1.0180588485073199
300,64.0,0.0,G,50000,0.949935,0.0002180791043979226,1000000,0.94788,0.000994017158805622,0,0.94788,-1.9941505148527405,-0.005168001583556252,1.9570340411532774,0.011920357103745048,0.007594658417198363,0.011995081199469657,1.0087773205652237
300,64.0,0.25,emp,50000,0.949918,0.00021811417486261632,1000000,0.9456,0.0010143040964129052,0,0.9456,-2.0195459035748313,-0.004850769372609147,1.9722066991245057,0.011532102811463532,0.00742111613676235,0.010080121426016745,1.0180543934003112
300,64.0,0.25,G,50000,0.949918,0.00021811417486261632,1000000,0.94784,0.000994377537960306,0,0.94784,-1.9963629848955053,-0.004795621487444611,1.9561722867109657,0.01225208430170798,0.0074676055008529515,0.011800141063399263,1.0087759982735696
300,64.0,0.5,emp,50000,0.949916,0.00021811830034180996,1000000,0.94564,0.0010139525669379211,0,0.94564,-2.0191058505442903,-0.004919891756089093,1.9719449555563406,0.011917096795368027,0.007311774822535202,0.009990706581848788,1.018049615942068
300,64.0,0.5,G,50000,0.949916,0.00021811830034180996,1000000,0.94792,0.0009936566167444367,0,0.94792,-1.99723473885848,-0.004791882188063939,1.9555622334555183,0.012626230063108581,0.0074693481229024415,0.011861993004739385,1.0087743189174836
300,64.0,1.0,emp,50000,0.949946,0.00021805640803241726,1000000,0.94592,0.0010114875540509632,0,0.94592,-2.0218149482003556,-0.005095601459757758,1.9723718657404716,0.012428183471537988,0.007391403361700749,0.009741899276643476,1.018039097099632
300,64.0,1.0,G,50000,0.949946,0.00021805640803241726,1000000,0.9482,0.0009911282459903962,0,0.9482,-1.9956603531823434,-0.005029983821873916,1.9532198525103808,0.012719511582423838,0.007368657505748314,0.011875118939718066,1.0087698896181678
300,64.0,2.0,emp,50000,0.949916,0.00021811830034180996,1000000,0.94596,0.0010111347922013164,0,0.94596,-2.020212481840675,-0.005242491232654743,1.9684881736072581,0.012605452157335684,0.007240308413591516,0.009978178830803524,1.0180142293449717
300,64.0,2.0,G,50000,0.949916,0.00021811830034180996,1000000,0.94828,0.0009904043780194027,0,0.94828,-1.9954799408426664,-0.005394924740922925,1.9537649607486436,0.012732189859450987,0.007167792254276132,0.011639340435431602,1.0087567569359965
300,64.0,3.0,emp,50000,0.949941,0.0002180667249238177,1000000,0.94592,0.0010114875540509632,0,0.94592,-2.0172908176720323,-0.005426833417840702,1.968937250042304,0.012982331109689169,0.007578132567913587,0.009603931524313446,1.017984313238121
300,64.0,3.0,G,50000,0.949941,0.0002180667249238177,1000000,0.94816,0.0009914899333830877,0,0.94816,-1.9925291923621142,-0.005510019296223831,1.950385403196806,0.013527649849123802,0.007447967542572019,0.011122955304357671,1.0087379517096677
300,64.0,4.0,emp,50000,0.949986,0.00021797385119321077,1000000,0.94602,0.0010106053591783493,0,0.94602,-2.0184541249647343,-0.007050274541249544,1.968810844948491,0.012915182431821442,0.007335181534327838,0.009585939341929195,1.0179494330490122
300,64.0,4.0,G,50000,0.949986,0.00021797385119321077,1000000,0.9482,0.0009911282459903962,0,0.9482,-1.992498800669658,-0.006999310368644139,1.9523780896095868,0.013719433538042045,0.007244608964391536,0.011421969406560085,1.0087135213175553
300,64.0,6.0,emp,50000,0.950013,0.0002179181034953269,1000000,0.9462,0.00100901496520121,0,0.9462,-2.016164163010386,-0.006429402644559844,1.966499078445477,0.013022442444775137,0.007207617249319403,0.010345723138764164,1.017865194283598
300,64.0,6.0,G,50000,0.950013,0.0002179181034953269,1000000,0.94846,0.0009887732642016574,0,0.94846,-1.9948013580555253,-0.006192039859671755,1.9495991076725783,0.014183273930051043,0.007187964589522313,0.010447517443304308,1.0086480638289848
300,64.0,8.0,emp,50000,0.950066,0.00021780862160162537,1000000,0.94602,0.0010106053591783493,0,0.94602,-2.0178190608161146,-0.005304773591806264,1.967197928266874,0.013329674492882254,0.007461854208236985,0.011172323595338991,1.0177624821963305
300,64.0,8.0,G,50000,0.950066,0.00021780862160162537,1000000,0.94878,0.0009858652199971358,0,0.94878,-1.9959951603289534,-0.005179306004174578,1.948057287263151,0.01396492831107551,0.007384127344508926,0.010399728708624163,1.0085611149236402
300,64.0,12.0,emp,50000,0.950079,0.00021778175717676628,1000000,0.94646,0.0010067121574710422,0,0.94646,-2.016549550108715,-0.004920142540056035,1.963723713715857,0.013646316291566726,0.0070502583842101205,0.010015617680581828,1.0175065070558607
300,64.0,12.0,G,50000,0.950079,0.00021778175717676628,1000000,0.948,0.0009929350431926555,0,0.948,-2.0009273494109205,-0.004806123462921815,1.9468874181676632,0.01270411716451902,0.007148667942669584,0.00970103973469025,1.008326963712407
300,64.0,16.0,emp,50000,0.949999,0.00021794701190656402,1000000,0.94678,0.0010038688320692104,0,0.94678,-2.0177925505708636,-0.006357836134768306,1.9584482336014815,0.01360062702421343,0.007756834884056677,0.009964760337363873,1.0171927686436553
300,64.0,16.0,G,50000,0.949999,0.00021794701190656402,1000000,0.94804,0.0009925740113462572,0,0.94804,-2.0053355769347903,-0.006303898157195133,1.9472229303561468,0.012652401802347377,0.007653628876691372,0.010305283295550367,1.008021757892498
300,64.0,24.0,emp,50000,0.949937,0.00021807497800297945,1000000,0.94656,0.0010058247004324364,0,0.94656,-2.0163076808825093,-0.008388438957308862,1.9570053538757302,0.014361545996531097,0.007521212695441394,0.009132373355919765,1.016444397738928
300,64.0,24.0,G,50000,0.949937,0.00021807497800297945,1000000,0.9488,0.0009856831133787372,0,0.9488,-1.9994152123922173,-0.008249767547856798,1.9322917553436203,0.014080257927455136,0.007475433330517966,0.011345296258133955,1.0072540648071646
300,64.0,32.0,emp,50000,0.949794,0.0002183697725510561,1000000,0.94626,0.0010084841337373632,0,0.94626,-2.0263157951936117,-0.010764703242205308,1.9519902640381914,0.015208184707969516,0.007577879308710589,0.010766190352927472,1.0156230493811476
300,64.0,32.0,G,50000,0.949794,0.0002183697725510561,1000000,0.94876,0.0009860472848702536,0,0.94876,-2.00848576868683,-0.01063774047676282,1.9333500243803743,0.014765050781092026,0.007504082068274039,0.010757480206695718,1.0063786747485244
300,64.0,48.0,emp,50000,0.949493,0.00021898868224408304,1000000,0.94712,0.0010008367059615672,0,0.94712,-2.0257159122064228,-0.01618064635393205,1.9463052687983395,0.01470749833441263,0.006183991161502134,0.012440433338388193,1.0140923881339123
300,64.0,48.0,G,50000,0.949493,0.00021898868224408304,1000000,0.9493,0.0009811168126171315,0,0.9493,-2.005596503144346,-0.015771216318946256,1.924950792744655,0.014467812508795346,0.0061308525556745975,0.011066266198169859,1.0047085284176742
300,64.0,64.0,emp,50000,0.94961,0.0002187483666224734,1000000,0.9473,0.0009992268010817161,0,0.9473,-2.0137486544423173,-0.01757342662735669,1.946369777637001,0.013874484908492126,0.0060567760027170885,0.012261946733627885,1.012967495935647
300,64.0,64.0,G,50000,0.94961,0.0002187483666224734,1000000,0.9494,0.0009802003876759077,0,0.9494,-2.0002396861816325,-0.017583189157524708,1.9235641579807365,0.012572581714738715,0.005987671686870007,0.013246378622502105,1.00346802637154
300,64.0,96.0,emp,50000,0.949929,0.00021809148300426585,1000000,0.94706,0.001001372621954485,0,0.94706,-2.0197452687481445,-0.013048153871524758,1.9509309279776565,0.014469758270507168,0.005613360431951526,0.011244015534112233,1.0118441191509084
300,64.0,96.0,G,50000,0.949929,0.00021809148300426585,1000000,0.94982,0.0009763397728250141,0,0.94982,-1.9946426344513006,-0.013301082668864095,1.9307403694238146,0.013042528991450069,0.005638838913453495,0.010039327568349594,1.0022129034096092
300,64.0,128.0,emp,50000,0.949839,0.00021827705806840995,1000000,0.94792,0.0009936566167444367,0,0.94792,-2.0116807344375167,-0.009689474892508517,1.9466245816298162,0.013370825983196753,0.004846224484810304,0.012222129764743118,1.0114999229980368
300,64.0,128.0,G,50000,0.949839,0.00021827705806840995,1000000,0.95028,0.0009720897242538879,0,0.95028,-1.9813642939910392,-0.009589454411163875,1.9298757153262573,0.012356708285148045,0.004915933173969366,0.011828798237570014,1.001801187281378
300,64.0,192.0,emp,50000,0.949878,0.00021819666614318378,1000000,0.9471,0.001001015384497161,0,0.9471,-2.0044884452478673,-0.006234017083040109,1.9645749051449743,0.01375278017110577,0.005393647556679053,0.015233113049849182,1.011436504777981
300,64.0,192.0,G,50000,0.949878,0.00021819666614318378,1000000,0.94996,0.0009750487003221939,0,0.94996,-1.9774106766267234,-0.006421837234185065,1.944866465283674,0.012811496523681543,0.005344338044316545,0.013145951814653414,1.001661015335444
300,64.0,256.0,emp,50000,0.949785,0.0002183883096115724,1000000,0.9465,0.0010063572924165652,0,0.9465,-2.007776485191854,-0.005726086759760586,1.9657951968499356,0.014489334952367514,0.005120775029256066,0.013885129657558382,1.0115108171586473
300,64.0,256.0,G,50000,0.949785,0.0002183883096115724,1000000,0.94914,0.0009825808913265107,0,0.94914,-1.9785983069967816,-0.0057768176937488536,1.9499692325616838,0.01290123592947453,0.005059973669996979,0.013096182426879478,1.001689018281184
300,64.0,512.0,emp,50000,0.94974,0.00021848096576132205,1000000,0.9466,0.001005469442598829,0,0.9466,-2.0085214465017924,-0.0036318939274897497,1.9710211966468294,0.014750082818240149,0.00540116369810424,0.012930017560728068,1.0117049389325545
300,64.0,512.0,G,50000,0.94974,0.00021848096576132205,1000000,0.94892,0.000984589595719963,0,0.94892,-1.983852585097256,-0.0036171851583642898,1.9562314187398038,0.013287531646267522,0.005439427456269023,0.012409031063631032,1.001800094061128
300,64.0,1024.0,emp,50000,0.949627,0.00021871342178979324,1000000,0.94584,0.0010121926140809366,0,0.94584,-2.0069898304712708,-0.0034712425217061867,1.972650795394655,0.014995602002055946,0.005256989533702542,0.011653721428056511,1.0118137200280835
300,64.0,1024.0,G,50000,0.949627,0.00021871342178979324,1000000,0.949,0.0009838597461020553,0,0.949,-1.983790417495352,-0.003399187404342195,1.9564471139217758,0.012995529625236485,0.005288978627161947,0.011690286124934921,1.0018616883623281
300,64.0,2048.0,emp,50000,0.949588,0.0002187935791013987,1000000,0.94626,0.0010084841337373632,0,0.94626,-2.0086797278943953,-0.004057339700950615,1.9722291589412333,0.015503801595520453,0.005717169599980329,0.011326098302253318,1.0118660950740335
300,64.0,2048.0,G,50000,0.949588,0.0002187935791013987,1000000,0.94884,0.0009853187748135115,0,0.94884,-1.9820482998349374,-0.004337635490733653,1.95649038293544,0.012738481345176227,0.005710728240199781,0.01165925821745115,1.0018894871145785
300,64.0,4096.0,emp,50000,0.949505,0.00021896404950356567,1000000,0.94634,0.001007775812370986,0,0.94634,-2.010226355851637,-0.00273550556084381,1.9719929689069444,0.015180813142433794,0.005527648086240308,0.01170967232150772,1.0118913037854662
300,64.0,4096.0,G,50000,0.949505,0.00021896404950356567,1000000,0.94894,0.000984407196235379,0,0.94894,-1.9845781233460535,-0.0028210308289264184,1.9594133907277982,0.012377488003765109,0.00552380774657568,0.011222048446146642,1.0019022506814002
300,64.0,8192.0,emp,50000,0.949469,0.00021903793744235264,1000000,0.94638,0.0010074214172827577,0,0.94638,-2.0077284374707314,-0.00226788206421419,1.9702219309351146,0.014536469599512478,0.005612313230108128,0.011426968253680074,1.0119036181839272
300,64.0,8192.0,G,50000,0.949469,0.00021903793744235264,1000000,0.94874,0.0009862293080212124,0,0.94874,-1.9858685406973842,-0.002334311913297699,1.96097638521864,0.012496009923793206,0.0055709233003184665,0.010793349146140494,1.0019083162664002
300,96.0,0.0,emp,50000,0.949884,0.00021818429490685174,1000000,0.94542,0.0010158840839387137,0,0.94542,-2.021095266423827,-0.005045222042312891,1.9736606546712252,0.01133802694595928,0.0076029416773719175,0.010293036692279508,1.0182751361427549
300,96.0,0.0,G,50000,0.949884,0.00021818429490685174,1000000,0.94782,0.000994557666503054,0,0.94782,-1.9947872625854095,-0.005168001594008558,1.9575730764876038,0.011933581428918911,0.007594660339227508,0.012006393469240905,1.0089864452693376
300,96.0,0.25,emp,50000,0.949873,0.00021820697484498526,1000000,0.94552,0.0010150066955444182,0,0.94552,-2.0204844538703464,-0.004715258952580231,1.9732746357137918,0.011410812902125277,0.007515585350634191,0.010121771857158814,1.0182718004776192
300,96.0,0.25,G,50000,0.949873,0.00021820697484498526,1000000,0.94774,0.000995277774292182,0,0.94774,-1.99579190177287,-0.004696439565657589,1.9573463725076823,0.012157988464347406,0.007517396053915308,0.011875462866697013,1.0089851312382467
300,96.0,0.5,emp,50000,0.949866,0.0002182214060169167,1000000,0.94548,0.0010153577655191298,0,0.94548,-2.020291611219007,-0.004851393027054278,1.9731556969193333,0.011704985600645404,0.007361872083509321,0.010073912552310622,1.0182682887478567
300,96.0,0.5,G,50000,0.949866,0.0002182214060169167,1000000,0.9478,0.0009947377543855467,0,0.9478,-1.9964811821779365,-0.004968266534313241,1.9568067273450278,0.012383713019333381,0.007453739156314332,0.011789102857026989,1.0089836261175025
300,96.0,1.0,emp,50000,0.949871,0.000218211098157266,1000000,0.94556,0.0010146554725619927,0,0.94556,-2.019873523548718,-0.004547603279501851,1.9734030067636437,0.012083688393107122,0.007331831188859472,0.009857114181340637,1.018260738115724
300,96.0,1.0,G,50000,0.949871,0.000218211098157266,1000000,0.94798,0.0009931154978148307,0,0.94798,-1.9965454800295919,-0.004495665326391028,1.9559679679714985,0.012656908865764349,0.007448943726028706,0.011960783864604977,1.0089800429409326
300,96.0,2.0,emp,50000,0.9499,0.00021815130070664267,1000000,0.9458,0.0010125449125841285,0,0.9458,-2.021699884606727,-0.0051879948738935925,1.9708940403689565,0.012433458047578401,0.007289671802605849,0.00964245454158576,1.0182435364883782
300,96.0,2.0,G,50000,0.9499,0.00021815130070664267,1000000,0.94826,0.0009905854067166547,0,0.94826,-1.994977131448393,-0.005187872182327432,1.9541225957798773,0.012864937193714473,0.007269434459989617,0.01189857413428198,1.0089705884144138
300,96.0,3.0,emp,50000,0.949865,0.00021822346751667208,1000000,0.94586,0.0010120164069816256,0,0.94586,-2.0198620804733096,-0.005222016724718331,1.969797462019816,0.012588763194555347,0.0072387127136820315,0.009873699398199518,1.0182235532926698
300,96.0,3.0,G,50000,0.949865,0.00021822346751667208,1000000,0.94826,0.0009905854067166547,0,0.94826,-1.9954074073521562,-0.0053052487493390685,1.9550526040180876,0.012724936076097152,0.0071619142006869516,0.01165234336266773,1.0089580929929578
300,96.0,4.0,emp,50000,0.949835,0.00021828530132603983,1000000,0.94582,0.0010123687826083933,0,0.94582,-2.0191557706376098,-0.005448507636479232,1.9694676776033835,0.012812874852470183,0.007464384466348594,0.009781064813555954,1.0182008158202973
300,96.0,4.0,G,50000,0.949835,0.00021828530132603983,1000000,0.94812,0.0009918514566203958,0,0.94812,-1.9928300548479998,-0.005558848788217798,1.952876275113167,0.013245386937715159,0.0073881664565505645,0.01137918313755868,1.0089425735475892
300,96.0,6.0,emp,50000,0.949931,0.00021808735689856032,1000000,0.94598,0.0010109583532470561,0,0.94598,-2.0174168776831656,-0.006735888001784122,1.9706898711594458,0.012872540553574776,0.007345038444327906,0.009526306195283937,1.0181472127396383
300,96.0,6.0,G,50000,0.949931,0.00021808735689856032,1000000,0.94818,0.000991309110217393,0,0.94818,-1.9915679412680956,-0.0066296210904103516,1.9549519795597745,0.01371467410809157,0.007256509634625501,0.011445066877292045,1.0089025574901256
300,96.0,8.0,emp,50000,0.949929,0.00021809148300426585,1000000,0.94618,0.0010091918311203275,0,0.94618,-2.01280219447103,-0.006297647924767598,1.9714963409848745,0.013186932132504455,0.007294620670810712,0.010053792342059668,1.018083045499891
300,96.0,8.0,G,50000,0.949929,0.00021809148300426585,1000000,0.94818,0.000991309110217393,0,0.94818,-1.9922886960697939,-0.006410797961215901,1.953305049619198,0.013839089743960217,0.007250054434339212,0.010899316026732511,1.0088507835155818
300,96.0,12.0,emp,50000,0.950011,0.00021792223355821214,1000000,0.94592,0.0010114875540509632,0,0.94592,-2.0146717666633553,-0.0047052389416844375,1.9706102822762277,0.013386709885755663,0.0074616985717676585,0.011060264425846428,1.0179246551014731
300,96.0,12.0,G,50000,0.950011,0.00021792223355821214,1000000,0.94864,0.0009871387987512188,0,0.94864,-1.9931916839137094,-0.004731822427828497,1.9513805557723494,0.013917689916106918,0.007399312068036695,0.010401205332884677,1.0087133430977273
300,96.0,16.0,emp,50000,0.950055,0.00021783134984432341,1000000,0.94646,0.0010067121574710422,0,0.94646,-2.010375405902413,-0.004864110588862767,1.9679527746870438,0.013672884382233524,0.007280351572010628,0.01048514167055925,1.0177295451749313
300,96.0,16.0,G,50000,0.950055,0.00021783134984432341,1000000,0.94842,0.000989136023001892,0,0.94842,-1.9976305119853368,-0.004503776349507354,1.9514069452870182,0.013345278735725347,0.007322634212506332,0.009767567529084743,1.0085337529560887
300,96.0,24.0,emp,50000,0.950014,0.00021791603842764758,1000000,0.94664,0.0010051140273620697,0,0.94664,-2.010838079404565,-0.005302938348429761,1.9640783321865747,0.013542275583921612,0.007742950240909807,0.009992268870494767,1.0172486008013504
300,96.0,24.0,G,50000,0.950014,0.00021791603842764758,1000000,0.94792,0.0009936566167444367,0,0.94792,-1.9986706278195334,-0.0052832658991137545,1.9533165712240146,0.012648231191983333,0.007640864192465303,0.010367474496337788,1.0080669850724278
300,96.0,32.0,emp,50000,0.949915,0.0002181203630452692,1000000,0.94608,0.001010075577370327,0,0.94608,-2.013468293748473,-0.00738639881585011,1.9688760501101117,0.013365859158962528,0.007580471864114607,0.00907301310177446,1.0166829031597022
300,96.0,32.0,G,50000,0.949915,0.0002181203630452692,1000000,0.94878,0.0009858652199971358,0,0.94878,-1.995400889991666,-0.007104993957473674,1.9466436641112084,0.013549921505163404,0.007511457367092663,0.011822238676831453,1.0074941711111665
300,96.0,48.0,emp,50000,0.949841,0.00021827293629536382,1000000,0.9464,0.0010072441610652302,0,0.9464,-2.0169462623571732,-0.008787592978673164,1.9601566834346889,0.015197744920706076,0.007657252179367993,0.010746079035012497,1.0154646632872921
300,96.0,48.0,G,50000,0.949841,0.00021827293629536382,1000000,0.9486,0.0009875023037947811,0,0.9486,-1.9982341562733172,-0.008771439498260977,1.943278714810349,0.014668813096639819,0.007531752333417898,0.01069029873261667,1.0062148182674575
300,96.0,64.0,emp,50000,0.949635,0.00021869697477331504,1000000,0.94642,0.0010070668657045565,0,0.94642,-2.016764166484619,-0.009663210838002647,1.9567886015082365,0.015395269189554073,0.006780291245236871,0.011391359741707578,1.0143372708810623
300,96.0,64.0,G,50000,0.949635,0.00021869697477331504,1000000,0.94954,0.0009789156082114531,0,0.94954,-1.9972470020087782,-0.009588861021275112,1.9341245250473686,0.014536981164042301,0.006682776723317685,0.01012260240084174,1.0049988766735485
300,96.0,96.0,emp,50000,0.94966,0.0002186455679861818,1000000,0.94744,0.0009979724084362258,0,0.94744,-2.002727408485559,-0.01620441649079075,1.9538016737800319,0.01369351481728795,0.00602685715654359,0.012219766903847408,1.0127445571587534
300,96.0,96.0,G,50000,0.94966,0.0002186455679861818,1000000,0.94966,0.0009778127059923087,0,0.94966,-1.991222750279192,-0.016009624665003823,1.9322037163609773,0.012417879185161053,0.005932629659643829,0.013302989183756875,1.0032497507207025
300,96.0,128.0,emp,50000,0.949796,0.00021836565294020035,1000000,0.94726,0.0009995848378201823,0,0.94726,-2.0130763790267077,-0.01394209962149949,1.9548623818822124,0.01469131263972676,0.005782078731943018,0.011902796520072225,1.0119358574231212
300,96.0,128.0,G,50000,0.949796,0.00021836565294020035,1000000,0.9494,0.0009802003876759077,0,0.9494,-1.9942501174791198,-0.013970808081242219,1.9375887065789708,0.012545756935258843,0.00571340937577019,0.010508233791718564,1.0023436233883318
300,96.0,192.0,emp,50000,0.949827,0.0002183017866876037,1000000,0.94782,0.000994557666503054,0,0.94782,-2.0073843544434706,-0.008884285884684543,1.95075868642516,0.013343619237618277,0.00488384520962541,0.012323448102030694,1.0114359791597836
300,96.0,192.0,G,50000,0.949827,0.0002183017866876037,1000000,0.9503,0.0009719044191688807,0,0.9503,-1.97617757130405,-0.008656761975701378,1.9339736788580848,0.012262253941064078,0.004906658707537074,0.011878312151470788,1.0017420626266613
300,96.0,256.0,emp,50000,0.949793,0.00021837183232047123,1000000,0.94734,0.0009988686039715136,0,0.94734,-2.0029271026669275,-0.006667757139714004,1.9673051222046458,0.01411354230586268,0.005241404239837385,0.014175328768046133,1.0113967756186542
300,96.0,256.0,G,50000,0.949793,0.00021837183232047123,1000000,0.95018,0.0009730155969972935,0,0.95018,-1.9746704428697242,-0.006493204790280434,1.9433950308656667,0.012092244562919744,0.0051829776204799045,0.012459135520833758,1.001645751055783
300,96.0,512.0,emp,50000,0.949726,0.00021850978221580843,1000000,0.94666,0.0010049362606653226,0,0.94666,-2.005793834384044,-0.005451266680964781,1.9667341244029106,0.014966024927268748,0.005488624029859666,0.013579777447413288,1.011597548880955
300,96.0,512.0,G,50000,0.949726,0.00021850978221580843,1000000,0.9488,0.0009856831133787372,0,0.9488,-1.982260610221765,-0.005469984392048837,1.9552026376673373,0.012504149469270675,0.00549567624827967,0.01211887387630051,1.0017377929417468
300,96.0,1024.0,emp,50000,0.949703,0.0002185571133388251,1000000,0.94624,0.0010086611165302252,0,0.94624,-2.008125579519341,-0.0039947633074460635,1.9713886768223592,0.014734031495788908,0.005336058486938767,0.012309497216255681,1.0117593746542157
300,96.0,1024.0,G,50000,0.949703,0.0002185571133388251,1000000,0.9492,0.0009820321786988444,0,0.9492,-1.984806179510241,-0.003949865831788996,1.9556430743799258,0.01343576857406103,0.0052107529375461665,0.0126963513911717,1.001831871930673
300,96.0,2048.0,emp,50000,0.949627,0.00021871342178979324,1000000,0.94606,0.0010102522100940933,0,0.94606,-2.009644763612592,-0.0038282585009986403,1.9725037969807577,0.015379995236857614,0.005503054506302146,0.010777441163799134,1.0118401160211064
300,96.0,2048.0,G,50000,0.949627,0.00021871342178979324,1000000,0.94882,0.0009855009649919172,0,0.94882,-1.9826875352148932,-0.003731787747467647,1.9556034053927425,0.01285127578327044,0.005427658439072656,0.011283437984580398,1.0018760687088588
300,96.0,4096.0,emp,50000,0.94955,0.00021887164617647486,1000000,0.94634,0.001007775812370986,0,0.94634,-2.011385868804709,-0.0031471532054683808,1.9707704046297172,0.015481692769713382,0.005596536396559921,0.011596717409507906,1.0118787413683368
300,96.0,4096.0,G,50000,0.94955,0.00021887164617647486,1000000,0.94894,0.000984407196235379,0,0.94894,-1.9832743316142063,-0.0028617303284545546,1.9588091663897436,0.012574579241161782,0.005629898573930328,0.011308336151572267,1.0018960088728508
300,96.0,8192.0,emp,50000,0.949485,0.00021900510216659334,1000000,0.9464,0.0010072441610652302,0,0.9464,-2.009720746839505,-0.0025961556161898615,1.971570171152379,0.014892189363374313,0.005509639597928032,0.011731356545023025,1.0118974564722407
300,96.0,8192.0,G,50000,0.949485,0.00021900510216659334,1000000,0.949,0.0009838597461020553,0,0.949,-1.9842889989338088,-0.002671059448042383,1.9595270587765634,0.012488492106890457,0.005590020733194672,0.011076919781187364,1.00190532025224
300,128.0,0.0,emp,50000,0.949863,0.00021822759044401327,1000000,0.9453,0.001016935691182092,0,0.9453,-2.0213902769338943,-0.005045219487124804,1.9740791079485436,0.011339710575860121,0.007602945701765054,0.010296132613880246,1.018351870466781
300,128.0,0.0,G,50000,0.949863,0.00021822759044401327,1000000,0.9478,0.0009947377543855467,0,0.9478,-1.995008323569951,-0.005168001597643585,1.9577616767623391,0.011938102430639655,0.007594661010265154,0.012010289007769693,1.009059658020169
300,128.0,0.25,emp,50000,0.949857,0.00021823995864873153,1000000,0.94548,0.0010153577655191298,0,0.94548,-2.0213840806828665,-0.004608641659413089,1.9739404590543945,0.011388445839055353,0.00755967040838941,0.010160758121168468,1.0183492343036236
300,128.0,0.25,G,50000,0.949857,0.00021823995864873153,1000000,0.94778,0.0009949178016298637,0,0.94778,-1.9961355202129187,-0.004607923452187868,1.9575894664540552,0.012099802096151364,0.007526986738129113,0.011908606316360952,1.0090585143019308
300,128.0,0.5,emp,50000,0.949855,0.0002182440811912204,1000000,0.9455,0.0010151822496478155,0,0.9455,-2.0215156139830905,-0.004844698230088554,1.9737258459916283,0.01158916150058557,0.007420645484973476,0.010079839479636053,1.0183464924325405
300,128.0,0.5,G,50000,0.949855,0.0002182440811912204,1000000,0.94772,0.0009954576997542387,0,0.94772,-1.9969583083629798,-0.004776933777854154,1.9571554969892007,0.012262852986252763,0.007465868791440676,0.011818497718687947,1.0090572565347793
300,128.0,1.0,emp,50000,0.94985,0.00021825438712658223,1000000,0.94554,0.0010148311031890967,0,0.94554,-2.0202030271736335,-0.0048575855730036725,1.9745586764353409,0.011908005563481225,0.007309674171626178,0.010038920422775814,1.018340692007301
300,128.0,1.0,G,50000,0.94985,0.00021825438712658223,1000000,0.9478,0.0009947377543855467,0,0.9478,-1.9975270577222264,-0.004718172038418447,1.956562429593966,0.012636488722112552,0.007467192825349746,0.011889676245923624,1.009054399016689
300,128.0,2.0,emp,50000,0.949866,0.0002182214060169167,1000000,0.94578,0.001012721004028257,0,0.94578,-2.021163075110692,-0.004974458373275011,1.9730852004305444,0.012303072177013642,0.007402068049009577,0.009670751542982027,1.018327827932454
300,128.0,2.0,G,50000,0.949866,0.0002182214060169167,1000000,0.9481,0.0009920321567368667,0,0.9481,-1.9957341253050973,-0.004939674057671149,1.9547500129523128,0.012732241031827319,0.007371160611011873,0.01191160505727135,1.009047317624573
300,128.0,3.0,emp,50000,0.949875,0.00021820285143645576,1000000,0.94574,0.001013073071402058,0,0.94574,-2.0208266166193587,-0.004813078206158899,1.970285130160941,0.01239479087518917,0.00718833182547667,0.009511217975490118,1.0183132873405436
300,128.0,3.0,G,50000,0.949875,0.00021820285143645576,1000000,0.94822,0.000990947340679615,0,0.94822,-1.995200414127358,-0.0047583143486162535,1.9548843714951674,0.012979173131289264,0.007156302163845258,0.011776786955676018,1.0090384185780625
300,128.0,4.0,emp,50000,0.949846,0.00021826263144203139,1000000,0.94582,0.0010123687826083933,0,0.94582,-2.019656922022175,-0.005189953868829116,1.970262320103366,0.012620517379323007,0.007239785603076952,0.009835444703896802,1.0182970812340009
300,128.0,4.0,G,50000,0.949846,0.00021826263144203139,1000000,0.94824,0.0009907663942625429,0,0.94824,-1.995284607874981,-0.0051988929761260395,1.9556401434746304,0.012720857335146584,0.007157821664798536,0.011657664690077323,1.009027708602906
300,128.0,6.0,emp,50000,0.949844,0.00021826675345549073,1000000,0.94572,0.001013249047371869,0,0.94572,-2.016174101631326,-0.005010874740594969,1.9720297158384181,0.01289513114649446,0.007554886378674094,0.00954576639286973,1.0182597258299333
300,128.0,6.0,G,50000,0.949844,0.00021826675345549073,1000000,0.94816,0.0009914899333830877,0,0.94816,-1.9916482336235675,-0.004924215923317779,1.9532218596766142,0.013533339242563886,0.007429885487573453,0.011145081211532496,1.00900089262889
300,128.0,8.0,emp,50000,0.949927,0.0002180956090135701,1000000,0.94594,0.0010113111924625376,0,0.94594,-2.0169301562687454,-0.006694635717469262,1.9715391746498114,0.01285007166288082,0.007348700392917908,0.009504377958242178,1.0182158866098505
300,128.0,8.0,G,50000,0.949927,0.0002180956090135701,1000000,0.94814,0.0009916707155099421,0,0.94814,-1.990894194040943,-0.006537968283707134,1.9558202081364473,0.013708864819003264,0.007268583760639324,0.01145936524153689,1.008966962627209
300,128.0,12.0,emp,50000,0.949941,0.0002180667249238177,1000000,0.94628,0.001008307111945562,0,0.94628,-2.0140413511852078,-0.005625648344594632,1.9717145672304714,0.0129155346134644,0.007208917227897684,0.010444902818496263,1.0181093954153368
300,128.0,12.0,G,50000,0.949941,0.0002180667249238177,1000000,0.94836,0.0009896798512650444,0,0.94836,-1.9923579610668354,-0.005509422710561267,1.9542128465602941,0.014112430751093466,0.007180862226327747,0.010512093734935972,1.0088782829590748
300,128.0,16.0,emp,50000,0.950001,0.00021794288242335424,1000000,0.94598,0.0010109583532470561,0,0.94598,-2.0133420883400475,-0.004284662304532515,1.9718215464895872,0.01344367567338386,0.007474423774486864,0.010961508939062992,1.0179791397936089
300,128.0,16.0,G,50000,0.950001,0.00021794288242335424,1000000,0.94864,0.0009871387987512188,0,0.94864,-1.991774476019766,-0.004328139835562742,1.953504294286589,0.013886356996399235,0.007397796227352071,0.01038565152641097,1.0087629977895978
300,128.0,24.0,emp,50000,0.950053,0.00021783548193763102,1000000,0.94648,0.001006534744556789,0,0.94648,-2.0110149643542514,-0.003587266360371001,1.9704616780585003,0.013976899366716308,0.007130320997508953,0.010088428544245735,1.0176552073078495
300,128.0,24.0,G,50000,0.950053,0.00021783548193763102,1000000,0.948,0.0009929350431926555,0,0.948,-1.9930479291526109,-0.0037215897752570642,1.9535430532201137,0.012651753268748575,0.007104029333618876,0.009779628847907017,1.0084599421397376
300,128.0,32.0,emp,50000,0.949976,0.0002179944940222114,1000000,0.94666,0.0010049362606653226,0,0.94666,-2.007532077436214,-0.0044618132817837875,1.96702035850992,0.013446951865989131,0.007700220205429204,0.010005390383029777,1.0172622868721393
300,128.0,32.0,G,50000,0.949976,0.0002179944940222114,1000000,0.9479,0.000993836908149421,0,0.9479,-1.9955249787201068,-0.004549640487226435,1.9567596677555448,0.012639376943482236,0.007628625264288702,0.010417434036444056,1.0080755539924293
300,128.0,48.0,emp,50000,0.949912,0.0002181265510111046,1000000,0.94658,0.0010056470911805992,0,0.94658,-2.0049989868802984,-0.006123435136073068,1.9695028063473738,0.014212502178636705,0.007370091474592995,0.009092247739326913,1.0163510110143577
300,128.0,48.0,G,50000,0.949912,0.0002181265510111046,1000000,0.94914,0.0009825808913265107,0,0.94914,-1.9875690159704962,-0.00595823223392461,1.9437509614768531,0.013920248510789796,0.007307116117231528,0.011555876554622512,1.0071476183536183
300,128.0,64.0,emp,50000,0.949803,0.00021835123354586308,1000000,0.94654,0.0010060022703751712,0,0.94654,-2.011926102640841,-0.007777186618879586,1.964870627213283,0.015241688611825783,0.00768124295118886,0.010709339346033055,1.0153977339355615
300,128.0,64.0,G,50000,0.949803,0.00021835123354586308,1000000,0.9485,0.0009884103398892586,0,0.9485,-1.9943367429453802,-0.007789824222572598,1.9479764153481962,0.014569140266203026,0.007527321461928272,0.010693465430304711,1.0061452131749276
300,128.0,96.0,emp,50000,0.949606,0.00021875658793279814,1000000,0.94706,0.001001372621954485,0,0.94706,-2.0110478949844177,-0.013268331918629167,1.959588852620176,0.0145469152569709,0.0061101240187770075,0.012886701490324396,1.0137532851574824
300,128.0,96.0,G,50000,0.949606,0.00021875658793279814,1000000,0.94942,0.0009800169753631817,0,0.94942,-1.9897261358220533,-0.013238655752468395,1.9380948244671468,0.01452332897585341,0.006085063762169261,0.01110927867828725,1.0043710325818827
300,128.0,128.0,emp,50000,0.949679,0.00021860648883095845,1000000,0.94734,0.0009988686039715136,0,0.94734,-1.9986148569014843,-0.015039455856112731,1.958322309404544,0.013677077843456977,0.0059856297072191245,0.012199677928691548,1.0126537118127392
300,128.0,128.0,G,50000,0.949679,0.00021860648883095845,1000000,0.9496,0.0009783643493096014,0,0.9496,-1.9868023063707332,-0.014780153824024131,1.9359040914394188,0.012391151448996614,0.005905308960001269,0.013319430651627131,1.0031610554273083
300,128.0,192.0,emp,50000,0.949945,0.0002180584714589185,1000000,0.94712,0.0010008367059615672,0,0.94712,-2.0093354516697013,-0.011240907472893504,1.9593795572838064,0.014450097062274611,0.0055797913222562796,0.011298888227057692,1.0116646495981767
300,128.0,192.0,G,50000,0.949945,0.0002180584714589185,1000000,0.94982,0.0009763397728250141,0,0.94982,-1.9840707711274401,-0.011372613172512487,1.9420705478517986,0.012955677322396147,0.0056306153589009665,0.0100014280340666,1.0020419058332197
300,128.0,256.0,emp,50000,0.94983,0.000218295604857267,1000000,0.94774,0.000995277774292182,0,0.94774,-2.005220397280711,-0.00841809029466739,1.9532030312649147,0.013329551032285666,0.004911407942373893,0.01236074406254253,1.0114072479012854
300,128.0,256.0,G,50000,0.94983,0.000218295604857267,1000000,0.95038,0.0009711627628775724,0,0.95038,-1.9740046364619699,-0.0082036281616381,1.9358086152951404,0.012239188527811065,0.004921754743300253,0.01189537276863257,1.0017157227645404
300,128.0,512.0,emp,50000,0.949791,0.00021837595178727888,1000000,0.94668,0.0010047584545551237,0,0.94668,-2.0060146565516797,-0.005097423717439053,1.9682005802420957,0.014425585731430287,0.005137185689242257,0.01388807099952645,1.0114997145654148
300,128.0,512.0,G,50000,0.949791,0.00021837595178727888,1000000,0.94924,0.000981666159139654,0,0.94924,-1.9759563203553847,-0.005246624443898823,1.9520954741009644,0.012898162131583957,0.0050732010992440065,0.013123471150942798,1.0016812620450313
300,128.0,1024.0,emp,50000,0.949738,0.0002184850826852946,1000000,0.94664,0.0010051140273620697,0,0.94664,-2.0078424431276347,-0.0035898980682687216,1.971894249486088,0.014734207421039595,0.005403368137564839,0.012910940751996707,1.0117037324960152
300,128.0,1024.0,G,50000,0.949738,0.0002184850826852946,1000000,0.94892,0.000984589595719963,0,0.94892,-1.9831198383302764,-0.0035589775245345274,1.9570040980613488,0.013274859452364349,0.005439835569401095,0.012411326896811905,1.0018001413266737
300,128.0,2048.0,emp,50000,0.949633,0.00021870108667082578,1000000,0.94584,0.0010121926140809366,0,0.94584,-2.0069240478403043,-0.003404466297994315,1.9726860296016282,0.015001171348410091,0.0052576480637378685,0.011653808796880412,1.0118134470491549
300,128.0,2048.0,G,50000,0.949633,0.00021870108667082578,1000000,0.949,0.0009838597461020553,0,0.949,-1.9836407863475376,-0.003355542695290789,1.9566181443197088,0.012994443072929882,0.0052902243226613035,0.011690810108749354,1.0018618828796517
300,128.0,4096.0,emp,50000,0.949587,0.0002187956339395282,1000000,0.94626,0.0010084841337373632,0,0.94626,-2.0086894961339565,-0.004057283394911231,1.9722000031942788,0.0155028318543784,0.005717005400754115,0.011328137387805715,1.0118659717823517
300,128.0,4096.0,G,50000,0.949587,0.0002187956339395282,1000000,0.94884,0.0009853187748135115,0,0.94884,-1.9820192086426773,-0.004333342590600493,1.9565250378628565,0.01273795118949243,0.005710278910883994,0.01165926632215446,1.001889552016901
300,128.0,8192.0,emp,50000,0.949504,0.00021896610236289997,1000000,0.94634,0.001007775812370986,0,0.94634,-2.010228286322448,-0.0027328983678970385,1.9719912585184884,0.015184839107219175,0.005527616876036331,0.011711049930802799,1.011891239438276
300,128.0,8192.0,G,50000,0.949504,0.00021896610236289997,1000000,0.94894,0.000984407196235379,0,0.94894,-1.9845707919982556,-0.0028171241512600868,1.959422931968801,0.012377370079137638,0.005523661384118628,0.01122218160737813,1.0019022684800316
300,192.0,0.0,emp,50000,0.949852,0.00021825026482458153,1000000,0.9453,0.001016935691182092,0,0.9453,-2.0217998219298976,-0.005045216941057453,1.9741838446014939,0.011361783190929798,0.007602949526094328,0.010291010463550975,1.018407646502571
300,192.0,0.0,G,50000,0.949852,0.00021825026482458153,1000000,0.9478,0.0009947377543855467,0,0.9478,-1.9951653863041796,-0.005168001600229809,1.957896348251574,0.01194128409293781,0.007594661488860709,0.012013043023404595,1.0091119591058766
300,192.0,0.25,emp,50000,0.949846,0.00021826263144203139,1000000,0.94542,0.0010158840839387137,0,0.94542,-2.0216711855609626,-0.00474622628573401,1.9742158938344967,0.011381241626928862,0.007587923302123522,0.010215028544708519,1.0184057999628349
300,192.0,0.25,G,50000,0.949846,0.00021826263144203139,1000000,0.94776,0.0009950978082580622,0,0.94776,-1.9957799666351763,-0.004743174996071587,1.9575470425700063,0.012030698382324189,0.007536666690359314,0.011952971750583392,1.0091110922851176
300,192.0,0.5,emp,50000,0.949834,0.00021828736208035507,1000000,0.94546,0.001015533243178184,0,0.94546,-2.0215261984915265,-0.0047011689862171985,1.9735775239340165,0.01150445791555316,0.007515126308863971,0.010123265631429562,1.018403904233148
300,192.0,0.5,G,50000,0.949834,0.00021828736208035507,1000000,0.94772,0.0009954576997542387,0,0.94772,-1.9960194263798878,-0.004696430570490863,1.957702530879033,0.012163428445699481,0.007516842202673844,0.011882274950195202,1.0091101726152627
300,192.0,1.0,emp,50000,0.949831,0.0002182935441990899,1000000,0.9454,0.0010160594470797462,0,0.9454,-2.0210568131956563,-0.004815928747532177,1.974359305292245,0.01179300331952819,0.007362018677484437,0.010079487287573392,1.0183999653360722
300,192.0,1.0,G,50000,0.949831,0.0002182935441990899,1000000,0.94774,0.000995277774292182,0,0.94774,-1.996650718977795,-0.004900728457887726,1.9572421565325804,0.012383988775209331,0.007452926280342729,0.011798072920731519,1.009108174781664
300,192.0,2.0,emp,50000,0.94983,0.000218295604857267,1000000,0.94556,0.0010146554725619927,0,0.94556,-2.0206248151619906,-0.004539557131910642,1.9752781319035908,0.01203158648525999,0.007331026526491577,0.009912526890778773,1.018391498807034
300,192.0,2.0,G,50000,0.94983,0.000218295604857267,1000000,0.94792,0.0009936566167444367,0,0.94792,-1.9966333504960265,-0.00448646343740393,1.9565167565369073,0.012659276622075808,0.0074490582431996745,0.011978992768026383,1.0091035456065027
300,192.0,3.0,emp,50000,0.949853,0.00021824820363751003,1000000,0.94568,0.0010136008839775155,0,0.94568,-2.0213851213578695,-0.004867928982904925,1.9731344886904294,0.012240282380848476,0.007403342093503368,0.009690676538615928,1.0183822494703254
300,192.0,3.0,G,50000,0.949853,0.00021824820363751003,1000000,0.9481,0.0009920321567368667,0,0.9481,-1.9956491037758806,-0.0048621913083393455,1.955136723000863,0.012734554744425846,0.007370521301514587,0.011920615126080085,1.0090980728900176
300,192.0,4.0,emp,50000,0.949859,0.00021823583601003754,1000000,0.94574,0.001013073071402058,0,0.94574,-2.021264897768484,-0.005101518579754711,1.9719468348856481,0.01232387519860672,0.007289753343556332,0.00955969073832975,1.0183722202926397
300,192.0,4.0,G,50000,0.949859,0.00021823583601003754,1000000,0.9482,0.0009911282459903962,0,0.9482,-1.9947423830309685,-0.005119314147246172,1.9548925384240141,0.012861094442953419,0.007267652672772298,0.011913655043081646,1.0090917583690604
300,192.0,6.0,emp,50000,0.949836,0.00021828324054768837,1000000,0.94576,0.0010128970569608735,0,0.94576,-2.0196215647065068,-0.005188994069909971,1.971083777462072,0.012641230758299215,0.0072391894622830955,0.009796690683893402,1.0183498363192431
300,192.0,6.0,G,50000,0.949836,0.00021828324054768837,1000000,0.9482,0.0009911282459903962,0,0.9482,-1.9951041866865422,-0.0051356170421785995,1.9561889007839124,0.012715766484574644,0.007154159030433009,0.011662077315285548,1.009076612986033
300,192.0,8.0,emp,50000,0.949807,0.0002183429933636526,1000000,0.94568,0.0010136008839775155,0,0.94568,-2.0179769680410176,-0.005377709429624946,1.971530291987371,0.012784914608192172,0.007465897092340437,0.009708822590866834,1.0183243787147975
300,192.0,8.0,G,50000,0.949807,0.0002183429933636526,1000000,0.94818,0.000991309110217393,0,0.94818,-1.9922514402689049,-0.005357732097239518,1.9547201939273144,0.013222769640211967,0.007381843544367004,0.011384193395090168,1.00905813181662
300,192.0,12.0,emp,50000,0.94991,0.00021813067620121652,1000000,0.9459,0.0010116638769868186,0,0.9459,-2.0164234994036656,-0.006541510673022933,1.972265602986505,0.012830699511846127,0.00734721522469254,0.009500546906621055,1.018264401347714
300,192.0,12.0,G,50000,0.94991,0.00021813067620121652,1000000,0.94812,0.0009918514566203958,0,0.94812,-1.990365364488592,-0.006367980838580331,1.956646378054276,0.01370859495030538,0.007279052990815185,0.011472391672987973,1.00901128478549
300,192.0,16.0,emp,50000,0.94992,0.00021811004928705145,1000000,0.94624,0.0010086611165302252,0,0.94624,-2.0109453829788113,-0.0059708360186235074,1.9745797653562371,0.013112236897117172,0.007265093269881317,0.01009092213387723,1.018192665829595
300,192.0,16.0,G,50000,0.94992,0.00021811004928705145,1000000,0.94808,0.000992212815881754,0,0.94808,-1.9903601033227571,-0.005982699405057191,1.9567047576874466,0.013828667036646472,0.007256063836076595,0.010822083797041656,1.0089515271127183
300,192.0,24.0,emp,50000,0.949982,0.00021798210861444573,1000000,0.94602,0.0010106053591783493,0,0.94602,-2.011837690854595,-0.003980382616355919,1.973499857519827,0.013510444611394598,0.007486032859131009,0.010875554946499407,1.0180158779166635
300,192.0,24.0,G,50000,0.949982,0.00021798210861444573,1000000,0.94866,0.0009869569838650524,0,0.94866,-1.9906640094223513,-0.003838269478420581,1.9558665428806628,0.013851700787235497,0.007390185992079598,0.010398078996087887,1.0087950078880168
300,192.0,32.0,emp,50000,0.950004,0.0002179366880174149,1000000,0.94634,0.001007775812370986,0,0.94634,-2.0067407146742626,-0.004040496876499862,1.9713414394106599,0.013643504623550943,0.007307840299803392,0.010587713769971318,1.0177986969925916
300,192.0,32.0,G,50000,0.950004,0.0002179366880174149,1000000,0.94826,0.0009905854067166547,0,0.94826,-1.993694452830696,-0.003990876025757439,1.9549124630097638,0.013409330823308632,0.007288750907914127,0.009849710894463383,1.0085928994710183
300,192.0,48.0,emp,50000,0.950004,0.0002179366880174149,1000000,0.94656,0.0010058247004324364,0,0.94656,-2.0049454618079663,-0.0037341599818135444,1.9694078903142866,0.013392969847276687,0.007692866944426627,0.010033883026431632,1.0172664794734094
300,192.0,48.0,G,50000,0.950004,0.0002179366880174149,1000000,0.94796,0.000993295911599358,0,0.94796,-1.9925456432869157,-0.0038093318925881037,1.9600819487647534,0.01263185288734724,0.00761600997249304,0.010459740460040423,1.0080747563719916
300,192.0,64.0,emp,50000,0.949896,0.00021815954983451914,1000000,0.94614,0.0010095454462281529,0,0.94614,-2.0044615233581053,-0.005303335902047521,1.9757988781623386,0.01336175331048831,0.007568803172644409,0.009009804362374972,1.0166468521696654
300,192.0,64.0,G,50000,0.949896,0.00021815954983451914,1000000,0.94864,0.0009871387987512188,0,0.94864,-1.9887126452767812,-0.00539567371903836,1.9530577378953742,0.013454966279930026,0.007445468962496165,0.011854620310125737,1.0074489387544494
300,192.0,96.0,emp,50000,0.949808,0.00021834093325805862,1000000,0.94664,0.0010051140273620697,0,0.94664,-2.006489639445921,-0.0067537863852741055,1.9703945405315473,0.015271856530075359,0.007664830573750771,0.010692596939204681,1.0153389789476979
300,192.0,96.0,G,50000,0.949808,0.00021834093325805862,1000000,0.94862,0.0009873205720534743,0,0.94862,-1.9890315442877524,-0.006807875631458347,1.9523002948443942,0.014482027661953126,0.007568016669677016,0.010677996698995457,1.0060838191218726
300,192.0,128.0,emp,50000,0.949736,0.0002184891995133855,1000000,0.94664,0.0010051140273620697,0,0.94664,-2.008160854036779,-0.007674298389749899,1.9663090788090567,0.015128423989402385,0.0067268126862685945,0.01156630415557838,1.0141647966061906
300,192.0,128.0,G,50000,0.949736,0.0002184891995133855,1000000,0.94968,0.00097762873934843,0,0.94968,-1.9874475406640886,-0.007495711837870237,1.9448533812984619,0.014539649590129499,0.006646982734507467,0.010326185821187425,1.0048254214672827
300,192.0,192.0,emp,50000,0.949712,0.0002185385939736961,1000000,0.9476,0.000996536401743559,0,0.9476,-1.9940101774415082,-0.013894263475435757,1.9632817157582798,0.013657822197006194,0.0059445402558304175,0.01223011311921865,1.0125766134429688
300,192.0,192.0,G,50000,0.949712,0.0002185385939736961,1000000,0.94972,0.0009772606776085897,0,0.94972,-1.9820395515556406,-0.013900055871876434,1.9400381124759052,0.012338207286273349,0.00588523979472522,0.013261968890563311,1.0030859855327356
300,192.0,256.0,emp,50000,0.949836,0.00021828324054768837,1000000,0.9474,0.0009983310072315692,0,0.9474,-2.0048663263787834,-0.012584463800679289,1.962017533786733,0.014493325358127146,0.005846280434171764,0.011981449092589191,1.0118139504536976
300,192.0,256.0,G,50000,0.949836,0.00021828324054768837,1000000,0.9495,0.0009792829009024919,0,0.9495,-1.9853909649754937,-0.012409846396782297,1.9449577031072878,0.012444351111778466,0.005802989156920335,0.010525817917553245,1.002227173636537
300,192.0,512.0,emp,50000,0.949789,0.0002183800711580615,1000000,0.94746,0.0009977930486829423,0,0.94746,-2.0002763165908366,-0.006017176211183105,1.9705513561479635,0.014102469728804126,0.005243531387257421,0.014203102732400908,1.0113697235238535
300,192.0,512.0,G,50000,0.949789,0.0002183800711580615,1000000,0.95002,0.0009744947367738835,0,0.95002,-1.9715653256867698,-0.006079565753817201,1.9463587998073848,0.012087344786680467,0.005188982849574049,0.012518754713288843,1.0016223872080263
300,192.0,1024.0,emp,50000,0.949728,0.00021850566586704333,1000000,0.94666,0.0010049362606653226,0,0.94666,-2.0051293728790496,-0.005287801056127649,1.9674376336155162,0.014975310981392853,0.005488873393466465,0.013572525340081973,1.0115932200833608
300,192.0,1024.0,G,50000,0.949728,0.00021850566586704333,1000000,0.94874,0.0009862293080212124,0,0.94874,-1.981144560250768,-0.005291605693846414,1.9559269076016987,0.012482047650701641,0.005496024211798418,0.012123063310751395,1.0017349920034175
300,192.0,2048.0,emp,50000,0.949696,0.00021857151594844196,1000000,0.94624,0.0010086611165302252,0,0.94624,-2.00772703131546,-0.003984175717069181,1.9717529680965291,0.014731776352599424,0.005335685027906132,0.012311623604783318,1.011758477394637
300,192.0,2048.0,G,50000,0.949696,0.00021857151594844196,1000000,0.94916,0.0009823980293139842,0,0.94916,-1.9846241542959697,-0.0039327287724916435,1.9558450330223875,0.013432546351062885,0.005212500521019123,0.012698266964028404,1.001831534037611
300,192.0,4096.0,emp,50000,0.949627,0.00021871342178979324,1000000,0.94606,0.0010102522100940933,0,0.94606,-2.0096560644397616,-0.0038175653456969895,1.9726016483770894,0.015381368382998056,0.005502698089053315,0.01077847553869957,1.0118398529211128
300,192.0,4096.0,G,50000,0.949627,0.00021871342178979324,1000000,0.94882,0.0009855009649919172,0,0.94882,-1.982640186011906,-0.0037125604949233763,1.955655276154814,0.012850115425632042,0.0054281797557120095,0.011283581433762093,1.001876019011388
300,192.0,8192.0,emp,50000,0.949551,0.00021886959222103004,1000000,0.94634,0.001007775812370986,0,0.94634,-2.011372425657287,-0.003145590371488619,1.9707648852415018,0.015483959684423843,0.0055967327712691875,0.011596781534504386,1.0118786437349319
300,192.0,8192.0,G,50000,0.949551,0.00021886959222103004,1000000,0.94894,0.000984407196235379,0,0.94894,-1.9832587805621382,-0.002861673200368448,1.9588352165637946,0.012574377874748138,0.005629980060628622,0.011308536710948914,1.00189599990282
300,256.0,0.0,emp,50000,0.949848,0.00021825850933239688,1000000,0.94536,0.0010164100589821021,0,0.94536,-2.021888991605695,-0.005045215671356292,1.9742166746120435,0.011363917473760825,0.007602951362620046,0.010280241903945294,1.0184276714951543
300,256.0,0.0,G,50000,0.949848,0.00021825850933239688,1000000,0.9478,0.0009947377543855467,0,0.9478,-1.9952201278387844,-0.005168001601132274,1.9579434690841586,0.011942384978226103,0.0075946616561821416,0.012013998965274773,1.009130265767953
300,256.0,0.25,emp,50000,0.949845,0.00021826469246078248,1000000,0.9454,0.0010160594470797462,0,0.9454,-2.021418482551472,-0.0047737461367420245,1.974508666661505,0.01137987049371454,0.0075903303414406485,0.010231399650642703,1.0184262532040058
300,256.0,0.25,G,50000,0.949845,0.00021826469246078248,1000000,0.94778,0.0009949178016298637,0,0.94778,-1.9958808691199725,-0.0047511416204307965,1.9578233687002828,0.012001803325745176,0.007545425349424902,0.01197426766237215,1.0091295767248554
300,256.0,0.5,emp,50000,0.949837,0.0002182811797453,1000000,0.94544,0.0010157086826447833,0,0.94544,-2.021768566740584,-0.004602521733684935,1.974441167125116,0.011462295525059287,0.007559433611019595,0.010170915804966065,1.0184248067819184
300,256.0,0.5,G,50000,0.949837,0.0002182811797453,1000000,0.94776,0.0009950978082580622,0,0.94776,-1.9962838787727648,-0.00459574858410015,1.9578020315460178,0.012102732609498412,0.007526999420960639,0.0119125150688023,1.0091288575057342
300,256.0,1.0,emp,50000,0.949838,0.00021827911891887422,1000000,0.94542,0.0010158840839387137,0,0.94542,-2.0216649476838615,-0.0048416815555660225,1.9742909142711311,0.011720726112198552,0.007420405399161616,0.010095422945503843,1.0184218296008583
300,256.0,1.0,G,50000,0.949838,0.00021827911891887422,1000000,0.94772,0.0009954576997542387,0,0.94772,-1.9970736982394852,-0.004767574179851487,1.9574484965914714,0.0122639687340031,0.007465036124353476,0.011823114195544798,1.0091273285628637
300,256.0,2.0,emp,50000,0.949829,0.000218297665491411,1000000,0.94554,0.0010148311031890967,0,0.94554,-2.0211275406397045,-0.004841856932947638,1.975159503884233,0.011889941149742548,0.007309212277194693,0.010066856817770434,1.018415538312322
300,256.0,2.0,G,50000,0.949829,0.000218297665491411,1000000,0.9478,0.0009947377543855467,0,0.9478,-1.997506644562191,-0.004693028920355729,1.95688223538934,0.012633991687468937,0.007466112014754105,0.011899595842636577,1.009123908853213
300,256.0,3.0,emp,50000,0.949832,0.0002182914835168793,1000000,0.94564,0.0010139525669379211,0,0.94564,-2.0214341750422147,-0.004751310562487451,1.9744739844061983,0.012138816652981433,0.007379486572375045,0.00985017238347391,1.0184087986680395
300,256.0,3.0,G,50000,0.949832,0.0002182914835168793,1000000,0.94796,0.000993295911599358,0,0.94796,-1.997466481367366,-0.0047393219710403535,1.9564718276078863,0.012679734160893557,0.0074309912455530775,0.011961130412845317,1.0091200071621833
300,256.0,4.0,emp,50000,0.949849,0.00021825644824151233,1000000,0.94572,0.001013249047371869,0,0.94572,-2.0211573190221883,-0.00484870345714335,1.973326350852989,0.012208864123460145,0.007403569946456347,0.009701341379479343,1.0184016118410348
300,256.0,4.0,G,50000,0.949849,0.00021825644824151233,1000000,0.94812,0.0009918514566203958,0,0.94812,-1.995585560625928,-0.004831181136560994,1.95530665567861,0.012735344530716518,0.00737000770034812,0.011924628812877272,1.0091156241520831
300,256.0,6.0,emp,50000,0.949853,0.00021824820363751003,1000000,0.9457,0.001013424984890347,0,0.9457,-2.0207021888611663,-0.004655285890839881,1.9712633495460266,0.012301495900478927,0.007189816645832759,0.009464645014277384,1.0183859019990076
300,256.0,6.0,G,50000,0.949853,0.00021824820363751003,1000000,0.94822,0.000990947340679615,0,0.94822,-1.9950237658597754,-0.004680538297917125,1.9553853421384633,0.012963650377951826,0.007154700752042742,0.01178474387109564,1.0091054175171748
300,256.0,8.0,emp,50000,0.949829,0.000218297665491411,1000000,0.94576,0.0010128970569608735,0,0.94576,-2.019662992266712,-0.0051737995966014885,1.9717127859069046,0.012647107526698037,0.007239419729939382,0.009779193896261877,1.018368420830212
300,256.0,8.0,G,50000,0.949829,0.000218297665491411,1000000,0.94822,0.000990947340679615,0,0.94822,-1.9949923888393957,-0.005113840612536429,1.9564484353613476,0.012713630225129053,0.007152318242904245,0.011663936950950988,1.0090932970128543
300,256.0,12.0,emp,50000,0.949819,0.00021831827051119662,1000000,0.94566,0.0010137767446533783,0,0.94566,-2.0155853715143968,-0.004814028933971763,1.9730987030917817,0.012806605220752023,0.007539967122528172,0.009563220432980926,1.0183282031260317
300,256.0,12.0,G,50000,0.949819,0.00021831827051119662,1000000,0.94814,0.0009916707155099421,0,0.94814,-1.9910157052497033,-0.004750793739305612,1.9545305612763435,0.013525578550421307,0.007420370782321488,0.011151545550982685,1.0090633575909858
300,256.0,16.0,emp,50000,0.949904,0.0002181430511934772,1000000,0.94588,0.0010118401612903092,0,0.94588,-2.01605427030254,-0.006466823919272576,1.9726675251534425,0.012806143093721568,0.007348589247722184,0.009498544059346307,1.0182810962760107
300,256.0,16.0,G,50000,0.949904,0.0002181430511934772,1000000,0.94812,0.0009918514566203958,0,0.94812,-1.9900818442039647,-0.006337807743104221,1.9570435053278745,0.013707966868939537,0.0072851037412906315,0.011478426595466619,1.0090259137643325
300,256.0,24.0,emp,50000,0.949919,0.00021811211208688075,1000000,0.94626,0.0010084841337373632,0,0.94626,-2.0127452726255752,-0.005374367836311804,1.9743100829941205,0.012877172016065428,0.007224935831546457,0.01045382801871652,1.018166920798987
300,256.0,24.0,G,50000,0.949919,0.00021811211208688075,1000000,0.94836,0.0009896798512650444,0,0.94836,-1.990679026911827,-0.005288852030205053,1.9561741673904505,0.01407732740658633,0.007184368741792911,0.010521412280490753,1.0089291109145082
300,256.0,32.0,emp,50000,0.949976,0.0002179944940222114,1000000,0.94598,0.0010109583532470561,0,0.94598,-2.0110829070403176,-0.0038040844496765283,1.9747304816526263,0.013544755091003408,0.007490301667536949,0.010836175643916778,1.0180275900900957
300,256.0,32.0,G,50000,0.949976,0.0002179944940222114,1000000,0.94872,0.000986411289473108,0,0.94872,-1.9900922652059396,-0.003744444312837492,1.9565553984223398,0.013833670479719123,0.007388021630459025,0.01040243237479242,1.0088043959123036
300,256.0,48.0,emp,50000,0.95007,0.00021780035606031508,1000000,0.94652,0.0010061798010296168,0,0.94652,-2.0080591216328534,-0.0029959085340897727,1.9735635798322448,0.013987377600802788,0.007151759365045807,0.010125865826063602,1.0176821846001087
300,256.0,48.0,G,50000,0.95007,0.00021780035606031508,1000000,0.9481,0.0009920321567368667,0,0.9481,-1.9901404746767222,-0.0031158758041486406,1.9566708879660855,0.012597324837191854,0.007133723360740707,0.00980226322289334,1.0084794567862745
300,256.0,64.0,emp,50000,0.95,0.00021794494717703377,1000000,0.94656,0.0010058247004324364,0,0.94656,-2.0033052880582503,-0.003470509056908868,1.9711428157009174,0.013373854662319828,0.007693535149023998,0.010085644660684135,1.0172650151901008
300,256.0,64.0,G,50000,0.95,0.00021794494717703377,1000000,0.94804,0.0009925740113462572,0,0.94804,-1.9902679806290797,-0.0034854759431530717,1.9619997132091114,0.012627759228924182,0.0076061203264378,0.010482370591584708,1.0080708452453884
300,256.0,96.0,emp,50000,0.949915,0.0002181203630452692,1000000,0.94664,0.0010051140273620697,0,0.94664,-1.998930877892443,-0.004832038297154033,1.9766792667324247,0.014182438438123973,0.007372403757260395,0.009124431918839736,1.0163049551543701
300,256.0,96.0,G,50000,0.949915,0.0002181203630452692,1000000,0.94916,0.0009823980293139842,0,0.94916,-1.982471060220081,-0.004879196554258166,1.9490434369429712,0.013834408700330208,0.007294623087721068,0.011654209179541831,1.0070953751544107
300,256.0,128.0,emp,50000,0.949804,0.0002183491735363338,1000000,0.94664,0.0010051140273620697,0,0.94664,-2.0042300510965694,-0.006459133788210119,1.9728874740300035,0.015299134046123389,0.00766356709483452,0.010696726035552495,1.01531266719242
300,256.0,128.0,G,50000,0.949804,0.0002183491735363338,1000000,0.94862,0.0009873205720534743,0,0.94862,-1.9868428923585415,-0.006516007946325185,1.9541295087704356,0.014425785862082508,0.007565382083873323,0.010670260335339436,1.0060562008330516
300,256.0,192.0,emp,50000,0.94963,0.00021870725433784774,1000000,0.9472,0.0010001215926076187,0,0.9472,-2.0043496634506055,-0.011297279217648976,1.966678753781971,0.014540411504839965,0.0061292076876970115,0.013069426405063544,1.013634794397637
300,256.0,192.0,G,50000,0.94963,0.00021870725433784774,1000000,0.94952,0.0009790992758653228,0,0.94952,-1.9819610421623657,-0.0115463038927173,1.9452996002050842,0.014264182039798725,0.006085887215027032,0.011083243582619149,1.004253051305828
300,256.0,256.0,emp,50000,0.949731,0.00021849949116416726,1000000,0.94768,0.0009958174290501248,0,0.94768,-1.9917762697651047,-0.013628716179347586,1.965863981970852,0.013643233307527185,0.005951189359862764,0.012265557385576492,1.0125432189170702
300,256.0,256.0,G,50000,0.949731,0.00021849949116416726,1000000,0.94974,0.0009770765824642404,0,0.94974,-1.980185507047423,-0.01355232629179125,1.9423693964548085,0.012310454137102243,0.005867334881763974,0.013226374740503487,1.0030535595370387
300,256.0,512.0,emp,50000,0.949814,0.00021832857212009598,1000000,0.94786,0.0009941973687352021,0,0.94786,-2.001246185006824,-0.007619112543728206,1.9569878294483998,0.013309704369374158,0.004934312997292972,0.01239837146841161,1.0113682012712455
300,256.0,512.0,G,50000,0.949814,0.00021832857212009598,1000000,0.95046,0.0009704204078645505,0,0.95046,-1.9706689297710558,-0.007607872689661507,1.9390622898548306,0.012175438774452063,0.004932589587863088,0.011906378132387537,1.001680240387633
300,256.0,1024.0,emp,50000,0.949796,0.00021836565294020035,1000000,0.94662,0.0010052917546662758,0,0.94662,-2.0044165021576252,-0.004781020750448405,1.968968054249087,0.014395702847472474,0.0051468012811334805,0.013894186303218023,1.0114921808818433
300,256.0,1024.0,G,50000,0.949796,0.00021836565294020035,1000000,0.94922,0.000981849190049063,0,0.94922,-1.9748629805493108,-0.004790410224581231,1.9535448652650627,0.012894590049611238,0.005076180312566786,0.01313773478056883,1.0016754451440375
300,256.0,2048.0,emp,50000,0.949745,0.00021847067303187412,1000000,0.9466,0.001005469442598829,0,0.9466,-2.007437561732731,-0.0035467302629732756,1.9722300997462738,0.014724941058365897,0.005404400260143877,0.012901392883952067,1.0117021809961275
300,256.0,2048.0,G,50000,0.949745,0.00021847067303187412,1000000,0.94886,0.0009851365428203338,0,0.94886,-1.9827740833460608,-0.00347609573222418,1.9573842420314922,0.013268443176734182,0.0054402710712418536,0.012412538004764074,1.0017992321946045
300,256.0,4096.0,emp,50000,0.949637,0.0002186928627802015,1000000,0.94586,0.0010120164069816256,0,0.94586,-2.0068832802654497,-0.0033502806099842764,1.9727029845877753,0.015003945631760112,0.005258004829553452,0.011653395143840884,1.011813040056614
300,256.0,4096.0,G,50000,0.949637,0.0002186928627802015,1000000,0.94898,0.000984042271449758,0,0.94898,-1.9835651893764206,-0.003339147231247761,1.9567031081657273,0.012993893273168347,0.005290851185859327,0.011690827718986423,1.0018617136841943
300,256.0,8192.0,emp,50000,0.949589,0.00021879152423940007,1000000,0.94626,0.0010084841337373632,0,0.94626,-2.008722292080838,-0.004057255240750975,1.972185240413108,0.015502348043448116,0.005716923403983011,0.011329159647985039,1.0118658403530871
300,256.0,8192.0,G,50000,0.949589,0.00021879152423940007,1000000,0.94884,0.0009853187748135115,0,0.94884,-1.9820044900888905,-0.004331195314122715,1.9565421748887664,0.012737682309741542,0.005710054567829243,0.011659267225202566,1.0018895156902585
300,512.0,0.0,emp,50000,0.949846,0.00021826263144203139,1000000,0.94542,0.0010158840839387137,0,0.94542,-2.0212569097247206,-0.005045213770873204,1.9746413038998663,0.011375861611224518,0.007602954022155636,0.010251525047575896,1.0184478766478327
300,512.0,0.0,G,50000,0.949846,0.00021826263144203139,1000000,0.94776,0.0009950978082580622,0,0.94776,-1.9952727416030465,-0.00516800160200054,1.9579888948516815,0.011943437285487682,0.007594661817394206,0.01201491471673191,1.009147919294799
300,512.0,0.25,emp,50000,0.949839,0.00021827705806840995,1000000,0.94546,0.001015533243178184,0,0.94546,-2.021394108795545,-0.005000038751337184,1.9742038335982177,0.01138476405088132,0.007589421826026529,0.010226582235356784,1.018447142411892
300,512.0,0.25,G,50000,0.949839,0.00021827705806840995,1000000,0.94778,0.0009949178016298637,0,0.94778,-1.9956252228437883,-0.005059021184033195,1.9579423694455222,0.011964685876822832,0.007563590004961973,0.012002580557579096,1.0091475456386094
300,512.0,0.5,emp,50000,0.949842,0.00021827087537278084,1000000,0.9454,0.0010160594470797462,0,0.9454,-2.021588817638832,-0.004773494667616893,1.9746601253377232,0.011402134759400103,0.007590270909578036,0.010201373863540782,1.018446401019997
300,512.0,0.5,G,50000,0.949842,0.00021827087537278084,1000000,0.94778,0.0009949178016298637,0,0.94778,-1.9959175471601724,-0.004750545959774373,1.9578769532429183,0.012002547950819507,0.007545368208400087,0.011975299998750088,1.009147164320028
300,512.0,1.0,emp,50000,0.949833,0.00021828942281063452,1000000,0.94542,0.0010158840839387137,0,0.94542,-2.0217633807111723,-0.004599475405274882,1.9747253735847798,0.01152744521445231,0.007559293111218406,0.010150985683458524,1.0184448967753545
300,512.0,1.0,G,50000,0.949833,0.00021828942281063452,1000000,0.94776,0.0009950978082580622,0,0.94776,-1.996312758214726,-0.0045841039951262765,1.957864568989779,0.012103105523146519,0.007527005191995404,0.011913469126021656,1.0091463786987735
300,512.0,2.0,emp,50000,0.949836,0.00021828324054768837,1000000,0.94542,0.0010158840839387137,0,0.94542,-2.0215220803648193,-0.004840177906652778,1.9746846621066823,0.01178794347885483,0.0074202837696949065,0.010107124236192474,1.0184418024936415
300,512.0,2.0,G,50000,0.949836,0.00021828324054768837,1000000,0.94772,0.0009954576997542387,0,0.94772,-1.9970862107635317,-0.004762890213599167,1.9575395071832125,0.012263564412063927,0.007464617234784675,0.01182436392730988,1.0091447155434536
300,512.0,3.0,emp,50000,0.949823,0.00021831002879162473,1000000,0.9454,0.0010160594470797462,0,0.9454,-2.020850211449191,-0.004780887741282304,1.9753238122539771,0.011858486075351995,0.007344884691467171,0.010077444670805224,1.0184385939241185
300,512.0,3.0,G,50000,0.949823,0.00021831002879162473,1000000,0.94778,0.0009949178016298637,0,0.94778,-1.997270744197503,-0.004702425868313601,1.957252915162977,0.012442842051260472,0.007449477900248495,0.011826585438357327,1.0091429298877166
300,512.0,4.0,emp,50000,0.949824,0.0002183079683016632,1000000,0.94556,0.0010146554725619927,0,0.94556,-2.0209675362957413,-0.004833950848911311,1.9762032669539256,0.011879487117900989,0.007308996944218662,0.01006873265223027,1.0184352711969011
300,512.0,4.0,G,50000,0.949824,0.0002183079683016632,1000000,0.94778,0.0009949178016298637,0,0.94778,-1.997452957597797,-0.00468186349636702,1.9569982041250056,0.012631295897117933,0.0074659073317536,0.01190351293427626,1.0091410217993944
300,512.0,6.0,emp,50000,0.949821,0.000218314149699464,1000000,0.94562,0.0010141283508511138,0,0.94562,-2.020792714463756,-0.00474825549803453,1.974472826753057,0.01212100191949673,0.007379074777190127,0.009855021059657633,1.0184282838331833
300,512.0,6.0,G,50000,0.949821,0.000218314149699464,1000000,0.94796,0.000993295911599358,0,0.94796,-1.9974143027522338,-0.004711096281451986,1.9566398857967404,0.012678717212448776,0.00743088807030407,0.011966263847768227,1.0091368386410355
300,512.0,8.0,emp,50000,0.949847,0.00021826057039923635,1000000,0.94572,0.001013249047371869,0,0.94572,-2.0212022621176646,-0.004785698524213131,1.9735221611446039,0.012167968090452697,0.007403841160028933,0.009712699195857695,1.018420841616438
300,512.0,8.0,G,50000,0.949847,0.00021826057039923635,1000000,0.94808,0.000992212815881754,0,0.94808,-1.9954636545914806,-0.004768619248304524,1.95552719399178,0.012735931913599405,0.007369322416294957,0.011930025942576179,1.0091321667897275
300,512.0,12.0,emp,50000,0.949858,0.0002182378973414105,1000000,0.94568,0.0010136008839775155,0,0.94568,-2.020625376915643,-0.004612381255140908,1.9719122518894596,0.012265800728033646,0.0071905687073562236,0.00946953742381467,1.018404598166873
300,512.0,12.0,G,50000,0.949858,0.0002182378973414105,1000000,0.94824,0.0009907663942625429,0,0.94824,-1.994754394433566,-0.004599683403100489,1.9555948647993528,0.012955302339951468,0.007153977640680912,0.0117875006099854,1.0091213606057834
300,512.0,16.0,emp,50000,0.949822,0.00021831208925755796,1000000,0.94576,0.0010128970569608735,0,0.94576,-2.0194068180793248,-0.00510278394826211,1.9712379584889332,0.012646920600487142,0.0072394009533802706,0.009742370211510554,1.0183865532959036
300,512.0,16.0,G,50000,0.949822,0.00021831208925755796,1000000,0.94826,0.0009905854067166547,0,0.94826,-1.9947977357435285,-0.005088658878442784,1.9568070744934527,0.01271036225910993,0.0071502324253206895,0.011666521677925371,1.009108611859114
300,512.0,24.0,emp,50000,0.949808,0.00021834093325805862,1000000,0.94558,0.001014479803643227,0,0.94558,-2.015301061917288,-0.0047593531043316414,1.9734776278240478,0.012739677550887724,0.007532192098258365,0.009554552007620416,1.0183451198184914
300,512.0,24.0,G,50000,0.949808,0.00021834093325805862,1000000,0.94812,0.0009918514566203958,0,0.94812,-1.9904328256286543,-0.004740231617280868,1.9551113358770231,0.01352468821806281,0.007417275377432751,0.011154847863432382,1.0090773323520812
300,512.0,32.0,emp,50000,0.949909,0.00021813273876014117,1000000,0.94596,0.0010111347922013164,0,0.94596,-2.015333556032875,-0.006319555158342739,1.973165673535638,0.012771806104728372,0.007353700883297991,0.009492747301053893,1.0182966831463018
300,512.0,32.0,G,50000,0.949909,0.00021813273876014117,1000000,0.9481,0.0009920321567368667,0,0.9481,-1.9896131469095795,-0.006255753997467046,1.9576190406524632,0.013708439688626454,0.007292926589370271,0.011486939350569355,1.0090384416634295
300,512.0,48.0,emp,50000,0.949906,0.00021813892629239738,1000000,0.94628,0.001008307111945562,0,0.94628,-2.0118452574455503,-0.005099470119857952,1.9749008111472386,0.0128738915568247,0.0072294024430311354,0.010428848905032583,1.0181795279943684
300,512.0,48.0,G,50000,0.949906,0.00021813892629239738,1000000,0.94838,0.000989498616471999,0,0.94838,-1.9901078321595769,-0.005110035385233445,1.9571040027021964,0.0140580560727283,0.0071791093325963215,0.010526311411627987,1.0089384509961818
300,512.0,64.0,emp,50000,0.949945,0.0002180584714589185,1000000,0.94602,0.0010106053591783493,0,0.94602,-2.0096571514071604,-0.0035212456032504592,1.975619027052886,0.013602354278933453,0.007504008081667693,0.010767419898583232,1.0180368358084115
300,512.0,64.0,G,50000,0.949945,0.0002180584714589185,1000000,0.94874,0.0009862293080212124,0,0.94874,-1.98921450596021,-0.0035831325563295104,1.9575634708907481,0.0138212174743053,0.007387232605329082,0.010406367061139916,1.008810207030496
300,512.0,96.0,emp,50000,0.950059,0.00021782308536746057,1000000,0.94648,0.001006534744556789,0,0.94648,-2.0061242425463774,-0.0025127980791988,1.9745656153261695,0.013975336385543899,0.007182384547142376,0.010143880044011884,1.01768382371862
300,512.0,96.0,G,50000,0.950059,0.00021782308536746057,1000000,0.9481,0.0009920321567368667,0,0.9481,-1.9886736664576359,-0.0026387029402372073,1.9581805838798059,0.012580102182819236,0.0071602359893187485,0.00980736821659856,1.0084774699606602
300,512.0,128.0,emp,50000,0.950001,0.00021794288242335424,1000000,0.94664,0.0010051140273620697,0,0.94664,-2.0015058027366073,-0.003116867323364113,1.973364922284281,0.013336821366460954,0.007684970600990935,0.010174302084327683,1.017258368290248
300,512.0,128.0,G,50000,0.950001,0.00021794288242335424,1000000,0.94806,0.0009923934340774327,0,0.94806,-1.9883443943438692,-0.00315672360741979,1.9645770494639385,0.012617239874477779,0.007613599472058467,0.010522610221959017,1.008060589071082
300,512.0,192.0,emp,50000,0.94991,0.00021813067620121652,1000000,0.94662,0.0010052917546662758,0,0.94662,-1.9961754782854426,-0.004432260238582286,1.9796280576890135,0.014097312436610313,0.007376377149908707,0.009135256745711917,1.0162820869902582
300,512.0,192.0,G,50000,0.94991,0.00021813067620121652,1000000,0.94918,0.00098221512511262,0,0.94918,-1.9797990248468642,-0.0044082774419543745,1.9519427576908808,0.013809095305756736,0.007292990527984949,0.011692930334365664,1.0070694974658794
300,512.0,256.0,emp,50000,0.949833,0.00021828942281063452,1000000,0.94664,0.0010051140273620697,0,0.94664,-2.0000830336561335,-0.005888123764368425,1.9764295953514175,0.015335110571013898,0.007660610904161436,0.010688760550390749,1.0152770326805989
300,512.0,256.0,G,50000,0.949833,0.00021828942281063452,1000000,0.94864,0.0009871387987512188,0,0.94864,-1.9827642058582802,-0.00593882386771025,1.9573349919874894,0.014342059458202697,0.007560460628765896,0.010698356376991538,1.0060186218750082
300,512.0,512.0,emp,50000,0.949731,0.00021849949116416726,1000000,0.94778,0.0009949178016298637,0,0.94778,-1.9887139351142034,-0.01313647089670467,1.9686808054303604,0.01363720858929757,0.005936790352323203,0.012301663758168026,1.0124995700211012
300,512.0,512.0,G,50000,0.949731,0.00021849949116416726,1000000,0.94956,0.0009787318979168917,0,0.94956,-1.9766571396970996,-0.01305219249628448,1.9460315670846906,0.01225001248373975,0.005849556026964812,0.013198772527541282,1.0030113061853914
300,512.0,1024.0,emp,50000,0.949846,0.00021826263144203139,1000000,0.94788,0.000994017158805622,0,0.94788,-1.9998977506797915,-0.007347684240585144,1.9589386265748416,0.01329955224703611,0.0049384803731412005,0.012424064871087433,1.01135050052838
300,512.0,1024.0,G,50000,0.949846,0.00021826263144203139,1000000,0.9505,0.0009700489678361602,0,0.9505,-1.9692745155471265,-0.007272775435691846,1.940651685310455,0.012153685211827091,0.004927490928529697,0.011918066444807276,1.0016643114670785
300,512.0,2048.0,emp,50000,0.949826,0.00021830384724965348,1000000,0.94664,0.0010051140273620697,0,0.94664,-2.00361180185473,-0.0047293088841723644,1.9693496691443826,0.014388064228978143,0.00514965470800715,0.013897287829933384,1.0114879185598604
300,512.0,2048.0,G,50000,0.949826,0.00021830384724965348,1000000,0.94926,0.0009814830859469765,0,0.94926,-1.9740372743214232,-0.0047117202234657,1.9541112932330704,0.01289046149604323,0.005075385537375844,0.01314481502076011,1.0016720521046671
300,512.0,4096.0,emp,50000,0.949742,0.00021847684874146283,1000000,0.9466,0.001005469442598829,0,0.9466,-2.00723500468762,-0.0035409256701762325,1.9723631102522274,0.014720301898445396,0.0054049211702792265,0.01289679718981886,1.0117011681920598
300,512.0,4096.0,G,50000,0.949742,0.00021847684874146283,1000000,0.94886,0.0009851365428203338,0,0.94886,-1.9825734973665912,-0.0034503385813903164,1.9575732387036664,0.01326509807858407,0.005440377816251178,0.012413158925809124,1.0017985444524156
300,512.0,8192.0,emp,50000,0.949638,0.0002186908067477918,1000000,0.94586,0.0010120164069816256,0,0.94586,-2.0068626804703635,-0.0033452763570592453,1.9727112963870508,0.015005333029740619,0.0052581836673666945,0.011653193479535359,1.0118127689360272
300,512.0,8192.0,G,50000,0.949638,0.0002186908067477918,1000000,0.94898,0.000984042271449758,0,0.94898,-1.9835271952219127,-0.0033234440685823395,1.9567454519133847,0.012993616622283067,0.005291165623471418,0.011690834431080356,1.001861562474267
300,1024.0,0.0,emp,50000,0.949843,0.00021826881442615665,1000000,0.94542,0.0010158840839387137,0,0.94542,-2.0214499398698327,-0.00504521282243148,1.97476740572667,0.011380945791315909,0.007602955308827375,0.01023272017944302,1.0184535536683446
300,1024.0,0.0,G,50000,0.949843,0.00021826881442615665,1000000,0.94776,0.0009950978082580622,0,0.94776,-1.995285852509013,-0.005168001602217132,1.9580002480221352,0.011943698126058782,0.007594661857665471,0.012015142150434466,1.0091523327919232
300,1024.0,0.25,emp,50000,0.949837,0.0002182811797453,1000000,0.94546,0.001015533243178184,0,0.94546,-2.0217072795543585,-0.00508350496939792,1.9747751704416823,0.011385617369866057,0.007595750567373489,0.010221216411163005,1.018453180255655
300,1024.0,0.25,G,50000,0.949837,0.0002182811797453,1000000,0.94776,0.0009950978082580622,0,0.94776,-1.9954609517209043,-0.005106082987383971,1.9579785821093745,0.011954063258089297,0.007579638886749826,0.012009699841651232,1.0091521386834341
300,1024.0,0.5,emp,50000,0.949838,0.00021827911891887422,1000000,0.94544,0.0010157086826447833,0,0.94544,-2.021270149622741,-0.00499997785732289,1.9747102361036397,0.011390472341563693,0.0075894037954422665,0.010209670351456725,1.018452805044186
300,1024.0,0.5,G,50000,0.949838,0.00021827911891887422,1000000,0.94776,0.0009950978082580622,0,0.94776,-1.9956359164660313,-0.005058672418095508,1.957955668308072,0.011964831912906327,0.007563565252652796,0.01200284494804241,1.0091519426501465
300,1024.0,1.0,emp,50000,0.949842,0.00021827087537278084,1000000,0.94542,0.0010158840839387137,0,0.94542,-2.0213290817351486,-0.004773368740563816,1.9744729389428481,0.011432936718306667,0.007590241345536586,0.010188005999896126,1.0184520492257865
300,1024.0,1.0,G,50000,0.949842,0.00021827087537278084,1000000,0.94778,0.0009949178016298637,0,0.94778,-1.9959244935195115,-0.004750545450771972,1.957892385024444,0.012002633322587919,0.007545339475430219,0.01197556061884302,1.0091515448095705
300,1024.0,2.0,emp,50000,0.949832,0.0002182914835168793,1000000,0.9454,0.0010160594470797462,0,0.9454,-2.0216396099369094,-0.004597955617649889,1.9748561222559162,0.011562332200975103,0.007559222343846967,0.010144644890797663,1.0184505160134023
300,1024.0,2.0,G,50000,0.949832,0.0002182914835168793,1000000,0.94776,0.0009950978082580622,0,0.94776,-1.9963159320483215,-0.004578246687381923,1.9578847771357697,0.012103034360602666,0.007527007935264764,0.011913705893469973,1.0091507260353014
300,1024.0,3.0,emp,50000,0.949832,0.0002182914835168793,1000000,0.94542,0.0010158840839387137,0,0.94542,-2.0219761779034062,-0.004633494541792222,1.9747814024564305,0.011688317599603976,0.0074897628799955335,0.010120361123288953,1.0184489540458093
300,1024.0,3.0,G,50000,0.949832,0.0002182914835168793,1000000,0.9477,0.000995637584666228,0,0.9477,-1.9961899248434067,-0.0046519471412260534,1.9577127983430231,0.012188781974992688,0.007503049027756938,0.01187071158900804,1.0091498764760307
300,1024.0,4.0,emp,50000,0.949835,0.00021828530132603983,1000000,0.94544,0.0010157086826447833,0,0.94544,-2.021473575707334,-0.004839427249840803,1.9746379368073068,0.011800674784615871,0.007420222548799366,0.010108937282963967,1.0184473633381737
300,1024.0,4.0,G,50000,0.949835,0.00021828530132603983,1000000,0.94772,0.0009954576997542387,0,0.94772,-1.9970812224177357,-0.004760547159619611,1.9575669685613637,0.012263134548122872,0.007464407129302112,0.011824734274642031,1.009148996139237
300,1024.0,6.0,emp,50000,0.949822,0.00021831208925755796,1000000,0.94538,0.0010162347720876314,0,0.94538,-2.0213333455253,-0.004769917652000598,1.975307522172834,0.011869305633534492,0.00734444445427352,0.010073664840366151,1.018444095766178
300,1024.0,6.0,G,50000,0.949822,0.00021831208925755796,1000000,0.94778,0.0009949178016298637,0,0.94778,-1.9972521713604374,-0.00468205710514243,1.9573041293294318,0.012441837477427602,0.007449313095160517,0.011827565486462913,1.0091471431658194
300,1024.0,8.0,emp,50000,0.949823,0.00021831002879162473,1000000,0.94552,0.0010150066955444182,0,0.94552,-2.0209812945720174,-0.004829987299366515,1.9760425886662565,0.011877558739077084,0.00730894564018558,0.010076074658938509,1.0184407134296987
300,1024.0,8.0,G,50000,0.949823,0.00021831002879162473,1000000,0.94778,0.0009949178016298637,0,0.94778,-1.9974150091177187,-0.004676266137966038,1.9570453474370373,0.012629738937283247,0.007466008903612072,0.011905202246903807,1.0091451671861633
300,1024.0,12.0,emp,50000,0.94982,0.00021831621011734334,1000000,0.94562,0.0010141283508511138,0,0.94562,-2.0209157205691097,-0.0047411083588847144,1.974894852633549,0.012120235082697425,0.007378641405303116,0.009857647944047488,1.0184336050361071
300,1024.0,12.0,G,50000,0.94982,0.00021831621011734334,1000000,0.94794,0.0009934762845684843,0,0.94794,-1.9973771816626888,-0.0047051646862377875,1.9567122501942735,0.01267796671125078,0.007430839337618252,0.011968535509270017,1.009140846537655
300,1024.0,16.0,emp,50000,0.949849,0.00021825644824151233,1000000,0.9457,0.001013424984890347,0,0.9457,-2.0206942767404024,-0.0047550201234963264,1.9735978843908142,0.012151148447782902,0.0074039782708319015,0.009717801197391822,1.0184260393901028
300,1024.0,16.0,G,50000,0.949849,0.00021825644824151233,1000000,0.94808,0.000992212815881754,0,0.94808,-1.9953906376312038,-0.004733850367742424,1.9556240317693427,0.012736015516501878,0.007369013588497206,0.011932786233942626,1.0091360349427163
300,1024.0,24.0,emp,50000,0.949858,0.0002182378973414105,1000000,0.94568,0.0010136008839775155,0,0.94568,-2.0201119996993446,-0.0046024492907261435,1.972017990935996,0.012262125574137587,0.007190683493400056,0.00947203283434055,1.0184095419645285
300,1024.0,24.0,G,50000,0.949858,0.0002182378973414105,1000000,0.94824,0.0009907663942625429,0,0.94824,-1.9946081052547624,-0.004541488426659255,1.9556894606783484,0.012950990941841555,0.007153612152855414,0.01178863255365993,1.0091249426271651
300,1024.0,32.0,emp,50000,0.949822,0.00021831208925755796,1000000,0.9458,0.0010125449125841285,0,0.9458,-2.0192523104774196,-0.005067267214884512,1.9712335550789963,0.01265560339577602,0.007239858479514552,0.009726073410808934,1.018391233773205
300,1024.0,32.0,G,50000,0.949822,0.00021831208925755796,1000000,0.94828,0.0009904043780194027,0,0.94828,-1.9946882889751822,-0.0050760939423921065,1.9569432079298879,0.012708617750189008,0.007149332793781412,0.011667626405880607,1.009111899093995
300,1024.0,48.0,emp,50000,0.949814,0.00021832857212009598,1000000,0.94558,0.001014479803643227,0,0.94558,-2.0151380164115036,-0.004705576656227903,1.973751528327388,0.012699081586746699,0.007528442676893966,0.009546410063235134,1.018349246400433
300,1024.0,48.0,G,50000,0.949814,0.00021832857212009598,1000000,0.94814,0.0009916707155099421,0,0.94814,-1.9900634927770033,-0.0047075412507636884,1.9553895642653216,0.01352481811182828,0.007415588202257671,0.011156345248118257,1.009080005104338
300,1024.0,64.0,emp,50000,0.949906,0.00021813892629239738,1000000,0.94594,0.0010113111924625376,0,0.94594,-2.014624104950138,-0.006287365199639285,1.9733993680912287,0.012759906153803685,0.007355736223551119,0.009493490129079768,1.0183002209619978
300,1024.0,64.0,G,50000,0.949906,0.00021813892629239738,1000000,0.9481,0.0009920321567368667,0,0.9481,-1.9893483271407344,-0.006214853972209414,1.9578976706713496,0.013707793727352471,0.007296913420431893,0.011490763940281626,1.0090404686363148
300,1024.0,96.0,emp,50000,0.949894,0.00021816367425398753,1000000,0.94624,0.0010086611165302252,0,0.94624,-2.0116740636374657,-0.004972111692946708,1.9757491200309367,0.012886908076263099,0.007231226563706018,0.010412288654308778,1.018181791878759
300,1024.0,96.0,G,50000,0.949894,0.00021816367425398753,1000000,0.94836,0.0009896798512650444,0,0.94836,-1.9898484602601225,-0.004979569179580064,1.9575653954158698,0.014048362672054296,0.007175938856191921,0.010529108247813019,1.0089391027456847
300,1024.0,128.0,emp,50000,0.94993,0.0002180894199634635,1000000,0.94602,0.0010106053591783493,0,0.94602,-2.008788447466515,-0.0033660548530236077,1.975866074777924,0.013634147460479834,0.007505023538349096,0.010730677710240354,1.0180377132511074
300,1024.0,128.0,G,50000,0.94993,0.0002180894199634635,1000000,0.94868,0.0009867751273719867,0,0.94868,-1.9887660708394221,-0.0033928660628483147,1.958061169996634,0.013816314741467346,0.007384389424388116,0.01040790138490985,1.0088093909784621
300,1024.0,192.0,emp,50000,0.950067,0.00021780655525259105,1000000,0.94648,0.001006534744556789,0,0.94648,-2.005124871189641,-0.0024278801266392584,1.9750229143829436,0.013962672873640263,0.007198857830090254,0.010164388422624012,1.0176816808468607
300,1024.0,192.0,G,50000,0.950067,0.00021780655525259105,1000000,0.94818,0.000991309110217393,0,0.94818,-1.987937105988595,-0.0025141265464949146,1.9590536886928087,0.012570181566892769,0.0071817292062296145,0.009808466205606587,1.0084735411218793
300,1024.0,256.0,emp,50000,0.949985,0.00021797591558472698,1000000,0.94664,0.0010051140273620697,0,0.94664,-2.0002308641273143,-0.0029144816041937038,1.9740507063025357,0.01331636015262933,0.007688671371912791,0.01022444256377531,1.0172530424325963
300,1024.0,256.0,G,50000,0.949985,0.00021797591558472698,1000000,0.94804,0.0009925740113462572,0,0.94804,-1.9873416262561023,-0.0030280459955430604,1.9654411163984475,0.012616161686562008,0.00761286352547817,0.010533484562039671,1.008053486210081
300,1024.0,512.0,emp,50000,0.949827,0.0002183017866876037,1000000,0.94654,0.0010060022703751712,0,0.94654,-1.9985034944874418,-0.005553389353745461,1.9784969218413029,0.015338261341122011,0.007664204678898559,0.010662277920494605,1.0152609407808222
300,1024.0,512.0,G,50000,0.949827,0.0002183017866876037,1000000,0.94864,0.0009871387987512188,0,0.94864,-1.9811910046864492,-0.005488923741772447,1.9587513107282732,0.014302877310496412,0.007545924451435463,0.010763573564379977,1.006001564359123
300,1024.0,1024.0,emp,50000,0.949732,0.0002184974328819448,1000000,0.94776,0.0009950978082580622,0,0.94776,-1.9871198010493591,-0.012820992009052993,1.9701556253378154,0.013638443502003364,0.0059230640430676575,0.012336064932934512,1.0124806447569354
300,1024.0,1024.0,G,50000,0.949732,0.0002184974328819448,1000000,0.9495,0.0009792829009024919,0,0.9495,-1.97524973124469,-0.012767099264551886,1.9477878227310028,0.012213011023144978,0.00584746381139342,0.013190172779516809,1.0029930528959192
300,1024.0,2048.0,emp,50000,0.949839,0.00021827705806840995,1000000,0.94788,0.000994017158805622,0,0.94788,-1.999111337039799,-0.007215603841146832,1.9598992151780794,0.013294033214344848,0.004938060672856551,0.012440219492449209,1.0113421058106686
300,1024.0,2048.0,G,50000,0.949839,0.00021827705806840995,1000000,0.9506,0.0009691196004621927,0,0.9506,-1.9685769303773026,-0.007250140539431222,1.9413554561702406,0.01214912905750024,0.004927459199609592,0.011924230939213201,1.0016568000801456
300,1024.0,4096.0,emp,50000,0.949827,0.0002183017866876037,1000000,0.94666,0.0010049362606653226,0,0.94666,-2.0034715905818485,-0.004697488122308181,1.9696539804762414,0.014386118406193516,0.005149919475114642,0.013900759570671883,1.0114856635462692
300,1024.0,4096.0,G,50000,0.949827,0.0002183017866876037,1000000,0.94926,0.0009814830859469765,0,0.94926,-1.9736095879432956,-0.004695662036060725,1.9542857210645224,0.012888458268398944,0.0050747491980272065,0.013148003549450313,1.001670234453951
300,1024.0,8192.0,emp,50000,0.949743,0.00021847479019557382,1000000,0.9466,0.001005469442598829,0,0.9466,-2.0071336973276375,-0.0035393199896037305,1.9724294630861672,0.014717984323943565,0.005405129320059606,0.012894515472301702,1.0117006025286983
300,1024.0,8192.0,G,50000,0.949743,0.00021847479019557382,1000000,0.94886,0.0009851365428203338,0,0.94886,-1.982472919347153,-0.0034463369556602397,1.9576674685713713,0.013263422283676243,0.005440388766480135,0.012413473175243463,1.0017981422893265
300,2048.0,0.0,emp,50000,0.949843,0.00021826881442615665,1000000,0.94542,0.0010158840839387137,0,0.94542,-2.021638286300647,-0.005045212348654361,1.9748270662494187,0.011381928985233786,0.007602955941341879,0.010223252123742803,1.0184552856079065
300,2048.0,0.0,G,50000,0.949843,0.00021826881442615665,1000000,0.94776,0.0009950978082580622,0,0.94776,-1.9952891248960498,-0.0051680016022712235,1.9580030858757316,0.011943763060041279,0.007594661867729421,0.012015198818537512,1.0091534361754229
300,2048.0,0.25,emp,50000,0.94984,0.0002182749971939067,1000000,0.94542,0.0010158840839387137,0,0.94542,-2.0216405945825295,-0.005016738482187144,1.9748280985580682,0.011384667950998078,0.007600066093745602,0.01021896162648622,1.018455097324035
300,2048.0,0.25,G,50000,0.94984,0.0002182749971939067,1000000,0.94774,0.000995277774292182,0,0.94774,-1.9953763896017367,-0.005161774694054725,1.9579930662747496,0.011948592214637855,0.00758766768011386,0.012012559009112385,1.0091533373004324
300,2048.0,0.5,emp,50000,0.949836,0.00021828324054768837,1000000,0.94542,0.0010158840839387137,0,0.94542,-2.021631583168697,-0.005083489005596684,1.9748357096971576,0.011387452958317022,0.0075957430677806,0.010213582889014224,1.018454908589595
300,2048.0,0.5,G,50000,0.949836,0.00021828324054768837,1000000,0.94776,0.0009950978082580622,0,0.94776,-1.9954636206947258,-0.005105955625558472,1.9579819062143682,0.011954098104642461,0.007579632700548936,0.01200975591819386,1.009153237943442
300,2048.0,1.0,emp,50000,0.949838,0.00021827911891887422,1000000,0.94544,0.0010157086826447833,0,0.94544,-2.0212024886527535,-0.004999947386532842,1.9748493374816198,0.011392759080898455,0.007589394791252063,0.010203051548497828,1.0184545297691214
300,2048.0,1.0,G,50000,0.949838,0.00021827911891887422,1000000,0.94776,0.0009950978082580622,0,0.94776,-1.995637982024867,-0.0050584977735044345,1.957959488684853,0.011964844015436692,0.007563552839841929,0.012002916315398512,1.0091530377835118
300,2048.0,2.0,emp,50000,0.949842,0.00021827087537278084,1000000,0.94542,0.0010158840839387137,0,0.94542,-2.0211975261524757,-0.004773305728828257,1.9744614841683574,0.011447564379396879,0.007590226601230971,0.010182636025174533,1.0184537667225724
300,2048.0,2.0,G,50000,0.949842,0.00021827087537278084,1000000,0.94778,0.0009949178016298637,0,0.94778,-1.9959251715685362,-0.004750545196220007,1.9578972633927894,0.012002605896662414,0.007545325068017137,0.011975628519392618,1.0091526316802093
300,2048.0,3.0,emp,50000,0.949832,0.0002182914835168793,1000000,0.9454,0.0010160594470797462,0,0.9454,-2.021567005547216,-0.004646394967652648,1.9748980031870265,0.011508020988707434,0.007584072338936844,0.010161573741277834,1.0184529964700508
300,2048.0,3.0,G,50000,0.949832,0.0002182914835168793,1000000,0.94776,0.0009950978082580622,0,0.94776,-1.9961008185981552,-0.004660957226285678,1.9578435545341282,0.012050085002402445,0.007533709208397607,0.011945514399574923,1.009152217866351
300,2048.0,4.0,emp,50000,0.949832,0.0002182914835168793,1000000,0.9454,0.0010160594470797462,0,0.9454,-2.0217406442665293,-0.0045972828260905105,1.9749186539424655,0.011580025902262212,0.007559186829991507,0.010139585206916699,1.0184522190133825
300,2048.0,4.0,G,50000,0.949832,0.0002182914835168793,1000000,0.94776,0.0009950978082580622,0,0.94776,-1.996314710052797,-0.004575309215390508,1.957892100585033,0.01210293629594191,0.007527009271380241,0.01191376544828764,1.0091517963428083
300,2048.0,6.0,emp,50000,0.949832,0.0002182914835168793,1000000,0.94542,0.0010158840839387137,0,0.94542,-2.021958665981275,-0.0046318031083703,1.9748316691866648,0.011704750355691256,0.007489713751695428,0.010118108786703718,1.0184506424950817
300,2048.0,6.0,G,50000,0.949832,0.0002182914835168793,1000000,0.9477,0.000995637584666228,0,0.9477,-1.996186621961455,-0.004650275778117836,1.95772056830048,0.012188580063785641,0.0075029922613121984,0.011870767306606278,1.0091509301703314
300,2048.0,8.0,emp,50000,0.949834,0.00021828736208035507,1000000,0.94542,0.0010158840839387137,0,0.94542,-2.0213957978509076,-0.004839052212792986,1.9746894169372806,0.011806710350726408,0.007420191835637006,0.01010826964760651,1.0184490371829649
300,2048.0,8.0,G,50000,0.949834,0.00021828736208035507,1000000,0.94772,0.0009954576997542387,0,0.94772,-1.997075923638408,-0.004759375361279305,1.9575778533204509,0.012262864280336225,0.007464301908670691,0.011824857087690285,1.0091500331704557
300,2048.0,12.0,emp,50000,0.949822,0.00021831208925755796,1000000,0.94538,0.0010162347720876314,0,0.94538,-2.0212493542301475,-0.004765001967581471,1.9752967825690797,0.011874558273811274,0.007344224157761972,0.010071832240600357,1.0184457402412104
300,2048.0,12.0,G,50000,0.949822,0.00021831208925755796,1000000,0.94778,0.0009949178016298637,0,0.94778,-1.9972402273244096,-0.004675935407940751,1.9573267448629623,0.012441283751850598,0.007449230824527207,0.011827986906563778,1.0091481467220451
300,2048.0,16.0,emp,50000,0.949823,0.00021831002879162473,1000000,0.94552,0.0010150066955444182,0,0.94552,-2.0210812608718136,-0.0048280028893397334,1.9761291520482256,0.011878952769794197,0.007308923985412302,0.010084728868967009,1.0184423283214616
300,2048.0,16.0,G,50000,0.949823,0.00021831002879162473,1000000,0.94778,0.0009949178016298637,0,0.94778,-1.997393228938711,-0.00467346378564075,1.9570662266396186,0.012628910023608612,0.007466060080230525,0.011905978508999234,1.0091461370703043
300,2048.0,24.0,emp,50000,0.949818,0.00021832033088102436,1000000,0.94562,0.0010141283508511138,0,0.94562,-2.0209386470116777,-0.00473754047491688,1.9751499351960617,0.012120222894481478,0.007378420593278453,0.009859017085538404,1.01843516012516
300,2048.0,24.0,G,50000,0.949818,0.00021832033088102436,1000000,0.94792,0.0009936566167444367,0,0.94792,-1.9973557959926296,-0.0047021947962240535,1.9567455384916832,0.01267753137998931,0.007430815687000656,0.01196959784767112,1.0091417484929197
300,2048.0,32.0,emp,50000,0.94985,0.00021825438712658223,1000000,0.94572,0.001013249047371869,0,0.94572,-2.020767537803253,-0.004744373586891115,1.9738496905220941,0.012142720810113491,0.007404047194379803,0.009720456162622865,1.0184275338357116
300,2048.0,32.0,G,50000,0.94985,0.00021825438712658223,1000000,0.94808,0.000992212815881754,0,0.94808,-1.9953510933974763,-0.004716869329089232,1.9556690867665814,0.012736004903891643,0.007368859558274166,0.011934142826728196,1.0091368682006636
300,2048.0,48.0,emp,50000,0.949855,0.0002182440811912204,1000000,0.94568,0.0010136008839775155,0,0.94568,-2.019834022402632,-0.00459748869641953,1.972138146928519,0.01226055323485314,0.007190740390952137,0.00947331502237812,1.0184109126386836
300,2048.0,48.0,G,50000,0.949855,0.0002182440811912204,1000000,0.94826,0.0009905854067166547,0,0.94826,-1.9945320958386086,-0.004527254153114299,1.9557342267508606,0.01294898355254829,0.0071534284290189695,0.011789142309114094,1.009125636240341
300,2048.0,64.0,emp,50000,0.949824,0.0002183079683016632,1000000,0.9458,0.0010125449125841285,0,0.9458,-2.0191409566995424,-0.005049538792939417,1.9713309134011288,0.012658170690710766,0.007240167195704554,0.00971739150282215,1.0183924774295285
300,2048.0,64.0,G,50000,0.949824,0.0002183079683016632,1000000,0.94828,0.0009904043780194027,0,0.94828,-1.9946305377349427,-0.005069817936331733,1.9570084889067312,0.012707683880096332,0.00714887348034283,0.011668129195466306,1.0091124501576076
300,2048.0,96.0,emp,50000,0.949813,0.00021833063236980738,1000000,0.94558,0.001014479803643227,0,0.94558,-2.0151393854120467,-0.004682233676277112,1.9738837923454495,0.012680591538688769,0.007526568383212524,0.009542672155817732,1.01835022662632
300,2048.0,96.0,G,50000,0.949813,0.00021833063236980738,1000000,0.94814,0.0009916707155099421,0,0.94814,-1.989877242233822,-0.004672857176499443,1.955525618967921,0.013524846404227154,0.007414522135457636,0.01115719794868439,1.009080262835745
300,2048.0,128.0,emp,50000,0.949908,0.0002181348012949791,1000000,0.9459,0.0010116638769868186,0,0.9459,-2.014364630695043,-0.0062592850483502195,1.9735866764604717,0.012754414587494827,0.007356558918085359,0.009493168618025936,1.0183009258604598
300,2048.0,128.0,G,50000,0.949908,0.0002181348012949791,1000000,0.94812,0.0009918514566203958,0,0.94812,-1.989212845114298,-0.006188623364658533,1.9580346876331967,0.013707129427727505,0.007298333012652973,0.011492470597651972,1.0090404229087409
300,2048.0,192.0,emp,50000,0.949894,0.00021816367425398753,1000000,0.94624,0.0010086611165302252,0,0.94624,-2.011574368623348,-0.004857065304497735,1.9759597481032576,0.01289600892139639,0.007231599287126826,0.010403801008173261,1.01818191382683
300,2048.0,192.0,G,50000,0.949894,0.00021816367425398753,1000000,0.94832,0.000990042197080508,0,0.94832,-1.9894674774164733,-0.004937333487655328,1.9578411618952516,0.014043463196285914,0.007174079316326939,0.010531160004950586,1.0089384241090444
300,2048.0,256.0,emp,50000,0.949926,0.00021809767198207312,1000000,0.94608,0.001010075577370327,0,0.94608,-2.0087550057049532,-0.0033165425953641937,1.9762634416775229,0.013650321353745507,0.007506172086617384,0.010712446322697858,1.018037215590165
300,2048.0,256.0,G,50000,0.949926,0.00021809767198207312,1000000,0.94868,0.0009867751273719867,0,0.94868,-1.988420829280155,-0.0033273764144665366,1.9585121103068885,0.013813765744397388,0.007384025963449928,0.010408619124639843,1.0088080526362888
300,2048.0,512.0,emp,50000,0.949995,0.00021795527058320928,1000000,0.94668,0.0010047584545551237,0,0.94668,-1.9995282241536692,-0.0028767393468045405,1.974537334584727,0.013306112260515136,0.007693389700230315,0.010249901020521956,1.0172498789945963
300,2048.0,512.0,G,50000,0.949995,0.00021795527058320928,1000000,0.94808,0.000992212815881754,0,0.94808,-1.9867488889791698,-0.002925269889967823,1.965844315298176,0.012615471460861543,0.007614651534092518,0.010535692059181704,1.0080494412134198
300,2048.0,1024.0,emp,50000,0.949854,0.00021824614242638978,1000000,0.94658,0.0010056470911805992,0,0.94658,-1.9977282616136465,-0.00542332174696626,1.979529820305635,0.015340078929969322,0.007666327261158848,0.010652066151680283,1.015253326281074
300,2048.0,1024.0,G,50000,0.949854,0.00021824614242638978,1000000,0.94868,0.0009867751273719867,0,0.94868,-1.980507927827404,-0.005296952359006325,1.9594521114620422,0.014285127323043581,0.007535345014072092,0.010799805261689051,1.0059934686404706
300,2048.0,2048.0,emp,50000,0.949732,0.0002184974328819448,1000000,0.94772,0.0009954576997542387,0,0.94772,-1.9864571761172565,-0.012732732332686996,1.970909953428188,0.013640184521303519,0.005927527339201554,0.01235456301025451,1.0124719069000816
300,2048.0,2048.0,G,50000,0.949732,0.0002184974328819448,1000000,0.94946,0.0009796500232225796,0,0.94946,-1.9745474449988205,-0.01269146957959224,1.9486227739294262,0.012194839266663007,0.005841614230526629,0.013186653810722255,1.0029846445705322
300,2048.0,4096.0,emp,50000,0.949843,0.00021826881442615665,1000000,0.94782,0.000994557666503054,0,0.94782,-1.998756960359783,-0.007190391189514445,1.9603471334784186,0.01329132835594014,0.004937297361484463,0.012448431327023134,1.0113380223684663
300,2048.0,4096.0,G,50000,0.949843,0.00021826881442615665,1000000,0.95058,0.0009693055617296336,0,0.95058,-1.96822804456481,-0.007134355950112133,1.9417073752148253,0.01214699205920159,0.004926295664501808,0.0119267118045618,1.001653157657784
300,2048.0,8192.0,emp,50000,0.949822,0.00021831208925755796,1000000,0.94666,0.0010049362606653226,0,0.94666,-2.0034098438736767,-0.004683758020558575,1.9698375441416742,0.01438513974074159,0.0051499054567976914,0.013903373850871157,1.0114845050786845
300,2048.0,8192.0,G,50000,0.949822,0.00021831208925755796,1000000,0.94926,0.0009814830859469765,0,0.94926,-1.973443837600291,-0.004688397472665305,1.9543728374248177,0.012887462385315056,0.005074266350644107,0.013149226975762698,1.0016692953480353
300,4096.0,0.0,emp,50000,0.949843,0.00021826881442615665,1000000,0.9454,0.0010160594470797462,0,0.9454,-2.021608893484807,-0.005045212111875965,1.9748561856703546,0.011382412883369341,0.007602956254887825,0.01021980933260792,1.01845587491435
300,4096.0,0.0,G,50000,0.949843,0.00021826881442615665,1000000,0.94776,0.0009950978082580622,0,0.94776,-1.9952899423239883,-0.005168001602284738,1.9580037952823748,0.011943779259224923,0.0075946618702449325,0.012015212961628888,1.0091537120221246
300,4096.0,0.25,emp,50000,0.949841,0.00021827293629536382,1000000,0.94542,0.0010158840839387137,0,0.94542,-2.021606840633631,-0.005014398418100094,1.9748567722670074,0.011383781428287968,0.007602106407254859,0.010217786138640012,1.018455780377484
300,4096.0,0.25,G,50000,0.949841,0.00021827293629536382,1000000,0.94776,0.0009950978082580622,0,0.94776,-1.9953335035086581,-0.005177183338990017,1.957999065999749,0.011946155030557846,0.007591244966119784,0.012013948977834324,1.009153662129296
300,4096.0,0.5,emp,50000,0.94984,0.0002182749971939067,1000000,0.94542,0.0010158840839387137,0,0.94542,-2.0216047832727715,-0.005016738466707771,1.974879657846605,0.01138513132900626,0.007600064660478722,0.010215693785871473,1.018455685727889
300,4096.0,0.5,G,50000,0.94984,0.0002182749971939067,1000000,0.94774,0.000995277774292182,0,0.94774,-1.995377056290678,-0.005161769023499798,1.9579938972216684,0.011948600901466615,0.007587665898109594,0.012012572998851853,1.0091536121158893
300,4096.0,1.0,emp,50000,0.949836,0.00021828324054768837,1000000,0.94542,0.0010158840839387137,0,0.94542,-2.021592429413539,-0.00508348102084182,1.9748652665632163,0.011387769812324026,0.007595739318279768,0.010210306838823426,1.0184554960905248
300,4096.0,1.0,G,50000,0.949836,0.00021828324054768837,1000000,0.94776,0.0009950978082580622,0,0.94776,-1.9954641366445593,-0.005105891872982813,1.957982861218816,0.011954099534333807,0.007579629598700986,0.012009769659067004,1.0091535117273478
300,4096.0,2.0,emp,50000,0.949838,0.00021827911891887422,1000000,0.94544,0.0010157086826447833,0,0.94544,-2.0211679037627257,-0.00499993214518675,1.974880946891015,0.011397598295772193,0.007589390291909857,0.010199759091052732,1.0184551154631971
300,4096.0,2.0,G,50000,0.949838,0.00021827911891887422,1000000,0.94776,0.0009950978082580622,0,0.94776,-1.9956381964962444,-0.0050584103856827186,1.9579606918039119,0.011964834995429401,0.007563546624239312,0.01200293696852282,1.0091533095033967
300,4096.0,3.0,emp,50000,0.949841,0.00021827293629536382,1000000,0.94544,0.0010157086826447833,0,0.94544,-2.02084336437492,-0.004915305993227424,1.9748390300237906,0.011426383672207722,0.007589351965559804,0.010189513691962235,1.0184547330325888
300,4096.0,3.0,G,50000,0.949841,0.00021827293629536382,1000000,0.94778,0.0009949178016298637,0,0.94778,-1.9955859681211705,-0.00481331295939249,1.9579341000932593,0.01198260083173512,0.00755334990573712,0.011989346592683487,1.0091531053503737
300,4096.0,4.0,emp,50000,0.949842,0.00021827087537278084,1000000,0.94542,0.0010158840839387137,0,0.94542,-2.0211313304122647,-0.004773274210897404,1.9745714790728432,0.011454862417353174,0.00759021923847507,0.010181235291845907,1.018454348798924
300,4096.0,4.0,G,50000,0.949842,0.00021827087537278084,1000000,0.94778,0.0009949178016298637,0,0.94778,-1.9959248125237168,-0.004750545068931334,1.9578989935332545,0.012002574857841898,0.00754531785403934,0.011975647052400307,1.0091528992683838
300,4096.0,6.0,emp,50000,0.949832,0.0002182914835168793,1000000,0.9454,0.0010160594470797462,0,0.9454,-2.0215262386227644,-0.004645445778039761,1.974927290591595,0.011516268059367726,0.0075840667249246745,0.010159977319756354,1.0184535749233297
300,4096.0,6.0,G,50000,0.949832,0.0002182914835168793,1000000,0.94776,0.0009950978082580622,0,0.94776,-1.9960997408797259,-0.004660909706261391,1.9578457869576953,0.012050037355520123,0.007533695248739354,0.011945534782059123,1.0091524813179342
300,4096.0,8.0,emp,50000,0.949832,0.0002182914835168793,1000000,0.9454,0.0010160594470797462,0,0.9454,-2.0217907021970656,-0.0045970244730397375,1.9749492086353273,0.011588889260033437,0.007559169040421103,0.010137484731971468,1.018452793838248
300,4096.0,8.0,G,50000,0.949832,0.0002182914835168793,1000000,0.94776,0.0009950978082580622,0,0.94776,-1.996313397782719,-0.004573838266698375,1.9578950652226148,0.012102871882262903,0.007527007344291896,0.011913780673551578,1.0091520556529314
300,4096.0,12.0,emp,50000,0.949832,0.0002182914835168793,1000000,0.94542,0.0010158840839387137,0,0.94542,-2.021918253758816,-0.0046309564459632874,1.9748557374997195,0.011713390971710586,0.007489689144506148,0.010116885780471523,1.0184512100471301
300,4096.0,12.0,G,50000,0.949832,0.0002182914835168793,1000000,0.9477,0.000995637584666228,0,0.9477,-1.9961842701460444,-0.004649439194361938,1.9577237824606961,0.012188464577679919,0.007502963857306727,0.01187078104200464,1.0091511811829768
300,4096.0,16.0,emp,50000,0.949835,0.00021828530132603983,1000000,0.94542,0.0010158840839387137,0,0.94542,-2.021356386251162,-0.00483886476703964,1.9747144760559274,0.011809734039228355,0.007420176453231404,0.010107949140703645,1.0184495974409293
300,4096.0,16.0,G,50000,0.949835,0.00021828530132603983,1000000,0.94772,0.0009954576997542387,0,0.94772,-1.9970725739258892,-0.0047587893938164216,1.9575825843667962,0.012262715510292229,0.007464249256042679,0.011824903062992635,1.0091502758662956
300,4096.0,24.0,emp,50000,0.949822,0.00021831208925755796,1000000,0.94538,0.0010162347720876314,0,0.94538,-2.0211927171045985,-0.0047648790950260405,1.9752907618038653,0.011877192658826561,0.0073441139645531615,0.010070930275706606,1.0184462858474665
300,4096.0,24.0,G,50000,0.949822,0.00021831208925755796,1000000,0.94778,0.0009949178016298637,0,0.94778,-1.9972335926804075,-0.004672870685366306,1.9573373093224067,0.012440994330225165,0.007449189722189231,0.01182818037078878,1.0091483727266883
300,4096.0,32.0,emp,50000,0.949822,0.00021831208925755796,1000000,0.94552,0.0010150066955444182,0,0.94552,-2.021063774453472,-0.004827010024462558,1.9761454439588986,0.01187952260059945,0.007308913124978655,0.010088981030368665,1.0184428591917267
300,4096.0,32.0,G,50000,0.949822,0.00021831208925755796,1000000,0.94778,0.0009949178016298637,0,0.94778,-1.997381633632907,-0.004672140765981912,1.9570759953536283,0.012628483185320455,0.007466086883421655,0.011906349404646837,1.009146346307637
300,4096.0,48.0,emp,50000,0.94982,0.00021831621011734334,1000000,0.94562,0.0010141283508511138,0,0.94562,-2.020999286592086,-0.0047357579516312965,1.9752242417478327,0.012120218983077479,0.007378307430827925,0.009859715621939664,1.0184356612727345
300,4096.0,48.0,G,50000,0.94982,0.00021831621011734334,1000000,0.94792,0.0009936566167444367,0,0.94792,-1.9973444209232467,-0.004700708826354977,1.956761461944683,0.012677298747634519,0.007430804040882377,0.011970110677401067,1.009141923970531
300,4096.0,64.0,emp,50000,0.949849,0.00021825644824151233,1000000,0.94572,0.001013249047371869,0,0.94572,-2.0208032744597855,-0.00473904550284057,1.9737968819218437,0.012138510532644115,0.007404081747231078,0.00972180314197547,1.0184280049299708
300,4096.0,64.0,G,50000,0.949849,0.00021825644824151233,1000000,0.94808,0.000992212815881754,0,0.94808,-1.9953305598705697,-0.004711533088934125,1.955690772011083,0.012735986508592558,0.007368782637831614,0.011934796910286781,1.0091370096238996
300,4096.0,96.0,emp,50000,0.949855,0.0002182440811912204,1000000,0.94568,0.0010136008839775155,0,0.94568,-2.019788949700713,-0.004594139922522968,1.9721975463928247,0.012259897761508595,0.007190768716249721,0.00947396482078076,1.0184113226525822
300,4096.0,96.0,G,50000,0.949855,0.0002182440811912204,1000000,0.94826,0.0009905854067166547,0,0.94826,-1.9944933707927421,-0.004522144559341775,1.9557559780130818,0.012947999835614381,0.007153336322514939,0.011789383183360414,1.0091257086977439
300,4096.0,128.0,emp,50000,0.949824,0.0002183079683016632,1000000,0.9458,0.0010125449125841285,0,0.9458,-2.0190838063886622,-0.005040682053037308,1.9713787845440747,0.012658743697211034,0.0072403819362757875,0.009713860581213988,1.0183928250963348
300,4096.0,128.0,G,50000,0.949824,0.0002183079683016632,1000000,0.94828,0.0009904043780194027,0,0.94828,-1.9946009054406306,-0.0050521874181217894,1.9570400604259892,0.012707201496102327,0.007148579453943938,0.011668368182066265,1.009112452552411
300,4096.0,192.0,emp,50000,0.949814,0.00021832857212009598,1000000,0.94558,0.001014479803643227,0,0.94558,-2.0151671382243066,-0.004639966951878967,1.9738689533602167,0.01267162058637997,0.00752568034395888,0.009541013023073381,1.0183504459597128
300,4096.0,192.0,G,50000,0.949814,0.00021832857212009598,1000000,0.94814,0.0009916707155099421,0,0.94814,-1.9897831874526626,-0.004655494079603004,1.9555927076053947,0.013524851549074273,0.007413989090770808,0.011157617745169983,1.0090801220441319
300,4096.0,256.0,emp,50000,0.949905,0.00021814098875497928,1000000,0.9459,0.0010116638769868186,0,0.9459,-2.0142334298970557,-0.006252602600770433,1.973646995161405,0.012751739994578145,0.007357000758913672,0.009492759076366512,1.0183010122965723
300,4096.0,256.0,G,50000,0.949905,0.00021814098875497928,1000000,0.94814,0.0009916707155099421,0,0.94814,-1.989144337166211,-0.006175514548970826,1.9581026198996117,0.013706780003251803,0.007298686543425785,0.01149330766092085,1.0090401352475644
300,4096.0,512.0,emp,50000,0.949927,0.0002180956090135701,1000000,0.94606,0.0010102522100940933,0,0.94606,-2.0087375856204575,-0.0033001099296833844,1.9764879693562594,0.013658418907949235,0.007506672466834123,0.010703360053468298,1.018036732663207
300,4096.0,512.0,G,50000,0.949927,0.0002180956090135701,1000000,0.94868,0.0009867751273719867,0,0.94868,-1.9882362025319424,-0.003303865298666007,1.958748398654799,0.013812472972597658,0.007384114011695494,0.010408965245062959,1.0088071508994743
300,4096.0,1024.0,emp,50000,0.949999,0.00021794701190656402,1000000,0.9467,0.0010045806090105463,0,0.9467,-1.9991772490901156,-0.002816776986080917,1.9747807013118786,0.013300960408872964,0.007695810559918022,0.010262725075587974,1.0172481721628925
300,4096.0,1024.0,G,50000,0.949999,0.00021794701190656402,1000000,0.9481,0.0009920321567368667,0,0.9481,-1.986452667193661,-0.002876501015242998,1.9660456850735146,0.012615159725067318,0.007615961694652486,0.010535630524240936,1.0080472953421258
300,4096.0,2048.0,emp,50000,0.949857,0.00021823995864873153,1000000,0.94656,0.0010058247004324364,0,0.94656,-1.9974496349292123,-0.005332168663733774,1.98004607636321,0.015341106572761488,0.007667704421706419,0.010647112411999605,1.0152496269095475
300,4096.0,2048.0,G,50000,0.949857,0.00021823995864873153,1000000,0.94868,0.0009867751273719867,0,0.94868,-1.980014353936844,-0.005216465544849002,1.959802593687608,0.01427616639704773,0.007531484596998733,0.010817611834175494,1.0059895290488075
300,4096.0,4096.0,emp,50000,0.949731,0.00021849949116416726,1000000,0.94776,0.0009950978082580622,0,0.94776,-1.9861261857810293,-0.012696386174347745,1.9713953290059925,0.013640806400619479,0.005929657430703701,0.012364272979872712,1.0124677191631732
300,4096.0,4096.0,G,50000,0.949731,0.00021849949116416726,1000000,0.94946,0.0009796500232225796,0,0.94946,-1.9741966555476114,-0.012592866983744514,1.9489932939142016,0.012186051503650513,0.0058362290720661405,0.013185115003068511,1.0029806199846163
300,4096.0,8192.0,emp,50000,0.949844,0.00021826675345549073,1000000,0.94784,0.000994377537960306,0,0.94784,-1.9985599382117845,-0.0071579950353577795,1.9605676110272852,0.013289989047146216,0.004936755304328825,0.012452362507033632,1.011336009127049
300,4096.0,8192.0,G,50000,0.949844,0.00021826675345549073,1000000,0.95056,0.0009694914790755,0,0.95056,-1.9680535785120645,-0.007111125261094817,1.9418833430332827,0.01214595889532412,0.004925394408278329,0.011927959574324703,1.0016513647648488
300,8192.0,0.0,emp,50000,0.949843,0.00021826881442615665,1000000,0.94542,0.0010158840839387137,0,0.94542,-2.0215908967013116,-0.005045211993514213,1.974870567620452,0.01138265802400879,0.007602956410982226,0.010218163411033616,1.0184561003992827
300,8192.0,0.0,G,50000,0.949843,0.00021826881442615665,1000000,0.94776,0.0009950978082580622,0,0.94776,-1.995290146597284,-0.005168001602288115,1.958003972626824,0.011943783304744746,0.007594661870873749,0.012015216494400929,1.0091537809838829
300,8192.0,0.25,emp,50000,0.94984,0.0002182749971939067,1000000,0.94542,0.0010158840839387137,0,0.94542,-2.0215898608175267,-0.005048757738983766,1.9748708785317743,0.011383325939915914,0.007602530357735907,0.010217149258077348,1.0184560530320446
300,8192.0,0.25,G,50000,0.94984,0.0002182749971939067,1000000,0.94776,0.0009950978082580622,0,0.94776,-1.9953119094047123,-0.005184889781301827,1.9580016246053609,0.011944955866801764,0.007592952181907061,0.01201458288506156,1.009153755923613
300,8192.0,0.5,emp,50000,0.949841,0.00021827293629536382,1000000,0.94542,0.0010158840839387137,0,0.94542,-2.0215888238063986,-0.005014387262947152,1.974873491296925,0.01138397204611532,0.007602106159314295,0.010216139148571172,1.0184560056366145
300,8192.0,0.5,G,50000,0.949841,0.00021827293629536382,1000000,0.94776,0.0009950978082580622,0,0.94776,-1.9953336701115454,-0.005177181921059811,1.9579992745503405,0.011946157191896706,0.007591244549653276,0.012013952403494108,1.00915373083319
300,8192.0,1.0,emp,50000,0.94984,0.0002182749971939067,1000000,0.94542,0.0010158840839387137,0,0.94542,-2.02158674640214,-0.005016738458972573,1.974906711300038,0.011385274070901378,0.007600063943919188,0.010214064109006151,1.0184559107611806
300,8192.0,1.0,G,50000,0.94984,0.0002182749971939067,1000000,0.94774,0.000995277774292182,0,0.94774,-1.9953771852231492,-0.005161766187636612,1.9579941359612818,0.0119486012572432,0.007587665005852537,0.012012576430354315,1.0091536805618857
300,8192.0,2.0,emp,50000,0.949836,0.00021828324054768837,1000000,0.94542,0.0010158840839387137,0,0.94542,-2.0215727212937686,-0.005083477027750501,1.9748798667401137,0.011387917353501,0.007595737443601115,0.010208673063306004,1.0184557206720297
300,8192.0,2.0,G,50000,0.949836,0.00021828324054768837,1000000,0.94776,0.0009950978082580622,0,0.94776,-1.9954641902361845,-0.00510585997875561,1.957983161984377,0.011954096265929106,0.007579628045587988,0.012009772964656917,1.0091535796574511
300,8192.0,3.0,emp,50000,0.949838,0.00021827911891887422,1000000,0.94542,0.0010158840839387137,0,0.94542,-2.021412664335006,-0.00505537071625186,1.9748879058079085,0.011390612914935223,0.007591870339061257,0.010203357360321779,1.0184555301318576
300,8192.0,3.0,G,50000,0.949838,0.00021827911891887422,1000000,0.94776,0.0009950978082580622,0,0.94776,-1.9955511616319863,-0.005053473606674275,1.9579721555375016,0.011959432975247526,0.007571030470170016,0.012007019682632835,1.0091534782705915
300,8192.0,4.0,emp,50000,0.949838,0.00021827911891887422,1000000,0.94544,0.0010157086826447833,0,0.94544,-2.0211504221318117,-0.004999924523025272,1.9748959090264113,0.011400823629853446,0.00758938804292416,0.010198117124280013,1.018455339140692
300,8192.0,4.0,G,50000,0.949838,0.00021827911891887422,1000000,0.94776,0.0009950978082580622,0,0.94776,-1.995638099406157,-0.005058366675375207,1.9579611166212243,0.01196482673723941,0.007563543514134562,0.012002943559500679,1.00915337640132
300,8192.0,6.0,emp,50000,0.949841,0.00021827293629536382,1000000,0.94544,0.0010157086826447833,0,0.94544,-2.0208946439790636,-0.004915220941920528,1.9749010924173984,0.011429825976247542,0.0075893506056649036,0.010188526250794383,1.018454955805492
300,8192.0,6.0,G,50000,0.949841,0.00021827293629536382,1000000,0.94778,0.0009949178016298637,0,0.94778,-1.9955856512357797,-0.004813158918868857,1.9579346484056583,0.011982587057341587,0.007553347314669201,0.011989354622785298,1.009153171215593
300,8192.0,8.0,emp,50000,0.949842,0.00021827087537278084,1000000,0.94542,0.0010158840839387137,0,0.94542,-2.021098128546759,-0.004773258448914854,1.9745661679438231,0.011458518828073791,0.007590215559442381,0.010180359942395936,1.018454570666654
300,8192.0,8.0,G,50000,0.949842,0.00021827087537278084,1000000,0.94778,0.0009949178016298637,0,0.94778,-1.995924458573639,-0.004750545005283824,1.9578996813854148,0.012002555032179002,0.007545314244477723,0.011975652487751887,1.009152964100376
300,8192.0,12.0,emp,50000,0.949832,0.0002182914835168793,1000000,0.9454,0.0010160594470797462,0,0.9454,-2.021505726163692,-0.004644970861856604,1.974940403569095,0.011520410642059928,0.0075840639152132076,0.010159182086382171,1.0184537949789718
300,8192.0,12.0,G,50000,0.949832,0.0002182914835168793,1000000,0.94776,0.0009950978082580622,0,0.94776,-1.9960990037931199,-0.0046608859417943465,1.9578467262706274,0.012050009394562878,0.007533688267728017,0.011945541130175114,1.0091525440819054
300,8192.0,16.0,emp,50000,0.949833,0.00021828942281063452,1000000,0.9454,0.0010160594470797462,0,0.9454,-2.0218156165163257,-0.004596895313996657,1.9749643081339505,0.011593268089650338,0.007559160137462705,0.010136575423947889,1.018453012079483
300,8192.0,16.0,G,50000,0.949833,0.00021828942281063452,1000000,0.94776,0.0009950978082580622,0,0.94776,-1.9963125664497434,-0.004573102238153216,1.957896373028502,0.012102835859982876,0.007527005574276435,0.011913784667565132,1.0091521163467978
300,8192.0,24.0,emp,50000,0.949833,0.00021828942281063452,1000000,0.94544,0.0010157086826447833,0,0.94544,-2.021897893775195,-0.004630532878016548,1.9748673696454675,0.011717931895229787,0.007489676830133238,0.010115553161343977,1.01845142465261
300,8192.0,24.0,G,50000,0.949833,0.00021828942281063452,1000000,0.9477,0.000995637584666228,0,0.9477,-1.9961829190278264,-0.004649020676628509,1.9577252219597405,0.012188403224208631,0.007502949650089215,0.01187078439602294,1.0091512377304068
300,8192.0,32.0,emp,50000,0.949836,0.00021828324054768837,1000000,0.94542,0.0010158840839387137,0,0.94542,-2.0213365498083364,-0.004838771062346994,1.9747268353893763,0.011811247368227433,0.0074201687555543365,0.010107792215224773,1.0184498084014255
300,8192.0,32.0,G,50000,0.949836,0.00021828324054768837,1000000,0.94772,0.0009954576997542387,0,0.94772,-1.997070724093166,-0.00475849639295488,1.9575847720761683,0.012262637740901272,0.007464222919108109,0.011824922212723011,1.0091503282590282
300,8192.0,48.0,emp,50000,0.949822,0.00021831208925755796,1000000,0.94538,0.0010162347720876314,0,0.94538,-2.021183895308141,-0.004762532963072894,1.9752799562737495,0.011878389041369748,0.007344058856651112,0.010070482877787074,1.0184464894904395
300,8192.0,48.0,G,50000,0.949822,0.00021831208925755796,1000000,0.94778,0.0009949178016298637,0,0.94778,-1.9972301099243126,-0.004671337354088622,1.9573424062957985,0.01244084651719742,0.007449169179265117,0.011828272779570676,1.0091484167854399
300,8192.0,64.0,emp,50000,0.949822,0.00021831208925755796,1000000,0.94552,0.0010150066955444182,0,0.94552,-2.0210905435955953,-0.004826513426926525,1.9761234434674217,0.011879748734409064,0.007308907686522735,0.01009016467351899,1.018443055480653
300,8192.0,64.0,G,50000,0.949822,0.00021831208925755796,1000000,0.94778,0.0009949178016298637,0,0.94778,-1.997375659208213,-0.00467159755580164,1.9570807122670513,0.01262826669906111,0.007466101338966252,0.011906530526443554,1.0091463819999584
300,8192.0,96.0,emp,50000,0.949819,0.00021831827051119662,1000000,0.94562,0.0010141283508511138,0,0.94562,-2.021029435472912,-0.004734867044325851,1.975248020279693,0.012120220632292218,0.00737825093339145,0.009860068386719259,1.0184358427450584
300,8192.0,96.0,G,50000,0.949819,0.00021831827051119662,1000000,0.94792,0.0009936566167444367,0,0.94792,-1.9973385630265217,-0.004699965584984419,1.9567692438444235,0.012677178696469176,0.0074307982626539175,0.011970362511577912,1.0091419428342543
300,8192.0,128.0,emp,50000,0.949849,0.00021825644824151233,1000000,0.94572,0.001013249047371869,0,0.94572,-2.0208209194258266,-0.004736380255580029,1.9737703094983343,0.012136406282654163,0.00740409904630755,0.009722481512875383,1.018428171442816
300,8192.0,128.0,G,50000,0.949849,0.00021825644824151233,1000000,0.94808,0.000992212815881754,0,0.94808,-1.9953201024456177,-0.00470886376087664,1.9557014039106602,0.01273597404057355,0.007368744201122615,0.01193511202162672,1.009137011534089
300,8192.0,192.0,emp,50000,0.949857,0.00021823995864873153,1000000,0.94568,0.0010136008839775155,0,0.94568,-2.019766199174516,-0.004590945163249765,1.9722270764824406,0.01225956599852467,0.007190782848077702,0.00947429190655758,1.0184114588267437
300,8192.0,192.0,G,50000,0.949857,0.00021823995864873153,1000000,0.94826,0.0009905854067166547,0,0.94826,-1.99447382766719,-0.004519588614250369,1.9557666958501252,0.012947505685228598,0.007153290208166248,0.011789500126012615,1.0091256763393166
300,8192.0,256.0,emp,50000,0.949821,0.000218314149699464,1000000,0.9458,0.0010125449125841285,0,0.9458,-2.0190543332309634,-0.005037691279847746,1.9714025185149948,0.012659032849443594,0.007240489851186578,0.00971209956351278,1.0183929303875625
300,8192.0,256.0,G,50000,0.949821,0.000218314149699464,1000000,0.94828,0.0009904043780194027,0,0.94828,-1.9945859001620874,-0.005043061150225474,1.957055672058544,0.012706956436290596,0.007148432728915868,0.011668484571579695,1.0091123854658877
300,8192.0,512.0,emp,50000,0.949903,0.00021814511360789164,1000000,0.9459,0.0010116638769868186,0,0.9459,-2.0141677150953874,-0.006249261576742062,1.973677010821525,0.012750340752570777,0.007357222240114761,0.009492558466012761,1.0183009890101458
300,8192.0,512.0,G,50000,0.949903,0.00021814511360789164,1000000,0.94812,0.0009918514566203958,0,0.94812,-1.9891098915968912,-0.006168961761011426,1.9581364417664948,0.013706600969463223,0.007298856486105382,0.011493722126844848,1.0090399252185398
300,8192.0,1024.0,emp,50000,0.949931,0.00021808735689856032,1000000,0.94606,0.0010102522100940933,0,0.94606,-2.0087287008055563,-0.0032936763765819598,1.9765994191974365,0.013662470340780363,0.007506929453568188,0.010698824284754225,1.0180364326756552
300,8192.0,1024.0,G,50000,0.949931,0.00021808735689856032,1000000,0.94866,0.0009869569838650524,0,0.94866,-1.9881438467295507,-0.003292114419249372,1.9588665244964032,0.013811832494815272,0.00738433011189459,0.01040913512393583,1.008806641891454
300,8192.0,2048.0,emp,50000,0.95,0.00021794494717703377,1000000,0.94668,0.0010047584545551237,0,0.94668,-1.9990018477448313,-0.002789728595321456,1.974902397742111,0.013298770800429025,0.00769702595011725,0.010269160634460988,1.0172472874708756
300,8192.0,2048.0,G,50000,0.95,0.00021794494717703377,1000000,0.9481,0.0009920321567368667,0,0.9481,-1.9863045930795036,-0.0028302793316866293,1.9661463123596084,0.01261501223057621,0.007616732955053896,0.01053560664752401,1.0080461915657264
300,8192.0,4096.0,emp,50000,0.949857,0.00021823995864873153,1000000,0.94654,0.0010060022703751712,0,0.94654,-1.9973195037561498,-0.005273216390525999,1.9802952333215085,0.015341633571337068,0.007667938001052463,0.010644673498606755,1.0152478041954676
300,8192.0,4096.0,G,50000,0.949857,0.00021823995864873153,1000000,0.94868,0.0009867751273719867,0,0.94868,-1.979818515577949,-0.005186567691210649,1.9599778551799956,0.014271331832487046,0.007529819333271309,0.010826331188501735,1.005987586320983
300,8192.0,8192.0,emp,50000,0.949723,0.0002185159565592408,1000000,0.94778,0.0009949178016298637,0,0.94778,-1.9859607710546063,-0.012640947305053923,1.971598205074148,0.013641135816209723,0.005930055385511284,0.01236892724719878,1.0124656705923314
300,8192.0,8192.0,G,50000,0.949723,0.0002185159565592408,1000000,0.9495,0.0009792829009024919,0,0.9495,-1.974021349137271,-0.012586053227653377,1.9491786391239518,0.01218309006096888,0.0058335812155617195,0.013184426156385726,1.002978652585492
